ISO-10303-21;
HEADER;
FILE_DESCRIPTION((''),'2;1');
FILE_NAME('66','2021-09-07T21:25:18',('Administrator'),(''),
'CREO PARAMETRIC BY PTC INC, 2016510','CREO PARAMETRIC BY PTC INC, 2016510','');
FILE_SCHEMA(('CONFIG_CONTROL_DESIGN','GEOMETRIC_VALIDATION_PROPERTIES_MIM'));
ENDSEC;
DATA;
#49=CARTESIAN_POINT('',(0.E0,0.E0,1.3E0));
#50=DIRECTION('',(0.E0,0.E0,-1.E0));
#51=DIRECTION('',(1.E0,0.E0,0.E0));
#52=AXIS2_PLACEMENT_3D('',#49,#50,#51);
#54=CARTESIAN_POINT('',(0.E0,0.E0,1.3E0));
#55=DIRECTION('',(0.E0,0.E0,-1.E0));
#56=DIRECTION('',(-1.E0,0.E0,0.E0));
#57=AXIS2_PLACEMENT_3D('',#54,#55,#56);
#59=CARTESIAN_POINT('',(1.9E0,1.2E0,1.3E0));
#60=DIRECTION('',(0.E0,0.E0,-1.E0));
#61=DIRECTION('',(0.E0,1.E0,0.E0));
#62=AXIS2_PLACEMENT_3D('',#59,#60,#61);
#64=DIRECTION('',(-1.E0,0.E0,0.E0));
#65=VECTOR('',#64,5.725E-1);
#66=CARTESIAN_POINT('',(1.9E0,1.3E0,1.3E0));
#67=LINE('',#66,#65);
#68=DIRECTION('',(0.E0,-1.E0,0.E0));
#69=VECTOR('',#68,1.E-1);
#70=CARTESIAN_POINT('',(1.2775E0,1.35E0,1.3E0));
#71=LINE('',#70,#69);
#72=DIRECTION('',(-1.E0,0.E0,0.E0));
#73=VECTOR('',#72,2.555E0);
#74=CARTESIAN_POINT('',(1.2775E0,1.25E0,1.3E0));
#75=LINE('',#74,#73);
#76=DIRECTION('',(0.E0,1.E0,0.E0));
#77=VECTOR('',#76,1.E-1);
#78=CARTESIAN_POINT('',(-1.2775E0,1.25E0,1.3E0));
#79=LINE('',#78,#77);
#80=DIRECTION('',(-1.E0,0.E0,0.E0));
#81=VECTOR('',#80,5.725E-1);
#82=CARTESIAN_POINT('',(-1.3275E0,1.3E0,1.3E0));
#83=LINE('',#82,#81);
#84=CARTESIAN_POINT('',(-1.9E0,1.2E0,1.3E0));
#85=DIRECTION('',(0.E0,0.E0,-1.E0));
#86=DIRECTION('',(-1.E0,0.E0,0.E0));
#87=AXIS2_PLACEMENT_3D('',#84,#85,#86);
#89=DIRECTION('',(0.E0,-1.E0,0.E0));
#90=VECTOR('',#89,4.247E-1);
#91=CARTESIAN_POINT('',(-2.E0,1.2E0,1.3E0));
#92=LINE('',#91,#90);
#93=DIRECTION('',(1.E0,0.E0,0.E0));
#94=VECTOR('',#93,1.446E-1);
#95=CARTESIAN_POINT('',(-2.E0,7.753E-1,1.3E0));
#96=LINE('',#95,#94);
#97=DIRECTION('',(0.E0,1.E0,0.E0));
#98=VECTOR('',#97,1.153E-1);
#99=CARTESIAN_POINT('',(-1.7254E0,5.3E-1,1.3E0));
#100=LINE('',#99,#98);
#101=DIRECTION('',(1.E0,0.E0,0.E0));
#102=VECTOR('',#101,4.517728549856E-2);
#103=CARTESIAN_POINT('',(-1.8554E0,4.E-1,1.3E0));
#104=LINE('',#103,#102);
#105=DIRECTION('',(0.E0,-1.E0,0.E0));
#106=VECTOR('',#105,8.E-1);
#107=CARTESIAN_POINT('',(-1.810222714501E0,4.E-1,1.3E0));
#108=LINE('',#107,#106);
#109=DIRECTION('',(1.E0,0.E0,0.E0));
#110=VECTOR('',#109,4.517728549856E-2);
#111=CARTESIAN_POINT('',(-1.8554E0,-4.E-1,1.3E0));
#112=LINE('',#111,#110);
#113=DIRECTION('',(0.E0,1.E0,0.E0));
#114=VECTOR('',#113,1.153E-1);
#115=CARTESIAN_POINT('',(-1.7254E0,-6.453E-1,1.3E0));
#116=LINE('',#115,#114);
#117=DIRECTION('',(1.E0,0.E0,0.E0));
#118=VECTOR('',#117,1.446E-1);
#119=CARTESIAN_POINT('',(-2.E0,-7.753E-1,1.3E0));
#120=LINE('',#119,#118);
#121=DIRECTION('',(0.E0,-1.E0,0.E0));
#122=VECTOR('',#121,4.247E-1);
#123=CARTESIAN_POINT('',(-2.E0,-7.753E-1,1.3E0));
#124=LINE('',#123,#122);
#125=CARTESIAN_POINT('',(-1.9E0,-1.2E0,1.3E0));
#126=DIRECTION('',(0.E0,0.E0,-1.E0));
#127=DIRECTION('',(0.E0,-1.E0,0.E0));
#128=AXIS2_PLACEMENT_3D('',#125,#126,#127);
#130=DIRECTION('',(1.E0,0.E0,0.E0));
#131=VECTOR('',#130,5.725E-1);
#132=CARTESIAN_POINT('',(-1.9E0,-1.3E0,1.3E0));
#133=LINE('',#132,#131);
#134=DIRECTION('',(0.E0,1.E0,0.E0));
#135=VECTOR('',#134,1.E-1);
#136=CARTESIAN_POINT('',(-1.2775E0,-1.35E0,1.3E0));
#137=LINE('',#136,#135);
#138=DIRECTION('',(-1.E0,0.E0,0.E0));
#139=VECTOR('',#138,2.555E0);
#140=CARTESIAN_POINT('',(1.2775E0,-1.25E0,1.3E0));
#141=LINE('',#140,#139);
#142=DIRECTION('',(0.E0,-1.E0,0.E0));
#143=VECTOR('',#142,1.E-1);
#144=CARTESIAN_POINT('',(1.2775E0,-1.25E0,1.3E0));
#145=LINE('',#144,#143);
#146=DIRECTION('',(1.E0,0.E0,0.E0));
#147=VECTOR('',#146,5.725E-1);
#148=CARTESIAN_POINT('',(1.3275E0,-1.3E0,1.3E0));
#149=LINE('',#148,#147);
#150=CARTESIAN_POINT('',(1.9E0,-1.2E0,1.3E0));
#151=DIRECTION('',(0.E0,0.E0,-1.E0));
#152=DIRECTION('',(1.E0,0.E0,0.E0));
#153=AXIS2_PLACEMENT_3D('',#150,#151,#152);
#155=DIRECTION('',(0.E0,1.E0,0.E0));
#156=VECTOR('',#155,4.247E-1);
#157=CARTESIAN_POINT('',(2.E0,-1.2E0,1.3E0));
#158=LINE('',#157,#156);
#159=DIRECTION('',(-1.E0,0.E0,0.E0));
#160=VECTOR('',#159,1.446E-1);
#161=CARTESIAN_POINT('',(2.E0,-7.753E-1,1.3E0));
#162=LINE('',#161,#160);
#163=DIRECTION('',(0.E0,1.E0,0.E0));
#164=VECTOR('',#163,1.153E-1);
#165=CARTESIAN_POINT('',(1.7254E0,-6.453E-1,1.3E0));
#166=LINE('',#165,#164);
#167=DIRECTION('',(-1.E0,0.E0,0.E0));
#168=VECTOR('',#167,4.517728549856E-2);
#169=CARTESIAN_POINT('',(1.8554E0,-4.E-1,1.3E0));
#170=LINE('',#169,#168);
#171=DIRECTION('',(0.E0,-1.E0,0.E0));
#172=VECTOR('',#171,8.E-1);
#173=CARTESIAN_POINT('',(1.810222714501E0,4.E-1,1.3E0));
#174=LINE('',#173,#172);
#175=DIRECTION('',(-1.E0,0.E0,0.E0));
#176=VECTOR('',#175,4.517728549856E-2);
#177=CARTESIAN_POINT('',(1.8554E0,4.E-1,1.3E0));
#178=LINE('',#177,#176);
#179=DIRECTION('',(0.E0,1.E0,0.E0));
#180=VECTOR('',#179,1.153E-1);
#181=CARTESIAN_POINT('',(1.7254E0,5.3E-1,1.3E0));
#182=LINE('',#181,#180);
#183=DIRECTION('',(-1.E0,0.E0,0.E0));
#184=VECTOR('',#183,1.446E-1);
#185=CARTESIAN_POINT('',(2.E0,7.753E-1,1.3E0));
#186=LINE('',#185,#184);
#187=DIRECTION('',(0.E0,1.E0,0.E0));
#188=VECTOR('',#187,4.247E-1);
#189=CARTESIAN_POINT('',(2.E0,7.753E-1,1.3E0));
#190=LINE('',#189,#188);
#191=DIRECTION('',(0.E0,0.E0,1.E0));
#192=VECTOR('',#191,2.E-1);
#193=CARTESIAN_POINT('',(9.E-1,0.E0,1.3E0));
#194=LINE('',#193,#192);
#195=DIRECTION('',(0.E0,0.E0,1.E0));
#196=VECTOR('',#195,2.E-1);
#197=CARTESIAN_POINT('',(-9.E-1,0.E0,1.3E0));
#198=LINE('',#197,#196);
#199=CARTESIAN_POINT('',(0.E0,0.E0,1.5E0));
#200=DIRECTION('',(0.E0,0.E0,-1.E0));
#201=DIRECTION('',(1.E0,0.E0,0.E0));
#202=AXIS2_PLACEMENT_3D('',#199,#200,#201);
#204=CARTESIAN_POINT('',(0.E0,0.E0,1.5E0));
#205=DIRECTION('',(0.E0,0.E0,-1.E0));
#206=DIRECTION('',(-1.E0,0.E0,0.E0));
#207=AXIS2_PLACEMENT_3D('',#204,#205,#206);
#209=CARTESIAN_POINT('',(1.9E0,1.2E0,1.5E0));
#210=DIRECTION('',(0.E0,0.E0,1.E0));
#211=DIRECTION('',(1.E0,0.E0,0.E0));
#212=AXIS2_PLACEMENT_3D('',#209,#210,#211);
#214=DIRECTION('',(0.E0,1.E0,0.E0));
#215=VECTOR('',#214,4.247E-1);
#216=CARTESIAN_POINT('',(2.E0,7.753E-1,1.5E0));
#217=LINE('',#216,#215);
#218=DIRECTION('',(-1.E0,0.E0,0.E0));
#219=VECTOR('',#218,1.446E-1);
#220=CARTESIAN_POINT('',(2.E0,7.753E-1,1.5E0));
#221=LINE('',#220,#219);
#222=DIRECTION('',(0.E0,1.E0,0.E0));
#223=VECTOR('',#222,1.153E-1);
#224=CARTESIAN_POINT('',(1.7254E0,5.3E-1,1.5E0));
#225=LINE('',#224,#223);
#226=DIRECTION('',(1.E0,0.E0,0.E0));
#227=VECTOR('',#226,5.482271450144E-2);
#228=CARTESIAN_POINT('',(1.8554E0,4.E-1,1.5E0));
#229=LINE('',#228,#227);
#230=DIRECTION('',(0.E0,-1.E0,0.E0));
#231=VECTOR('',#230,8.E-1);
#232=CARTESIAN_POINT('',(1.910222714501E0,4.E-1,1.5E0));
#233=LINE('',#232,#231);
#234=DIRECTION('',(-1.E0,0.E0,0.E0));
#235=VECTOR('',#234,5.482271450144E-2);
#236=CARTESIAN_POINT('',(1.910222714501E0,-4.E-1,1.5E0));
#237=LINE('',#236,#235);
#238=DIRECTION('',(0.E0,1.E0,0.E0));
#239=VECTOR('',#238,1.153E-1);
#240=CARTESIAN_POINT('',(1.7254E0,-6.453E-1,1.5E0));
#241=LINE('',#240,#239);
#242=DIRECTION('',(-1.E0,0.E0,0.E0));
#243=VECTOR('',#242,1.446E-1);
#244=CARTESIAN_POINT('',(2.E0,-7.753E-1,1.5E0));
#245=LINE('',#244,#243);
#246=DIRECTION('',(0.E0,1.E0,0.E0));
#247=VECTOR('',#246,4.247E-1);
#248=CARTESIAN_POINT('',(2.E0,-1.2E0,1.5E0));
#249=LINE('',#248,#247);
#250=CARTESIAN_POINT('',(1.9E0,-1.2E0,1.5E0));
#251=DIRECTION('',(0.E0,0.E0,1.E0));
#252=DIRECTION('',(0.E0,-1.E0,0.E0));
#253=AXIS2_PLACEMENT_3D('',#250,#251,#252);
#255=DIRECTION('',(1.E0,0.E0,0.E0));
#256=VECTOR('',#255,5.725E-1);
#257=CARTESIAN_POINT('',(1.3275E0,-1.3E0,1.5E0));
#258=LINE('',#257,#256);
#259=DIRECTION('',(1.E0,0.E0,0.E0));
#260=VECTOR('',#259,2.555E0);
#261=CARTESIAN_POINT('',(-1.2775E0,-1.35E0,1.5E0));
#262=LINE('',#261,#260);
#263=DIRECTION('',(1.E0,0.E0,0.E0));
#264=VECTOR('',#263,5.725E-1);
#265=CARTESIAN_POINT('',(-1.9E0,-1.3E0,1.5E0));
#266=LINE('',#265,#264);
#267=CARTESIAN_POINT('',(-1.9E0,-1.2E0,1.5E0));
#268=DIRECTION('',(0.E0,0.E0,1.E0));
#269=DIRECTION('',(-1.E0,0.E0,0.E0));
#270=AXIS2_PLACEMENT_3D('',#267,#268,#269);
#272=DIRECTION('',(0.E0,-1.E0,0.E0));
#273=VECTOR('',#272,4.247E-1);
#274=CARTESIAN_POINT('',(-2.E0,-7.753E-1,1.5E0));
#275=LINE('',#274,#273);
#276=DIRECTION('',(1.E0,0.E0,0.E0));
#277=VECTOR('',#276,1.446E-1);
#278=CARTESIAN_POINT('',(-2.E0,-7.753E-1,1.5E0));
#279=LINE('',#278,#277);
#280=DIRECTION('',(0.E0,1.E0,0.E0));
#281=VECTOR('',#280,1.153E-1);
#282=CARTESIAN_POINT('',(-1.7254E0,-6.453E-1,1.5E0));
#283=LINE('',#282,#281);
#284=DIRECTION('',(-1.E0,0.E0,0.E0));
#285=VECTOR('',#284,5.482271450144E-2);
#286=CARTESIAN_POINT('',(-1.8554E0,-4.E-1,1.5E0));
#287=LINE('',#286,#285);
#288=DIRECTION('',(0.E0,1.E0,0.E0));
#289=VECTOR('',#288,8.E-1);
#290=CARTESIAN_POINT('',(-1.910222714501E0,-4.E-1,1.5E0));
#291=LINE('',#290,#289);
#292=DIRECTION('',(1.E0,0.E0,0.E0));
#293=VECTOR('',#292,5.482271450144E-2);
#294=CARTESIAN_POINT('',(-1.910222714501E0,4.E-1,1.5E0));
#295=LINE('',#294,#293);
#296=DIRECTION('',(0.E0,1.E0,0.E0));
#297=VECTOR('',#296,1.153E-1);
#298=CARTESIAN_POINT('',(-1.7254E0,5.3E-1,1.5E0));
#299=LINE('',#298,#297);
#300=DIRECTION('',(1.E0,0.E0,0.E0));
#301=VECTOR('',#300,1.446E-1);
#302=CARTESIAN_POINT('',(-2.E0,7.753E-1,1.5E0));
#303=LINE('',#302,#301);
#304=DIRECTION('',(0.E0,-1.E0,0.E0));
#305=VECTOR('',#304,4.247E-1);
#306=CARTESIAN_POINT('',(-2.E0,1.2E0,1.5E0));
#307=LINE('',#306,#305);
#308=CARTESIAN_POINT('',(-1.9E0,1.2E0,1.5E0));
#309=DIRECTION('',(0.E0,0.E0,1.E0));
#310=DIRECTION('',(0.E0,1.E0,0.E0));
#311=AXIS2_PLACEMENT_3D('',#308,#309,#310);
#313=DIRECTION('',(-1.E0,0.E0,0.E0));
#314=VECTOR('',#313,5.725E-1);
#315=CARTESIAN_POINT('',(-1.3275E0,1.3E0,1.5E0));
#316=LINE('',#315,#314);
#317=DIRECTION('',(-1.E0,0.E0,0.E0));
#318=VECTOR('',#317,2.555E0);
#319=CARTESIAN_POINT('',(1.2775E0,1.35E0,1.5E0));
#320=LINE('',#319,#318);
#321=DIRECTION('',(-1.E0,0.E0,0.E0));
#322=VECTOR('',#321,5.725E-1);
#323=CARTESIAN_POINT('',(1.9E0,1.3E0,1.5E0));
#324=LINE('',#323,#322);
#325=DIRECTION('',(0.E0,0.E0,-1.E0));
#326=VECTOR('',#325,2.E-1);
#327=CARTESIAN_POINT('',(2.E0,-1.2E0,1.5E0));
#328=LINE('',#327,#326);
#329=DIRECTION('',(0.E0,0.E0,1.E0));
#330=VECTOR('',#329,2.E-1);
#331=CARTESIAN_POINT('',(2.E0,-7.753E-1,1.3E0));
#332=LINE('',#331,#330);
#333=DIRECTION('',(0.E0,0.E0,-1.E0));
#334=VECTOR('',#333,2.E-1);
#335=CARTESIAN_POINT('',(2.E0,1.2E0,1.5E0));
#336=LINE('',#335,#334);
#337=DIRECTION('',(0.E0,0.E0,1.E0));
#338=VECTOR('',#337,2.E-1);
#339=CARTESIAN_POINT('',(2.E0,7.753E-1,1.3E0));
#340=LINE('',#339,#338);
#341=DIRECTION('',(0.E0,0.E0,-1.E0));
#342=VECTOR('',#341,2.E-1);
#343=CARTESIAN_POINT('',(-1.9E0,-1.3E0,1.5E0));
#344=LINE('',#343,#342);
#345=DIRECTION('',(0.E0,0.E0,-1.E0));
#346=VECTOR('',#345,2.E-1);
#347=CARTESIAN_POINT('',(-1.3275E0,-1.3E0,1.5E0));
#348=LINE('',#347,#346);
#349=DIRECTION('',(0.E0,0.E0,-1.E0));
#350=VECTOR('',#349,2.E-1);
#351=CARTESIAN_POINT('',(1.9E0,-1.3E0,1.5E0));
#352=LINE('',#351,#350);
#353=DIRECTION('',(0.E0,0.E0,1.E0));
#354=VECTOR('',#353,2.E-1);
#355=CARTESIAN_POINT('',(1.3275E0,-1.3E0,1.3E0));
#356=LINE('',#355,#354);
#357=DIRECTION('',(0.E0,0.E0,-1.E0));
#358=VECTOR('',#357,2.E-1);
#359=CARTESIAN_POINT('',(-2.E0,-1.2E0,1.5E0));
#360=LINE('',#359,#358);
#361=DIRECTION('',(0.E0,0.E0,1.E0));
#362=VECTOR('',#361,2.E-1);
#363=CARTESIAN_POINT('',(-2.E0,-7.753E-1,1.3E0));
#364=LINE('',#363,#362);
#365=DIRECTION('',(0.E0,0.E0,-1.E0));
#366=VECTOR('',#365,2.E-1);
#367=CARTESIAN_POINT('',(-2.E0,1.2E0,1.5E0));
#368=LINE('',#367,#366);
#369=DIRECTION('',(0.E0,0.E0,1.E0));
#370=VECTOR('',#369,2.E-1);
#371=CARTESIAN_POINT('',(-2.E0,7.753E-1,1.3E0));
#372=LINE('',#371,#370);
#373=DIRECTION('',(0.E0,0.E0,-1.E0));
#374=VECTOR('',#373,2.E-1);
#375=CARTESIAN_POINT('',(-1.8554E0,-7.753E-1,1.5E0));
#376=LINE('',#375,#374);
#377=CARTESIAN_POINT('',(-1.8554E0,-6.453E-1,1.5E0));
#378=DIRECTION('',(0.E0,0.E0,-1.E0));
#379=DIRECTION('',(1.E0,0.E0,0.E0));
#380=AXIS2_PLACEMENT_3D('',#377,#378,#379);
#382=CARTESIAN_POINT('',(-1.8554E0,-6.453E-1,1.3E0));
#383=DIRECTION('',(0.E0,0.E0,1.E0));
#384=DIRECTION('',(0.E0,-1.E0,0.E0));
#385=AXIS2_PLACEMENT_3D('',#382,#383,#384);
#387=DIRECTION('',(0.E0,0.E0,-1.E0));
#388=VECTOR('',#387,2.E-1);
#389=CARTESIAN_POINT('',(-1.7254E0,-5.3E-1,1.5E0));
#390=LINE('',#389,#388);
#391=DIRECTION('',(0.E0,0.E0,-1.E0));
#392=VECTOR('',#391,2.E-1);
#393=CARTESIAN_POINT('',(-1.7254E0,-6.453E-1,1.5E0));
#394=LINE('',#393,#392);
#395=CARTESIAN_POINT('',(-1.8554E0,-5.3E-1,1.5E0));
#396=DIRECTION('',(0.E0,0.E0,-1.E0));
#397=DIRECTION('',(0.E0,1.E0,0.E0));
#398=AXIS2_PLACEMENT_3D('',#395,#396,#397);
#400=CARTESIAN_POINT('',(-1.8554E0,-5.3E-1,1.3E0));
#401=DIRECTION('',(0.E0,0.E0,1.E0));
#402=DIRECTION('',(1.E0,0.E0,0.E0));
#403=AXIS2_PLACEMENT_3D('',#400,#401,#402);
#405=CARTESIAN_POINT('',(-1.910222714501E0,-4.E-1,1.4E0));
#406=DIRECTION('',(0.E0,-1.E0,0.E0));
#407=DIRECTION('',(0.E0,0.E0,1.E0));
#408=AXIS2_PLACEMENT_3D('',#405,#406,#407);
#410=DIRECTION('',(0.E0,0.E0,-1.E0));
#411=VECTOR('',#410,2.E-1);
#412=CARTESIAN_POINT('',(-1.8554E0,-4.E-1,1.5E0));
#413=LINE('',#412,#411);
#414=DIRECTION('',(0.E0,0.E0,1.E0));
#415=VECTOR('',#414,2.E-2);
#416=CARTESIAN_POINT('',(-1.810222714501E0,-4.E-1,1.28E0));
#417=LINE('',#416,#415);
#418=DIRECTION('',(1.E0,0.E0,0.E0));
#419=VECTOR('',#418,1.902227145014E-1);
#420=CARTESIAN_POINT('',(-2.010222714501E0,-4.E-1,8.439577361481E-1));
#421=LINE('',#420,#419);
#422=DIRECTION('',(0.E0,0.E0,-1.E0));
#423=VECTOR('',#422,5.560422638519E-1);
#424=CARTESIAN_POINT('',(-2.010222714501E0,-4.E-1,1.4E0));
#425=LINE('',#424,#423);
#426=CARTESIAN_POINT('',(-1.910222714501E0,4.E-1,1.4E0));
#427=DIRECTION('',(0.E0,1.E0,0.E0));
#428=DIRECTION('',(-1.E0,0.E0,0.E0));
#429=AXIS2_PLACEMENT_3D('',#426,#427,#428);
#431=DIRECTION('',(0.E0,0.E0,-1.E0));
#432=VECTOR('',#431,5.560422638519E-1);
#433=CARTESIAN_POINT('',(-2.010222714501E0,4.E-1,1.4E0));
#434=LINE('',#433,#432);
#435=DIRECTION('',(-1.E0,0.E0,0.E0));
#436=VECTOR('',#435,1.902227145014E-1);
#437=CARTESIAN_POINT('',(-1.82E0,4.E-1,8.439577361481E-1));
#438=LINE('',#437,#436);
#439=DIRECTION('',(0.E0,0.E0,1.E0));
#440=VECTOR('',#439,2.E-2);
#441=CARTESIAN_POINT('',(-1.810222714501E0,4.E-1,1.28E0));
#442=LINE('',#441,#440);
#443=DIRECTION('',(0.E0,0.E0,-1.E0));
#444=VECTOR('',#443,2.E-1);
#445=CARTESIAN_POINT('',(-1.8554E0,4.E-1,1.5E0));
#446=LINE('',#445,#444);
#447=DIRECTION('',(0.E0,1.E0,0.E0));
#448=VECTOR('',#447,8.E-1);
#449=CARTESIAN_POINT('',(-2.010222714501E0,-4.E-1,1.4E0));
#450=LINE('',#449,#448);
#451=CARTESIAN_POINT('',(-2.010222714501E0,-3.E-1,8.439577361481E-1));
#452=DIRECTION('',(-1.E0,0.E0,0.E0));
#453=DIRECTION('',(0.E0,0.E0,-1.E0));
#454=AXIS2_PLACEMENT_3D('',#451,#452,#453);
#456=CARTESIAN_POINT('',(-2.010222714501E0,3.E-1,8.439577361481E-1));
#457=DIRECTION('',(-1.E0,0.E0,0.E0));
#458=DIRECTION('',(0.E0,1.E0,0.E0));
#459=AXIS2_PLACEMENT_3D('',#456,#457,#458);
#461=CARTESIAN_POINT('',(-1.82E0,-3.E-1,8.439577361481E-1));
#462=DIRECTION('',(1.E0,0.E0,0.E0));
#463=DIRECTION('',(0.E0,-1.E0,0.E0));
#464=AXIS2_PLACEMENT_3D('',#461,#462,#463);
#466=DIRECTION('',(1.E0,0.E0,0.E0));
#467=VECTOR('',#466,1.902227145014E-1);
#468=CARTESIAN_POINT('',(-2.010222714501E0,-3.E-1,7.439577361481E-1));
#469=LINE('',#468,#467);
#470=DIRECTION('',(-1.E0,0.E0,0.E0));
#471=VECTOR('',#470,1.902227145014E-1);
#472=CARTESIAN_POINT('',(-1.82E0,3.E-1,7.439577361481E-1));
#473=LINE('',#472,#471);
#474=DIRECTION('',(0.E0,-1.E0,0.E0));
#475=VECTOR('',#474,6.E-1);
#476=CARTESIAN_POINT('',(-2.010222714501E0,3.E-1,7.439577361481E-1));
#477=LINE('',#476,#475);
#478=DIRECTION('',(0.E0,0.E0,-1.E0));
#479=VECTOR('',#478,4.360422638519E-1);
#480=CARTESIAN_POINT('',(-1.82E0,4.E-1,1.28E0));
#481=LINE('',#480,#479);
#482=DIRECTION('',(0.E0,-1.E0,0.E0));
#483=VECTOR('',#482,6.E-1);
#484=CARTESIAN_POINT('',(-1.82E0,3.E-1,7.439577361481E-1));
#485=LINE('',#484,#483);
#486=DIRECTION('',(0.E0,0.E0,-1.E0));
#487=VECTOR('',#486,4.360422638519E-1);
#488=CARTESIAN_POINT('',(-1.82E0,-4.E-1,1.28E0));
#489=LINE('',#488,#487);
#490=DIRECTION('',(0.E0,0.E0,1.E0));
#491=VECTOR('',#490,5.6E-1);
#492=CARTESIAN_POINT('',(-1.82E0,-4.25E-1,7.2E-1));
#493=LINE('',#492,#491);
#494=DIRECTION('',(0.E0,-1.E0,0.E0));
#495=VECTOR('',#494,8.5E-1);
#496=CARTESIAN_POINT('',(-1.82E0,4.25E-1,7.2E-1));
#497=LINE('',#496,#495);
#498=DIRECTION('',(0.E0,0.E0,-1.E0));
#499=VECTOR('',#498,5.6E-1);
#500=CARTESIAN_POINT('',(-1.82E0,4.25E-1,1.28E0));
#501=LINE('',#500,#499);
#502=CARTESIAN_POINT('',(-1.82E0,3.E-1,8.439577361481E-1));
#503=DIRECTION('',(1.E0,0.E0,0.E0));
#504=DIRECTION('',(0.E0,0.E0,-1.E0));
#505=AXIS2_PLACEMENT_3D('',#502,#503,#504);
#507=CARTESIAN_POINT('',(0.E0,0.E0,1.28E0));
#508=DIRECTION('',(0.E0,0.E0,1.E0));
#509=DIRECTION('',(1.E0,0.E0,0.E0));
#510=AXIS2_PLACEMENT_3D('',#507,#508,#509);
#512=CARTESIAN_POINT('',(0.E0,0.E0,1.28E0));
#513=DIRECTION('',(0.E0,0.E0,1.E0));
#514=DIRECTION('',(-1.E0,0.E0,0.E0));
#515=AXIS2_PLACEMENT_3D('',#512,#513,#514);
#517=DIRECTION('',(-1.E0,0.E0,0.E0));
#518=VECTOR('',#517,9.777285498560E-3);
#519=CARTESIAN_POINT('',(1.82E0,4.E-1,1.28E0));
#520=LINE('',#519,#518);
#521=DIRECTION('',(0.E0,-1.E0,0.E0));
#522=VECTOR('',#521,8.E-1);
#523=CARTESIAN_POINT('',(1.810222714501E0,4.E-1,1.28E0));
#524=LINE('',#523,#522);
#525=DIRECTION('',(-1.E0,0.E0,0.E0));
#526=VECTOR('',#525,9.777285498560E-3);
#527=CARTESIAN_POINT('',(1.82E0,-4.E-1,1.28E0));
#528=LINE('',#527,#526);
#529=DIRECTION('',(0.E0,-1.E0,0.E0));
#530=VECTOR('',#529,2.5E-2);
#531=CARTESIAN_POINT('',(1.82E0,-4.E-1,1.28E0));
#532=LINE('',#531,#530);
#533=DIRECTION('',(-1.E0,0.E0,0.E0));
#534=VECTOR('',#533,1.8E-1);
#535=CARTESIAN_POINT('',(2.E0,-4.25E-1,1.28E0));
#536=LINE('',#535,#534);
#537=DIRECTION('',(0.E0,1.E0,0.E0));
#538=VECTOR('',#537,8.75E-1);
#539=CARTESIAN_POINT('',(2.E0,-1.3E0,1.28E0));
#540=LINE('',#539,#538);
#541=DIRECTION('',(1.E0,0.E0,0.E0));
#542=VECTOR('',#541,7.E-1);
#543=CARTESIAN_POINT('',(1.3E0,-1.3E0,1.28E0));
#544=LINE('',#543,#542);
#545=DIRECTION('',(0.E0,1.E0,0.E0));
#546=VECTOR('',#545,1.E-1);
#547=CARTESIAN_POINT('',(1.3E0,-1.3E0,1.28E0));
#548=LINE('',#547,#546);
#549=DIRECTION('',(1.E0,0.E0,0.E0));
#550=VECTOR('',#549,2.6E0);
#551=CARTESIAN_POINT('',(-1.3E0,-1.2E0,1.28E0));
#552=LINE('',#551,#550);
#553=DIRECTION('',(0.E0,1.E0,0.E0));
#554=VECTOR('',#553,1.E-1);
#555=CARTESIAN_POINT('',(-1.3E0,-1.3E0,1.28E0));
#556=LINE('',#555,#554);
#557=DIRECTION('',(1.E0,0.E0,0.E0));
#558=VECTOR('',#557,7.E-1);
#559=CARTESIAN_POINT('',(-2.E0,-1.3E0,1.28E0));
#560=LINE('',#559,#558);
#561=DIRECTION('',(0.E0,-1.E0,0.E0));
#562=VECTOR('',#561,8.75E-1);
#563=CARTESIAN_POINT('',(-2.E0,-4.25E-1,1.28E0));
#564=LINE('',#563,#562);
#565=DIRECTION('',(1.E0,0.E0,0.E0));
#566=VECTOR('',#565,1.8E-1);
#567=CARTESIAN_POINT('',(-2.E0,-4.25E-1,1.28E0));
#568=LINE('',#567,#566);
#569=DIRECTION('',(0.E0,-1.E0,0.E0));
#570=VECTOR('',#569,2.5E-2);
#571=CARTESIAN_POINT('',(-1.82E0,-4.E-1,1.28E0));
#572=LINE('',#571,#570);
#573=DIRECTION('',(1.E0,0.E0,0.E0));
#574=VECTOR('',#573,9.777285498560E-3);
#575=CARTESIAN_POINT('',(-1.82E0,-4.E-1,1.28E0));
#576=LINE('',#575,#574);
#577=DIRECTION('',(0.E0,-1.E0,0.E0));
#578=VECTOR('',#577,8.E-1);
#579=CARTESIAN_POINT('',(-1.810222714501E0,4.E-1,1.28E0));
#580=LINE('',#579,#578);
#581=DIRECTION('',(1.E0,0.E0,0.E0));
#582=VECTOR('',#581,9.777285498560E-3);
#583=CARTESIAN_POINT('',(-1.82E0,4.E-1,1.28E0));
#584=LINE('',#583,#582);
#585=DIRECTION('',(0.E0,-1.E0,0.E0));
#586=VECTOR('',#585,2.5E-2);
#587=CARTESIAN_POINT('',(-1.82E0,4.25E-1,1.28E0));
#588=LINE('',#587,#586);
#589=DIRECTION('',(1.E0,0.E0,0.E0));
#590=VECTOR('',#589,1.8E-1);
#591=CARTESIAN_POINT('',(-2.E0,4.25E-1,1.28E0));
#592=LINE('',#591,#590);
#593=DIRECTION('',(0.E0,-1.E0,0.E0));
#594=VECTOR('',#593,8.75E-1);
#595=CARTESIAN_POINT('',(-2.E0,1.3E0,1.28E0));
#596=LINE('',#595,#594);
#597=DIRECTION('',(-1.E0,0.E0,0.E0));
#598=VECTOR('',#597,7.E-1);
#599=CARTESIAN_POINT('',(-1.3E0,1.3E0,1.28E0));
#600=LINE('',#599,#598);
#601=DIRECTION('',(0.E0,-1.E0,0.E0));
#602=VECTOR('',#601,1.E-1);
#603=CARTESIAN_POINT('',(-1.3E0,1.3E0,1.28E0));
#604=LINE('',#603,#602);
#605=DIRECTION('',(1.E0,0.E0,0.E0));
#606=VECTOR('',#605,2.6E0);
#607=CARTESIAN_POINT('',(-1.3E0,1.2E0,1.28E0));
#608=LINE('',#607,#606);
#609=DIRECTION('',(0.E0,-1.E0,0.E0));
#610=VECTOR('',#609,1.E-1);
#611=CARTESIAN_POINT('',(1.3E0,1.3E0,1.28E0));
#612=LINE('',#611,#610);
#613=DIRECTION('',(-1.E0,0.E0,0.E0));
#614=VECTOR('',#613,7.E-1);
#615=CARTESIAN_POINT('',(2.E0,1.3E0,1.28E0));
#616=LINE('',#615,#614);
#617=DIRECTION('',(0.E0,1.E0,0.E0));
#618=VECTOR('',#617,8.75E-1);
#619=CARTESIAN_POINT('',(2.E0,4.25E-1,1.28E0));
#620=LINE('',#619,#618);
#621=DIRECTION('',(-1.E0,0.E0,0.E0));
#622=VECTOR('',#621,1.8E-1);
#623=CARTESIAN_POINT('',(2.E0,4.25E-1,1.28E0));
#624=LINE('',#623,#622);
#625=DIRECTION('',(0.E0,-1.E0,0.E0));
#626=VECTOR('',#625,2.5E-2);
#627=CARTESIAN_POINT('',(1.82E0,4.25E-1,1.28E0));
#628=LINE('',#627,#626);
#629=CARTESIAN_POINT('',(0.E0,0.E0,2.35E0));
#630=DIRECTION('',(0.E0,0.E0,1.E0));
#631=DIRECTION('',(1.E0,0.E0,0.E0));
#632=AXIS2_PLACEMENT_3D('',#629,#630,#631);
#634=DIRECTION('',(0.E0,2.139639576420E-13,1.E0));
#635=VECTOR('',#634,1.07E0);
#636=CARTESIAN_POINT('',(8.5E-1,0.E0,1.28E0));
#637=LINE('',#636,#635);
#638=CARTESIAN_POINT('',(7.E-1,0.E0,2.35E0));
#639=DIRECTION('',(0.E0,1.E0,0.E0));
#640=DIRECTION('',(0.E0,0.E0,1.E0));
#641=AXIS2_PLACEMENT_3D('',#638,#639,#640);
#643=CARTESIAN_POINT('',(0.E0,0.E0,2.5E0));
#644=DIRECTION('',(0.E0,0.E0,1.E0));
#645=DIRECTION('',(1.E0,0.E0,0.E0));
#646=AXIS2_PLACEMENT_3D('',#643,#644,#645);
#648=CARTESIAN_POINT('',(0.E0,0.E0,2.5E0));
#649=DIRECTION('',(0.E0,0.E0,1.E0));
#650=DIRECTION('',(-1.E0,0.E0,0.E0));
#651=AXIS2_PLACEMENT_3D('',#648,#649,#650);
#653=CARTESIAN_POINT('',(-7.E-1,0.E0,2.35E0));
#654=DIRECTION('',(0.E0,-1.E0,0.E0));
#655=DIRECTION('',(0.E0,0.E0,1.E0));
#656=AXIS2_PLACEMENT_3D('',#653,#654,#655);
#658=CARTESIAN_POINT('',(0.E0,0.E0,2.35E0));
#659=DIRECTION('',(0.E0,0.E0,1.E0));
#660=DIRECTION('',(-1.E0,0.E0,0.E0));
#661=AXIS2_PLACEMENT_3D('',#658,#659,#660);
#663=DIRECTION('',(0.E0,-2.139712559112E-13,1.E0));
#664=VECTOR('',#663,1.07E0);
#665=CARTESIAN_POINT('',(-8.5E-1,0.E0,1.28E0));
#666=LINE('',#665,#664);
#667=CARTESIAN_POINT('',(1.910222714501E0,4.E-1,1.4E0));
#668=DIRECTION('',(0.E0,1.E0,0.E0));
#669=DIRECTION('',(0.E0,0.E0,1.E0));
#670=AXIS2_PLACEMENT_3D('',#667,#668,#669);
#672=DIRECTION('',(0.E0,0.E0,1.E0));
#673=VECTOR('',#672,2.E-1);
#674=CARTESIAN_POINT('',(1.8554E0,4.E-1,1.3E0));
#675=LINE('',#674,#673);
#676=DIRECTION('',(0.E0,0.E0,1.E0));
#677=VECTOR('',#676,2.E-2);
#678=CARTESIAN_POINT('',(1.810222714501E0,4.E-1,1.28E0));
#679=LINE('',#678,#677);
#680=DIRECTION('',(-1.E0,0.E0,0.E0));
#681=VECTOR('',#680,1.902227145014E-1);
#682=CARTESIAN_POINT('',(2.010222714501E0,4.E-1,8.439577361481E-1));
#683=LINE('',#682,#681);
#684=DIRECTION('',(0.E0,0.E0,-1.E0));
#685=VECTOR('',#684,5.560422638519E-1);
#686=CARTESIAN_POINT('',(2.010222714501E0,4.E-1,1.4E0));
#687=LINE('',#686,#685);
#688=CARTESIAN_POINT('',(1.910222714501E0,-4.E-1,1.4E0));
#689=DIRECTION('',(0.E0,-1.E0,0.E0));
#690=DIRECTION('',(1.E0,0.E0,0.E0));
#691=AXIS2_PLACEMENT_3D('',#688,#689,#690);
#693=DIRECTION('',(0.E0,0.E0,-1.E0));
#694=VECTOR('',#693,5.560422638519E-1);
#695=CARTESIAN_POINT('',(2.010222714501E0,-4.E-1,1.4E0));
#696=LINE('',#695,#694);
#697=DIRECTION('',(1.E0,0.E0,0.E0));
#698=VECTOR('',#697,1.902227145014E-1);
#699=CARTESIAN_POINT('',(1.82E0,-4.E-1,8.439577361481E-1));
#700=LINE('',#699,#698);
#701=DIRECTION('',(0.E0,0.E0,1.E0));
#702=VECTOR('',#701,2.E-2);
#703=CARTESIAN_POINT('',(1.810222714501E0,-4.E-1,1.28E0));
#704=LINE('',#703,#702);
#705=DIRECTION('',(0.E0,0.E0,1.E0));
#706=VECTOR('',#705,2.E-1);
#707=CARTESIAN_POINT('',(1.8554E0,-4.E-1,1.3E0));
#708=LINE('',#707,#706);
#709=DIRECTION('',(0.E0,-1.E0,0.E0));
#710=VECTOR('',#709,8.E-1);
#711=CARTESIAN_POINT('',(2.010222714501E0,4.E-1,1.4E0));
#712=LINE('',#711,#710);
#713=CARTESIAN_POINT('',(2.010222714501E0,3.E-1,8.439577361481E-1));
#714=DIRECTION('',(1.E0,0.E0,0.E0));
#715=DIRECTION('',(0.E0,0.E0,-1.E0));
#716=AXIS2_PLACEMENT_3D('',#713,#714,#715);
#718=CARTESIAN_POINT('',(2.010222714501E0,-3.E-1,8.439577361481E-1));
#719=DIRECTION('',(1.E0,0.E0,0.E0));
#720=DIRECTION('',(0.E0,-1.E0,0.E0));
#721=AXIS2_PLACEMENT_3D('',#718,#719,#720);
#723=CARTESIAN_POINT('',(1.82E0,3.E-1,8.439577361481E-1));
#724=DIRECTION('',(-1.E0,0.E0,0.E0));
#725=DIRECTION('',(0.E0,1.E0,0.E0));
#726=AXIS2_PLACEMENT_3D('',#723,#724,#725);
#728=DIRECTION('',(1.E0,0.E0,0.E0));
#729=VECTOR('',#728,1.902227145014E-1);
#730=CARTESIAN_POINT('',(1.82E0,-3.E-1,7.439577361481E-1));
#731=LINE('',#730,#729);
#732=DIRECTION('',(0.E0,-1.E0,0.E0));
#733=VECTOR('',#732,6.E-1);
#734=CARTESIAN_POINT('',(2.010222714501E0,3.E-1,7.439577361481E-1));
#735=LINE('',#734,#733);
#736=DIRECTION('',(-1.E0,0.E0,0.E0));
#737=VECTOR('',#736,1.902227145014E-1);
#738=CARTESIAN_POINT('',(2.010222714501E0,3.E-1,7.439577361481E-1));
#739=LINE('',#738,#737);
#740=CARTESIAN_POINT('',(1.82E0,-3.E-1,8.439577361481E-1));
#741=DIRECTION('',(-1.E0,0.E0,0.E0));
#742=DIRECTION('',(0.E0,0.E0,-1.E0));
#743=AXIS2_PLACEMENT_3D('',#740,#741,#742);
#745=DIRECTION('',(0.E0,-1.E0,0.E0));
#746=VECTOR('',#745,6.E-1);
#747=CARTESIAN_POINT('',(1.82E0,3.E-1,7.439577361481E-1));
#748=LINE('',#747,#746);
#749=DIRECTION('',(0.E0,0.E0,-1.E0));
#750=VECTOR('',#749,4.360422638519E-1);
#751=CARTESIAN_POINT('',(1.82E0,4.E-1,1.28E0));
#752=LINE('',#751,#750);
#753=DIRECTION('',(0.E0,0.E0,-1.E0));
#754=VECTOR('',#753,5.6E-1);
#755=CARTESIAN_POINT('',(1.82E0,4.25E-1,1.28E0));
#756=LINE('',#755,#754);
#757=DIRECTION('',(0.E0,-1.E0,0.E0));
#758=VECTOR('',#757,8.5E-1);
#759=CARTESIAN_POINT('',(1.82E0,4.25E-1,7.2E-1));
#760=LINE('',#759,#758);
#761=DIRECTION('',(0.E0,0.E0,1.E0));
#762=VECTOR('',#761,5.6E-1);
#763=CARTESIAN_POINT('',(1.82E0,-4.25E-1,7.2E-1));
#764=LINE('',#763,#762);
#765=DIRECTION('',(0.E0,0.E0,-1.E0));
#766=VECTOR('',#765,4.360422638519E-1);
#767=CARTESIAN_POINT('',(1.82E0,-4.E-1,1.28E0));
#768=LINE('',#767,#766);
#769=DIRECTION('',(0.E0,1.E0,0.E0));
#770=VECTOR('',#769,1.4E0);
#771=CARTESIAN_POINT('',(2.E0,-7.E-1,1.5E-1));
#772=LINE('',#771,#770);
#773=DIRECTION('',(0.E0,0.E0,1.E0));
#774=VECTOR('',#773,1.5E-1);
#775=CARTESIAN_POINT('',(2.E0,-7.E-1,0.E0));
#776=LINE('',#775,#774);
#777=DIRECTION('',(0.E0,0.E0,1.E0));
#778=VECTOR('',#777,4.3E-1);
#779=CARTESIAN_POINT('',(2.E0,-9.5E-1,0.E0));
#780=LINE('',#779,#778);
#781=DIRECTION('',(0.E0,1.E0,0.E0));
#782=VECTOR('',#781,5.E-1);
#783=CARTESIAN_POINT('',(2.E0,-1.45E0,4.3E-1));
#784=LINE('',#783,#782);
#785=DIRECTION('',(0.E0,-1.737853339090E-1,-9.847835588179E-1));
#786=VECTOR('',#785,8.631338250816E-1);
#787=CARTESIAN_POINT('',(2.E0,-1.3E0,1.28E0));
#788=LINE('',#787,#786);
#789=DIRECTION('',(0.E0,0.E0,-1.E0));
#790=VECTOR('',#789,5.6E-1);
#791=CARTESIAN_POINT('',(2.E0,-4.25E-1,1.28E0));
#792=LINE('',#791,#790);
#793=DIRECTION('',(0.E0,-1.E0,0.E0));
#794=VECTOR('',#793,8.5E-1);
#795=CARTESIAN_POINT('',(2.E0,4.25E-1,7.2E-1));
#796=LINE('',#795,#794);
#797=DIRECTION('',(0.E0,0.E0,-1.E0));
#798=VECTOR('',#797,5.6E-1);
#799=CARTESIAN_POINT('',(2.E0,4.25E-1,1.28E0));
#800=LINE('',#799,#798);
#801=DIRECTION('',(0.E0,-1.737853339090E-1,9.847835588179E-1));
#802=VECTOR('',#801,8.631338250816E-1);
#803=CARTESIAN_POINT('',(2.E0,1.45E0,4.3E-1));
#804=LINE('',#803,#802);
#805=DIRECTION('',(0.E0,1.E0,0.E0));
#806=VECTOR('',#805,5.E-1);
#807=CARTESIAN_POINT('',(2.E0,9.5E-1,4.3E-1));
#808=LINE('',#807,#806);
#809=DIRECTION('',(0.E0,0.E0,1.E0));
#810=VECTOR('',#809,4.3E-1);
#811=CARTESIAN_POINT('',(2.E0,9.5E-1,0.E0));
#812=LINE('',#811,#810);
#813=DIRECTION('',(0.E0,0.E0,1.E0));
#814=VECTOR('',#813,1.5E-1);
#815=CARTESIAN_POINT('',(2.E0,7.E-1,0.E0));
#816=LINE('',#815,#814);
#817=DIRECTION('',(-1.E0,0.E0,0.E0));
#818=VECTOR('',#817,3.E-1);
#819=CARTESIAN_POINT('',(2.E0,-7.E-1,1.5E-1));
#820=LINE('',#819,#818);
#821=DIRECTION('',(0.E0,0.E0,1.E0));
#822=VECTOR('',#821,9.E-2);
#823=CARTESIAN_POINT('',(1.7E0,6.5E-1,0.E0));
#824=LINE('',#823,#822);
#825=DIRECTION('',(0.E0,-1.E0,0.E0));
#826=VECTOR('',#825,1.3E0);
#827=CARTESIAN_POINT('',(1.7E0,6.5E-1,9.E-2));
#828=LINE('',#827,#826);
#829=DIRECTION('',(0.E0,0.E0,1.E0));
#830=VECTOR('',#829,9.E-2);
#831=CARTESIAN_POINT('',(1.7E0,-6.5E-1,0.E0));
#832=LINE('',#831,#830);
#833=DIRECTION('',(0.E0,0.E0,1.E0));
#834=VECTOR('',#833,1.5E-1);
#835=CARTESIAN_POINT('',(1.7E0,-7.E-1,0.E0));
#836=LINE('',#835,#834);
#837=DIRECTION('',(0.E0,1.E0,0.E0));
#838=VECTOR('',#837,1.4E0);
#839=CARTESIAN_POINT('',(1.7E0,-7.E-1,1.5E-1));
#840=LINE('',#839,#838);
#841=DIRECTION('',(0.E0,0.E0,-1.E0));
#842=VECTOR('',#841,1.5E-1);
#843=CARTESIAN_POINT('',(1.7E0,7.E-1,1.5E-1));
#844=LINE('',#843,#842);
#845=DIRECTION('',(-1.E0,0.E0,0.E0));
#846=VECTOR('',#845,8.E-1);
#847=CARTESIAN_POINT('',(-1.7E0,6.5E-1,9.E-2));
#848=LINE('',#847,#846);
#849=DIRECTION('',(0.E0,0.E0,-1.E0));
#850=VECTOR('',#849,1.E-1);
#851=CARTESIAN_POINT('',(-2.5E0,6.5E-1,9.E-2));
#852=LINE('',#851,#850);
#853=DIRECTION('',(1.E0,0.E0,0.E0));
#854=VECTOR('',#853,9.E-1);
#855=CARTESIAN_POINT('',(-2.5E0,6.5E-1,-1.E-2));
#856=LINE('',#855,#854);
#857=DIRECTION('',(0.E0,0.E0,1.E0));
#858=VECTOR('',#857,1.E-2);
#859=CARTESIAN_POINT('',(-1.6E0,6.5E-1,-1.E-2));
#860=LINE('',#859,#858);
#861=DIRECTION('',(0.E0,0.E0,-1.E0));
#862=VECTOR('',#861,1.E-2);
#863=CARTESIAN_POINT('',(1.6E0,6.5E-1,0.E0));
#864=LINE('',#863,#862);
#865=DIRECTION('',(1.E0,0.E0,0.E0));
#866=VECTOR('',#865,9.E-1);
#867=CARTESIAN_POINT('',(1.6E0,6.5E-1,-1.E-2));
#868=LINE('',#867,#866);
#869=DIRECTION('',(0.E0,0.E0,1.E0));
#870=VECTOR('',#869,1.E-1);
#871=CARTESIAN_POINT('',(2.5E0,6.5E-1,-1.E-2));
#872=LINE('',#871,#870);
#873=DIRECTION('',(-1.E0,0.E0,0.E0));
#874=VECTOR('',#873,8.E-1);
#875=CARTESIAN_POINT('',(2.5E0,6.5E-1,9.E-2));
#876=LINE('',#875,#874);
#877=DIRECTION('',(0.E0,0.E0,1.E0));
#878=VECTOR('',#877,9.E-2);
#879=CARTESIAN_POINT('',(-1.7E0,6.5E-1,0.E0));
#880=LINE('',#879,#878);
#881=DIRECTION('',(0.E0,0.E0,-1.E0));
#882=VECTOR('',#881,1.5E-1);
#883=CARTESIAN_POINT('',(-1.7E0,7.E-1,1.5E-1));
#884=LINE('',#883,#882);
#885=DIRECTION('',(0.E0,1.E0,0.E0));
#886=VECTOR('',#885,1.4E0);
#887=CARTESIAN_POINT('',(-1.7E0,-7.E-1,1.5E-1));
#888=LINE('',#887,#886);
#889=DIRECTION('',(0.E0,0.E0,1.E0));
#890=VECTOR('',#889,1.5E-1);
#891=CARTESIAN_POINT('',(-1.7E0,-7.E-1,0.E0));
#892=LINE('',#891,#890);
#893=DIRECTION('',(0.E0,0.E0,1.E0));
#894=VECTOR('',#893,9.E-2);
#895=CARTESIAN_POINT('',(-1.7E0,-6.5E-1,0.E0));
#896=LINE('',#895,#894);
#897=DIRECTION('',(0.E0,-1.E0,0.E0));
#898=VECTOR('',#897,1.3E0);
#899=CARTESIAN_POINT('',(-1.7E0,6.5E-1,9.E-2));
#900=LINE('',#899,#898);
#901=CARTESIAN_POINT('',(1.163694748225E0,4.902114769375E-1,0.E0));
#902=DIRECTION('',(0.E0,0.E0,-1.E0));
#903=DIRECTION('',(-3.651318954713E-1,9.309557985799E-1,0.E0));
#904=AXIS2_PLACEMENT_3D('',#901,#902,#903);
#906=DIRECTION('',(-9.309557985799E-1,-3.651318954713E-1,0.E0));
#907=VECTOR('',#906,2.5E0);
#908=CARTESIAN_POINT('',(1.291490911640E0,1.643769474345E-1,0.E0));
#909=LINE('',#908,#907);
#910=CARTESIAN_POINT('',(-1.163694748225E0,-4.226182617407E-1,0.E0));
#911=DIRECTION('',(0.E0,0.E0,-1.E0));
#912=DIRECTION('',(3.651318954713E-1,-9.309557985799E-1,0.E0));
#913=AXIS2_PLACEMENT_3D('',#910,#911,#912);
#915=DIRECTION('',(9.309557985799E-1,3.651318954713E-1,0.E0));
#916=VECTOR('',#915,2.5E0);
#917=CARTESIAN_POINT('',(-1.291490911640E0,-9.678373223773E-2,0.E0));
#918=LINE('',#917,#916);
#919=DIRECTION('',(0.E0,1.E0,0.E0));
#920=VECTOR('',#919,5.E-2);
#921=CARTESIAN_POINT('',(-1.7E0,-7.E-1,0.E0));
#922=LINE('',#921,#920);
#923=DIRECTION('',(1.E0,0.E0,0.E0));
#924=VECTOR('',#923,3.E-1);
#925=CARTESIAN_POINT('',(-2.E0,-7.E-1,0.E0));
#926=LINE('',#925,#924);
#927=DIRECTION('',(0.E0,-1.E0,0.E0));
#928=VECTOR('',#927,2.5E-1);
#929=CARTESIAN_POINT('',(-2.E0,-7.E-1,0.E0));
#930=LINE('',#929,#928);
#931=DIRECTION('',(1.E0,0.E0,0.E0));
#932=VECTOR('',#931,5.E-1);
#933=CARTESIAN_POINT('',(-2.E0,-9.5E-1,0.E0));
#934=LINE('',#933,#932);
#935=CARTESIAN_POINT('',(-9.E-1,-3.55E-1,0.E0));
#936=DIRECTION('',(0.E0,0.E0,-1.E0));
#937=DIRECTION('',(0.E0,-1.E0,0.E0));
#938=AXIS2_PLACEMENT_3D('',#935,#936,#937);
#940=DIRECTION('',(0.E0,1.E0,0.E0));
#941=VECTOR('',#940,2.5E-1);
#942=CARTESIAN_POINT('',(-9.E-1,-1.45E0,0.E0));
#943=LINE('',#942,#941);
#944=DIRECTION('',(1.E0,0.E0,0.E0));
#945=VECTOR('',#944,1.8E0);
#946=CARTESIAN_POINT('',(-9.E-1,-1.45E0,0.E0));
#947=LINE('',#946,#945);
#948=DIRECTION('',(0.E0,1.E0,0.E0));
#949=VECTOR('',#948,2.5E-1);
#950=CARTESIAN_POINT('',(9.E-1,-1.45E0,0.E0));
#951=LINE('',#950,#949);
#952=CARTESIAN_POINT('',(9.E-1,-3.55E-1,0.E0));
#953=DIRECTION('',(0.E0,0.E0,-1.E0));
#954=DIRECTION('',(7.100591715976E-1,-7.041420118343E-1,0.E0));
#955=AXIS2_PLACEMENT_3D('',#952,#953,#954);
#957=DIRECTION('',(-1.E0,0.E0,0.E0));
#958=VECTOR('',#957,5.E-1);
#959=CARTESIAN_POINT('',(2.E0,-9.5E-1,0.E0));
#960=LINE('',#959,#958);
#961=DIRECTION('',(0.E0,1.E0,0.E0));
#962=VECTOR('',#961,2.5E-1);
#963=CARTESIAN_POINT('',(2.E0,-9.5E-1,0.E0));
#964=LINE('',#963,#962);
#965=DIRECTION('',(-1.E0,0.E0,0.E0));
#966=VECTOR('',#965,3.E-1);
#967=CARTESIAN_POINT('',(2.E0,-7.E-1,0.E0));
#968=LINE('',#967,#966);
#969=DIRECTION('',(0.E0,1.E0,0.E0));
#970=VECTOR('',#969,5.E-2);
#971=CARTESIAN_POINT('',(1.7E0,-7.E-1,0.E0));
#972=LINE('',#971,#970);
#973=DIRECTION('',(1.E0,0.E0,0.E0));
#974=VECTOR('',#973,1.E-1);
#975=CARTESIAN_POINT('',(1.6E0,-6.5E-1,0.E0));
#976=LINE('',#975,#974);
#977=DIRECTION('',(0.E0,-1.E0,0.E0));
#978=VECTOR('',#977,1.3E0);
#979=CARTESIAN_POINT('',(1.6E0,6.5E-1,0.E0));
#980=LINE('',#979,#978);
#981=DIRECTION('',(1.E0,0.E0,0.E0));
#982=VECTOR('',#981,1.E-1);
#983=CARTESIAN_POINT('',(1.6E0,6.5E-1,0.E0));
#984=LINE('',#983,#982);
#985=DIRECTION('',(0.E0,1.E0,0.E0));
#986=VECTOR('',#985,5.E-2);
#987=CARTESIAN_POINT('',(1.7E0,6.5E-1,0.E0));
#988=LINE('',#987,#986);
#989=DIRECTION('',(-1.E0,0.E0,0.E0));
#990=VECTOR('',#989,3.E-1);
#991=CARTESIAN_POINT('',(2.E0,7.E-1,0.E0));
#992=LINE('',#991,#990);
#993=DIRECTION('',(0.E0,1.E0,0.E0));
#994=VECTOR('',#993,2.5E-1);
#995=CARTESIAN_POINT('',(2.E0,7.E-1,0.E0));
#996=LINE('',#995,#994);
#997=DIRECTION('',(-1.E0,0.E0,0.E0));
#998=VECTOR('',#997,5.E-1);
#999=CARTESIAN_POINT('',(2.E0,9.5E-1,0.E0));
#1000=LINE('',#999,#998);
#1001=CARTESIAN_POINT('',(9.E-1,3.55E-1,0.E0));
#1002=DIRECTION('',(0.E0,0.E0,-1.E0));
#1003=DIRECTION('',(0.E0,1.E0,0.E0));
#1004=AXIS2_PLACEMENT_3D('',#1001,#1002,#1003);
#1006=DIRECTION('',(0.E0,-1.E0,0.E0));
#1007=VECTOR('',#1006,2.5E-1);
#1008=CARTESIAN_POINT('',(9.E-1,1.45E0,0.E0));
#1009=LINE('',#1008,#1007);
#1010=DIRECTION('',(-1.E0,0.E0,0.E0));
#1011=VECTOR('',#1010,1.8E0);
#1012=CARTESIAN_POINT('',(9.E-1,1.45E0,0.E0));
#1013=LINE('',#1012,#1011);
#1014=DIRECTION('',(0.E0,-1.E0,0.E0));
#1015=VECTOR('',#1014,2.5E-1);
#1016=CARTESIAN_POINT('',(-9.E-1,1.45E0,0.E0));
#1017=LINE('',#1016,#1015);
#1018=CARTESIAN_POINT('',(-9.E-1,3.55E-1,0.E0));
#1019=DIRECTION('',(0.E0,0.E0,-1.E0));
#1020=DIRECTION('',(-7.100591715976E-1,7.041420118343E-1,0.E0));
#1021=AXIS2_PLACEMENT_3D('',#1018,#1019,#1020);
#1023=DIRECTION('',(1.E0,0.E0,0.E0));
#1024=VECTOR('',#1023,5.E-1);
#1025=CARTESIAN_POINT('',(-2.E0,9.5E-1,0.E0));
#1026=LINE('',#1025,#1024);
#1027=DIRECTION('',(0.E0,-1.E0,0.E0));
#1028=VECTOR('',#1027,2.5E-1);
#1029=CARTESIAN_POINT('',(-2.E0,9.5E-1,0.E0));
#1030=LINE('',#1029,#1028);
#1031=DIRECTION('',(1.E0,0.E0,0.E0));
#1032=VECTOR('',#1031,3.E-1);
#1033=CARTESIAN_POINT('',(-2.E0,7.E-1,0.E0));
#1034=LINE('',#1033,#1032);
#1035=DIRECTION('',(0.E0,1.E0,0.E0));
#1036=VECTOR('',#1035,5.E-2);
#1037=CARTESIAN_POINT('',(-1.7E0,6.5E-1,0.E0));
#1038=LINE('',#1037,#1036);
#1039=DIRECTION('',(1.E0,0.E0,0.E0));
#1040=VECTOR('',#1039,1.E-1);
#1041=CARTESIAN_POINT('',(-1.7E0,6.5E-1,0.E0));
#1042=LINE('',#1041,#1040);
#1043=DIRECTION('',(0.E0,-1.E0,0.E0));
#1044=VECTOR('',#1043,1.3E0);
#1045=CARTESIAN_POINT('',(-1.6E0,6.5E-1,0.E0));
#1046=LINE('',#1045,#1044);
#1047=DIRECTION('',(1.E0,0.E0,0.E0));
#1048=VECTOR('',#1047,1.E-1);
#1049=CARTESIAN_POINT('',(-1.7E0,-6.5E-1,0.E0));
#1050=LINE('',#1049,#1048);
#1051=DIRECTION('',(0.E0,1.E0,0.E0));
#1052=VECTOR('',#1051,2.553502774842E-1);
#1053=CARTESIAN_POINT('',(3.101E-1,-6.510502774842E-1,0.E0));
#1054=LINE('',#1053,#1052);
#1055=DIRECTION('',(1.E0,0.E0,0.E0));
#1056=VECTOR('',#1055,1.915127081131E-1);
#1057=CARTESIAN_POINT('',(3.101E-1,-3.957E-1,0.E0));
#1058=LINE('',#1057,#1056);
#1059=DIRECTION('',(0.E0,-1.E0,0.E0));
#1060=VECTOR('',#1059,3.259790768298E-2);
#1061=CARTESIAN_POINT('',(5.016127081131E-1,-3.957E-1,0.E0));
#1062=LINE('',#1061,#1060);
#1063=DIRECTION('',(-1.E0,0.E0,0.E0));
#1064=VECTOR('',#1063,1.595939234276E-1);
#1065=CARTESIAN_POINT('',(5.016127081131E-1,-4.282979076830E-1,0.E0));
#1066=LINE('',#1065,#1064);
#1067=DIRECTION('',(0.E0,-1.E0,0.E0));
#1068=VECTOR('',#1067,2.227523698012E-1);
#1069=CARTESIAN_POINT('',(3.420187846855E-1,-4.282979076830E-1,0.E0));
#1070=LINE('',#1069,#1068);
#1071=DIRECTION('',(-1.E0,0.E0,0.E0));
#1072=VECTOR('',#1071,3.191878468552E-2);
#1073=CARTESIAN_POINT('',(3.420187846855E-1,-6.510502774842E-1,0.E0));
#1074=LINE('',#1073,#1072);
#1075=DIRECTION('',(-1.E0,0.E0,0.E0));
#1076=VECTOR('',#1075,3.191878468552E-2);
#1077=CARTESIAN_POINT('',(7.516431780030E-1,-4.608958153660E-1,0.E0));
#1078=LINE('',#1077,#1076);
#1079=DIRECTION('',(-3.102789952956E-1,9.506455412394E-1,0.E0));
#1080=VECTOR('',#1079,1.714514109826E-2);
#1081=CARTESIAN_POINT('',(7.197243933175E-1,-4.608958153660E-1,0.E0));
#1082=LINE('',#1081,#1080);
#1083=DIRECTION('',(-8.265991871191E-1,5.627910658975E-1,0.E0));
#1084=VECTOR('',#1083,1.930729256871E-2);
#1085=CARTESIAN_POINT('',(7.144046161633E-1,-4.445968634270E-1,0.E0));
#1086=LINE('',#1085,#1084);
#1087=DIRECTION('',(-9.689177459678E-1,2.473831068378E-1,0.E0));
#1088=VECTOR('',#1087,2.196182289530E-2);
#1089=CARTESIAN_POINT('',(6.984452238206E-1,-4.337308916626E-1,0.E0));
#1090=LINE('',#1089,#1088);
#1091=DIRECTION('',(-1.E0,0.E0,0.E0));
#1092=VECTOR('',#1091,4.787817702829E-2);
#1093=CARTESIAN_POINT('',(6.771660238835E-1,-4.282979076830E-1,0.E0));
#1094=LINE('',#1093,#1092);
#1095=DIRECTION('',(-9.689177459678E-1,-2.473831068378E-1,0.E0));
#1096=VECTOR('',#1095,2.196182289530E-2);
#1097=CARTESIAN_POINT('',(6.292878468552E-1,-4.282979076830E-1,0.E0));
#1098=LINE('',#1097,#1096);
#1099=DIRECTION('',(-8.265991871191E-1,-5.627910658975E-1,0.E0));
#1100=VECTOR('',#1099,1.930729256871E-2);
#1101=CARTESIAN_POINT('',(6.080086469182E-1,-4.337308916626E-1,0.E0));
#1102=LINE('',#1101,#1100);
#1103=DIRECTION('',(-5.466221810895E-1,-8.373793591563E-1,0.E0));
#1104=VECTOR('',#1103,1.946423895068E-2);
#1105=CARTESIAN_POINT('',(5.920492545754E-1,-4.445968634270E-1,0.E0));
#1106=LINE('',#1105,#1104);
#1107=DIRECTION('',(-2.377717803411E-1,-9.713210491251E-1,0.E0));
#1108=VECTOR('',#1107,2.237358691878E-2);
#1109=CARTESIAN_POINT('',(5.814096698270E-1,-4.608958153660E-1,0.E0));
#1110=LINE('',#1109,#1108);
#1111=DIRECTION('',(0.E0,-1.E0,0.E0));
#1112=VECTOR('',#1111,8.149476730495E-2);
#1113=CARTESIAN_POINT('',(5.760898622327E-1,-4.826277512846E-1,0.E0));
#1114=LINE('',#1113,#1112);
#1115=DIRECTION('',(2.377717803411E-1,-9.713210491251E-1,0.E0));
#1116=VECTOR('',#1115,2.237358691878E-2);
#1117=CARTESIAN_POINT('',(5.760898622327E-1,-5.641225185896E-1,0.E0));
#1118=LINE('',#1117,#1116);
#1119=DIRECTION('',(5.466218231676E-1,-8.373795927994E-1,0.E0));
#1120=VECTOR('',#1119,1.946425169565E-2);
#1121=CARTESIAN_POINT('',(5.814096698270E-1,-5.858544545082E-1,0.E0));
#1122=LINE('',#1121,#1120);
#1123=DIRECTION('',(8.265992787996E-1,-5.627909312417E-1,0.E0));
#1124=VECTOR('',#1123,1.930729042728E-2);
#1125=CARTESIAN_POINT('',(5.920492545754E-1,-6.021534216672E-1,0.E0));
#1126=LINE('',#1125,#1124);
#1127=DIRECTION('',(9.689177459678E-1,-2.473831068378E-1,0.E0));
#1128=VECTOR('',#1127,2.196182289530E-2);
#1129=CARTESIAN_POINT('',(6.080086469182E-1,-6.130193896266E-1,0.E0));
#1130=LINE('',#1129,#1128);
#1131=DIRECTION('',(1.E0,0.E0,0.E0));
#1132=VECTOR('',#1131,4.787817702829E-2);
#1133=CARTESIAN_POINT('',(6.292878468552E-1,-6.184523736062E-1,0.E0));
#1134=LINE('',#1133,#1132);
#1135=DIRECTION('',(9.689177459678E-1,2.473831068378E-1,0.E0));
#1136=VECTOR('',#1135,2.196182289530E-2);
#1137=CARTESIAN_POINT('',(6.771660238835E-1,-6.184523736062E-1,0.E0));
#1138=LINE('',#1137,#1136);
#1139=DIRECTION('',(8.265992787996E-1,5.627909312417E-1,0.E0));
#1140=VECTOR('',#1139,1.930729042728E-2);
#1141=CARTESIAN_POINT('',(6.984452238206E-1,-6.130193896266E-1,0.E0));
#1142=LINE('',#1141,#1140);
#1143=DIRECTION('',(3.102787334496E-1,9.506456267027E-1,0.E0));
#1144=VECTOR('',#1143,1.714515556715E-2);
#1145=CARTESIAN_POINT('',(7.144046161633E-1,-6.021534216672E-1,0.E0));
#1146=LINE('',#1145,#1144);
#1147=DIRECTION('',(1.E0,0.E0,0.E0));
#1148=VECTOR('',#1147,3.191878468552E-2);
#1149=CARTESIAN_POINT('',(7.197243933175E-1,-5.858544545082E-1,0.E0));
#1150=LINE('',#1149,#1148);
#1151=DIRECTION('',(-1.921820436730E-1,-9.813592930674E-1,0.E0));
#1152=VECTOR('',#1151,2.768092716936E-2);
#1153=CARTESIAN_POINT('',(7.516431780030E-1,-5.858544545082E-1,0.E0));
#1154=LINE('',#1153,#1152);
#1155=DIRECTION('',(-6.996250055017E-1,-7.145102180353E-1,0.E0));
#1156=VECTOR('',#1155,3.041515064459E-2);
#1157=CARTESIAN_POINT('',(7.463234008489E-1,-6.130193896266E-1,0.E0));
#1158=LINE('',#1157,#1156);
#1159=DIRECTION('',(-8.906053746977E-1,-4.547769415434E-1,0.E0));
#1160=VECTOR('',#1159,2.389296150866E-2);
#1161=CARTESIAN_POINT('',(7.250442009118E-1,-6.347513255452E-1,0.E0));
#1162=LINE('',#1161,#1160);
#1163=DIRECTION('',(-9.797706943097E-1,-2.001234283435E-1,0.E0));
#1164=VECTOR('',#1163,2.714816563274E-2);
#1165=CARTESIAN_POINT('',(7.037650009748E-1,-6.456172935045E-1,0.E0));
#1166=LINE('',#1165,#1164);
#1167=DIRECTION('',(-1.E0,0.E0,0.E0));
#1168=VECTOR('',#1167,4.787817702829E-2);
#1169=CARTESIAN_POINT('',(6.771660238835E-1,-6.510502774842E-1,0.E0));
#1170=LINE('',#1169,#1168);
#1171=DIRECTION('',(-9.797706943097E-1,2.001234283435E-1,0.E0));
#1172=VECTOR('',#1171,2.714816563274E-2);
#1173=CARTESIAN_POINT('',(6.292878468552E-1,-6.510502774842E-1,0.E0));
#1174=LINE('',#1173,#1172);
#1175=DIRECTION('',(-8.906053746977E-1,4.547769415434E-1,0.E0));
#1176=VECTOR('',#1175,2.389296150866E-2);
#1177=CARTESIAN_POINT('',(6.026888697640E-1,-6.456172935045E-1,0.E0));
#1178=LINE('',#1177,#1176);
#1179=DIRECTION('',(-6.996247500295E-1,7.145104681851E-1,0.E0));
#1180=VECTOR('',#1179,3.041513999626E-2);
#1181=CARTESIAN_POINT('',(5.814096698270E-1,-6.347513255452E-1,0.E0));
#1182=LINE('',#1181,#1180);
#1183=DIRECTION('',(-4.397136649566E-1,8.981380143666E-1,0.E0));
#1184=VECTOR('',#1183,2.419665527015E-2);
#1185=CARTESIAN_POINT('',(5.601304851100E-1,-6.130193896266E-1,0.E0));
#1186=LINE('',#1185,#1184);
#1187=DIRECTION('',(-1.921825732045E-1,9.813591893677E-1,0.E0));
#1188=VECTOR('',#1187,2.768093009438E-2);
#1189=CARTESIAN_POINT('',(5.494908851414E-1,-5.912874537079E-1,0.E0));
#1190=LINE('',#1189,#1188);
#1191=DIRECTION('',(0.E0,1.E0,0.E0));
#1192=VECTOR('',#1191,8.149476730495E-2);
#1193=CARTESIAN_POINT('',(5.441710927672E-1,-5.641225185896E-1,0.E0));
#1194=LINE('',#1193,#1192);
#1195=DIRECTION('',(1.921826769043E-1,9.813591690599E-1,0.E0));
#1196=VECTOR('',#1195,2.768091515803E-2);
#1197=CARTESIAN_POINT('',(5.441710927672E-1,-4.826277512846E-1,0.E0));
#1198=LINE('',#1197,#1196);
#1199=DIRECTION('',(4.397136028534E-1,8.981380447713E-1,0.E0));
#1200=VECTOR('',#1199,2.419665868758E-2);
#1201=CARTESIAN_POINT('',(5.494908851414E-1,-4.554628313863E-1,0.E0));
#1202=LINE('',#1201,#1200);
#1203=DIRECTION('',(6.996247187608E-1,7.145104988025E-1,0.E0));
#1204=VECTOR('',#1203,3.041514135562E-2);
#1205=CARTESIAN_POINT('',(5.601304851100E-1,-4.337308916626E-1,0.E0));
#1206=LINE('',#1205,#1204);
#1207=DIRECTION('',(8.906053505096E-1,4.547769889117E-1,0.E0));
#1208=VECTOR('',#1207,2.389296215757E-2);
#1209=CARTESIAN_POINT('',(5.814096698270E-1,-4.119989538415E-1,0.E0));
#1210=LINE('',#1209,#1208);
#1211=DIRECTION('',(9.797706908745E-1,2.001234451615E-1,0.E0));
#1212=VECTOR('',#1211,2.714816572793E-2);
#1213=CARTESIAN_POINT('',(6.026888697640E-1,-4.011329844553E-1,0.E0));
#1214=LINE('',#1213,#1212);
#1215=DIRECTION('',(1.E0,0.E0,0.E0));
#1216=VECTOR('',#1215,4.787817702829E-2);
#1217=CARTESIAN_POINT('',(6.292878468552E-1,-3.957E-1,0.E0));
#1218=LINE('',#1217,#1216);
#1219=DIRECTION('',(9.797706908745E-1,-2.001234451615E-1,0.E0));
#1220=VECTOR('',#1219,2.714816572793E-2);
#1221=CARTESIAN_POINT('',(6.771660238835E-1,-3.957E-1,0.E0));
#1222=LINE('',#1221,#1220);
#1223=DIRECTION('',(8.906053505096E-1,-4.547769889117E-1,0.E0));
#1224=VECTOR('',#1223,2.389296215757E-2);
#1225=CARTESIAN_POINT('',(7.037650009748E-1,-4.011329844553E-1,0.E0));
#1226=LINE('',#1225,#1224);
#1227=DIRECTION('',(6.996249742329E-1,-7.145102486526E-1,0.E0));
#1228=VECTOR('',#1227,3.041515200396E-2);
#1229=CARTESIAN_POINT('',(7.250442009118E-1,-4.119989538415E-1,0.E0));
#1230=LINE('',#1229,#1228);
#1231=DIRECTION('',(1.921821214477E-1,-9.813592778365E-1,0.E0));
#1232=VECTOR('',#1231,2.768091596709E-2);
#1233=CARTESIAN_POINT('',(7.463234008489E-1,-4.337308916626E-1,0.E0));
#1234=LINE('',#1233,#1232);
#1235=DIRECTION('',(-1.E0,0.E0,0.E0));
#1236=VECTOR('',#1235,1.595939234276E-1);
#1237=CARTESIAN_POINT('',(9.857142555502E-1,-4.282979076830E-1,0.E0));
#1238=LINE('',#1237,#1236);
#1239=DIRECTION('',(0.E0,-1.E0,0.E0));
#1240=VECTOR('',#1239,8.692775508962E-2);
#1241=CARTESIAN_POINT('',(8.261203321226E-1,-4.282979076830E-1,0.E0));
#1242=LINE('',#1241,#1240);
#1243=DIRECTION('',(1.E0,0.E0,0.E0));
#1244=VECTOR('',#1243,1.383147539307E-1);
#1245=CARTESIAN_POINT('',(8.261203321226E-1,-5.152256627726E-1,0.E0));
#1246=LINE('',#1245,#1244);
#1247=DIRECTION('',(0.E0,-1.E0,0.E0));
#1248=VECTOR('',#1247,3.259790387797E-2);
#1249=CARTESIAN_POINT('',(9.644350860532E-1,-5.152256627726E-1,0.E0));
#1250=LINE('',#1249,#1248);
#1251=DIRECTION('',(-1.E0,0.E0,0.E0));
#1252=VECTOR('',#1251,1.383147539307E-1);
#1253=CARTESIAN_POINT('',(9.644350860532E-1,-5.478235666506E-1,0.E0));
#1254=LINE('',#1253,#1252);
#1255=DIRECTION('',(0.E0,-1.E0,0.E0));
#1256=VECTOR('',#1255,7.062880695566E-2);
#1257=CARTESIAN_POINT('',(8.261203321226E-1,-5.478235666506E-1,0.E0));
#1258=LINE('',#1257,#1256);
#1259=DIRECTION('',(1.E0,0.E0,0.E0));
#1260=VECTOR('',#1259,1.595939234276E-1);
#1261=CARTESIAN_POINT('',(8.261203321226E-1,-6.184523736062E-1,0.E0));
#1262=LINE('',#1261,#1260);
#1263=DIRECTION('',(0.E0,-1.E0,0.E0));
#1264=VECTOR('',#1263,3.259790387797E-2);
#1265=CARTESIAN_POINT('',(9.857142555502E-1,-6.184523736062E-1,0.E0));
#1266=LINE('',#1265,#1264);
#1267=DIRECTION('',(-1.E0,0.E0,0.E0));
#1268=VECTOR('',#1267,1.915126776730E-1);
#1269=CARTESIAN_POINT('',(9.857142555502E-1,-6.510502774842E-1,0.E0));
#1270=LINE('',#1269,#1268);
#1271=DIRECTION('',(0.E0,1.E0,0.E0));
#1272=VECTOR('',#1271,2.553502774842E-1);
#1273=CARTESIAN_POINT('',(7.942015778772E-1,-6.510502774842E-1,0.E0));
#1274=LINE('',#1273,#1272);
#1275=DIRECTION('',(1.E0,0.E0,0.E0));
#1276=VECTOR('',#1275,1.915126776730E-1);
#1277=CARTESIAN_POINT('',(7.942015778772E-1,-3.957E-1,0.E0));
#1278=LINE('',#1277,#1276);
#1279=DIRECTION('',(0.E0,-1.E0,0.E0));
#1280=VECTOR('',#1279,3.259790768298E-2);
#1281=CARTESIAN_POINT('',(9.857142555502E-1,-3.957E-1,0.E0));
#1282=LINE('',#1281,#1280);
#1283=DIRECTION('',(-1.E0,0.E0,0.E0));
#1284=VECTOR('',#1283,1.276751387421E-1);
#1285=CARTESIAN_POINT('',(1.155947794166E0,-6.510502774842E-1,0.E0));
#1286=LINE('',#1285,#1284);
#1287=DIRECTION('',(0.E0,1.E0,0.E0));
#1288=VECTOR('',#1287,2.553502774842E-1);
#1289=CARTESIAN_POINT('',(1.028272655424E0,-6.510502774842E-1,0.E0));
#1290=LINE('',#1289,#1288);
#1291=DIRECTION('',(1.E0,0.E0,0.E0));
#1292=VECTOR('',#1291,1.276751387421E-1);
#1293=CARTESIAN_POINT('',(1.028272655424E0,-3.957E-1,0.E0));
#1294=LINE('',#1293,#1292);
#1295=DIRECTION('',(9.797707357802E-1,-2.001232253108E-1,0.E0));
#1296=VECTOR('',#1295,2.714819555227E-2);
#1297=CARTESIAN_POINT('',(1.155947794166E0,-3.957E-1,0.E0));
#1298=LINE('',#1297,#1296);
#1299=DIRECTION('',(8.906050870136E-1,-4.547775049247E-1,0.E0));
#1300=VECTOR('',#1299,2.389293504744E-2);
#1301=CARTESIAN_POINT('',(1.182546801698E0,-4.011329844553E-1,0.E0));
#1302=LINE('',#1301,#1300);
#1303=DIRECTION('',(6.996244632883E-1,-7.145107489524E-1,0.E0));
#1304=VECTOR('',#1303,3.041513070729E-2);
#1305=CARTESIAN_POINT('',(1.203825971195E0,-4.119989538415E-1,0.E0));
#1306=LINE('',#1305,#1304);
#1307=DIRECTION('',(4.397141102494E-1,-8.981377963584E-1,0.E0));
#1308=VECTOR('',#1307,2.419666538005E-2);
#1309=CARTESIAN_POINT('',(1.225105140692E0,-4.337308916626E-1,0.E0));
#1310=LINE('',#1309,#1308);
#1311=DIRECTION('',(1.921821473726E-1,-9.813592727596E-1,0.E0));
#1312=VECTOR('',#1311,2.768091223301E-2);
#1313=CARTESIAN_POINT('',(1.235744755880E0,-4.554628313863E-1,0.E0));
#1314=LINE('',#1313,#1312);
#1315=DIRECTION('',(0.E0,-1.E0,0.E0));
#1316=VECTOR('',#1315,8.149476730495E-2);
#1317=CARTESIAN_POINT('',(1.241064533034E0,-4.826277512846E-1,0.E0));
#1318=LINE('',#1317,#1316);
#1319=DIRECTION('',(-1.921820436730E-1,-9.813592930674E-1,0.E0));
#1320=VECTOR('',#1319,2.768092716936E-2);
#1321=CARTESIAN_POINT('',(1.241064533034E0,-5.641225185896E-1,0.E0));
#1322=LINE('',#1321,#1320);
#1323=DIRECTION('',(-4.397141723527E-1,-8.981377659536E-1,0.E0));
#1324=VECTOR('',#1323,2.419666196262E-2);
#1325=CARTESIAN_POINT('',(1.235744755880E0,-5.912874537079E-1,0.E0));
#1326=LINE('',#1325,#1324);
#1327=DIRECTION('',(-6.996244945571E-1,-7.145107183351E-1,0.E0));
#1328=VECTOR('',#1327,3.041512934793E-2);
#1329=CARTESIAN_POINT('',(1.225105140692E0,-6.130193896266E-1,0.E0));
#1330=LINE('',#1329,#1328);
#1331=DIRECTION('',(-8.906051112017E-1,-4.547774575564E-1,0.E0));
#1332=VECTOR('',#1331,2.389293439852E-2);
#1333=CARTESIAN_POINT('',(1.203825971195E0,-6.347513255452E-1,0.E0));
#1334=LINE('',#1333,#1332);
#1335=DIRECTION('',(-9.797707392153E-1,-2.001232084928E-1,0.E0));
#1336=VECTOR('',#1335,2.714819545709E-2);
#1337=CARTESIAN_POINT('',(1.182546801698E0,-6.456172935045E-1,0.E0));
#1338=LINE('',#1337,#1336);
#1339=DIRECTION('',(1.E0,0.E0,0.E0));
#1340=VECTOR('',#1339,9.575635405657E-2);
#1341=CARTESIAN_POINT('',(1.060191440110E0,-6.184523736062E-1,0.E0));
#1342=LINE('',#1341,#1340);
#1343=DIRECTION('',(9.689176611437E-1,2.473834390653E-1,0.E0));
#1344=VECTOR('',#1343,2.196179340132E-2);
#1345=CARTESIAN_POINT('',(1.155947794166E0,-6.184523736062E-1,0.E0));
#1346=LINE('',#1345,#1344);
#1347=DIRECTION('',(8.265992787996E-1,5.627909312417E-1,0.E0));
#1348=VECTOR('',#1347,1.930729042728E-2);
#1349=CARTESIAN_POINT('',(1.177226963663E0,-6.130193896266E-1,0.E0));
#1350=LINE('',#1349,#1348);
#1351=DIRECTION('',(5.466229197794E-1,8.373788769559E-1,0.E0));
#1352=VECTOR('',#1351,1.946426833490E-2);
#1353=CARTESIAN_POINT('',(1.193186356006E0,-6.021534216672E-1,0.E0));
#1354=LINE('',#1353,#1352);
#1355=DIRECTION('',(2.377704967207E-1,9.713213633444E-1,0.E0));
#1356=VECTOR('',#1355,2.237357968100E-2);
#1357=CARTESIAN_POINT('',(1.203825971195E0,-5.858544545082E-1,0.E0));
#1358=LINE('',#1357,#1356);
#1359=DIRECTION('',(0.E0,1.E0,0.E0));
#1360=VECTOR('',#1359,8.149476730495E-2);
#1361=CARTESIAN_POINT('',(1.209145748349E0,-5.641225185896E-1,0.E0));
#1362=LINE('',#1361,#1360);
#1363=DIRECTION('',(-2.377704967207E-1,9.713213633444E-1,0.E0));
#1364=VECTOR('',#1363,2.237357968100E-2);
#1365=CARTESIAN_POINT('',(1.209145748349E0,-4.826277512846E-1,0.E0));
#1366=LINE('',#1365,#1364);
#1367=DIRECTION('',(-5.466232777014E-1,8.373786433120E-1,0.E0));
#1368=VECTOR('',#1367,1.946425558994E-2);
#1369=CARTESIAN_POINT('',(1.203825971195E0,-4.608958153660E-1,0.E0));
#1370=LINE('',#1369,#1368);
#1371=DIRECTION('',(-8.265991871191E-1,5.627910658976E-1,0.E0));
#1372=VECTOR('',#1371,1.930729256871E-2);
#1373=CARTESIAN_POINT('',(1.193186356006E0,-4.445968634270E-1,0.E0));
#1374=LINE('',#1373,#1372);
#1375=DIRECTION('',(-9.689176611437E-1,2.473834390653E-1,0.E0));
#1376=VECTOR('',#1375,2.196179340132E-2);
#1377=CARTESIAN_POINT('',(1.177226963663E0,-4.337308916626E-1,0.E0));
#1378=LINE('',#1377,#1376);
#1379=DIRECTION('',(-1.E0,0.E0,0.E0));
#1380=VECTOR('',#1379,9.575635405657E-2);
#1381=CARTESIAN_POINT('',(1.155947794166E0,-4.282979076830E-1,0.E0));
#1382=LINE('',#1381,#1380);
#1383=DIRECTION('',(0.E0,-1.E0,0.E0));
#1384=VECTOR('',#1383,1.901544659232E-1);
#1385=CARTESIAN_POINT('',(1.060191440110E0,-4.282979076830E-1,0.E0));
#1386=LINE('',#1385,#1384);
#1387=DIRECTION('',(-1.E0,0.E0,0.E0));
#1388=VECTOR('',#1387,4.255833899387E-2);
#1389=CARTESIAN_POINT('',(1.411298071651E0,-6.510502774842E-1,0.E0));
#1390=LINE('',#1389,#1388);
#1391=DIRECTION('',(-3.162279017271E-1,9.486832528138E-1,0.E0));
#1392=VECTOR('',#1391,2.691628388367E-1);
#1393=CARTESIAN_POINT('',(1.368739732657E0,-6.510502774842E-1,0.E0));
#1394=LINE('',#1393,#1392);
#1395=DIRECTION('',(1.E0,0.E0,0.E0));
#1396=VECTOR('',#1395,3.191878468552E-2);
#1397=CARTESIAN_POINT('',(1.283622932908E0,-3.957E-1,0.E0));
#1398=LINE('',#1397,#1396);
#1399=DIRECTION('',(3.102805670740E-1,-9.506450282288E-1,0.E0));
#1400=VECTOR('',#1399,6.858060940731E-2);
#1401=CARTESIAN_POINT('',(1.315541717594E0,-3.957E-1,0.E0));
#1402=LINE('',#1401,#1400);
#1403=DIRECTION('',(1.E0,0.E0,0.E0));
#1404=VECTOR('',#1403,1.063959083649E-1);
#1405=CARTESIAN_POINT('',(1.336820947971E0,-4.608958153660E-1,0.E0));
#1406=LINE('',#1405,#1404);
#1407=DIRECTION('',(3.102805670740E-1,9.506450282288E-1,0.E0));
#1408=VECTOR('',#1407,6.858060940731E-2);
#1409=CARTESIAN_POINT('',(1.443216856336E0,-4.608958153660E-1,0.E0));
#1410=LINE('',#1409,#1408);
#1411=DIRECTION('',(1.E0,0.E0,0.E0));
#1412=VECTOR('',#1411,3.191878468552E-2);
#1413=CARTESIAN_POINT('',(1.464496086713E0,-3.957E-1,0.E0));
#1414=LINE('',#1413,#1412);
#1415=DIRECTION('',(-3.162279017271E-1,-9.486832528138E-1,0.E0));
#1416=VECTOR('',#1415,2.691628388367E-1);
#1417=CARTESIAN_POINT('',(1.496414871399E0,-3.957E-1,0.E0));
#1418=LINE('',#1417,#1416);
#1419=DIRECTION('',(3.102800213276E-1,9.506452063546E-1,0.E0));
#1420=VECTOR('',#1419,1.543063482574E-1);
#1421=CARTESIAN_POINT('',(1.390018841273E0,-6.293183415655E-1,0.E0));
#1422=LINE('',#1421,#1420);
#1423=DIRECTION('',(-1.E0,0.E0,0.E0));
#1424=VECTOR('',#1423,9.575635405657E-2);
#1425=CARTESIAN_POINT('',(1.437897018302E0,-4.826277512846E-1,0.E0));
#1426=LINE('',#1425,#1424);
#1427=DIRECTION('',(3.102800213276E-1,-9.506452063546E-1,0.E0));
#1428=VECTOR('',#1427,1.543063482574E-1);
#1429=CARTESIAN_POINT('',(1.342140664245E0,-4.826277512846E-1,0.E0));
#1430=LINE('',#1429,#1428);
#1431=DIRECTION('',(0.E0,0.E0,1.E0));
#1432=VECTOR('',#1431,1.5E-1);
#1433=CARTESIAN_POINT('',(1.035898584810E0,8.160460064404E-1,0.E0));
#1434=LINE('',#1433,#1432);
#1435=DIRECTION('',(0.E0,0.E0,1.E0));
#1436=VECTOR('',#1435,1.E-1);
#1437=CARTESIAN_POINT('',(1.512460005223E0,5.195848579335E-1,5.E-2));
#1438=LINE('',#1437,#1436);
#1439=DIRECTION('',(0.E0,0.E0,-1.E0));
#1440=VECTOR('',#1439,1.5E-1);
#1441=CARTESIAN_POINT('',(1.291490911640E0,1.643769474345E-1,1.5E-1));
#1442=LINE('',#1441,#1440);
#1443=DIRECTION('',(0.E0,0.E0,1.E0));
#1444=VECTOR('',#1443,1.E-1);
#1445=CARTESIAN_POINT('',(-3.605351130599E-1,2.683481632335E-1,5.E-2));
#1446=LINE('',#1445,#1444);
#1447=DIRECTION('',(0.E0,0.E0,1.E0));
#1448=VECTOR('',#1447,1.E-1);
#1449=CARTESIAN_POINT('',(8.777291946312E-1,7.540100973999E-1,5.E-2));
#1450=LINE('',#1449,#1448);
#1451=DIRECTION('',(0.E0,0.E0,1.E0));
#1452=VECTOR('',#1451,1.E-1);
#1453=CARTESIAN_POINT('',(-1.512460005223E0,-4.519916427368E-1,5.E-2));
#1454=LINE('',#1453,#1452);
#1455=DIRECTION('',(0.E0,0.E0,-1.E0));
#1456=VECTOR('',#1455,1.5E-1);
#1457=CARTESIAN_POINT('',(-1.291490911640E0,-9.678373223773E-2,1.5E-1));
#1458=LINE('',#1457,#1456);
#1459=DIRECTION('',(0.E0,0.E0,1.E0));
#1460=VECTOR('',#1459,1.5E-1);
#1461=CARTESIAN_POINT('',(-1.035898584810E0,-7.484527912437E-1,0.E0));
#1462=LINE('',#1461,#1460);
#1463=DIRECTION('',(9.309557985799E-1,3.651318954713E-1,0.E0));
#1464=VECTOR('',#1463,5.E-1);
#1465=CARTESIAN_POINT('',(-1.962257600979E-1,-1.505819461274E-1,5.E-2));
#1466=LINE('',#1465,#1464);
#1467=DIRECTION('',(3.651318954713E-1,-9.309557985799E-1,0.E0));
#1468=VECTOR('',#1467,2.5E-1);
#1469=CARTESIAN_POINT('',(2.692521391921E-1,3.198400160821E-2,5.E-2));
#1470=LINE('',#1469,#1468);
#1471=DIRECTION('',(-9.309557985799E-1,-3.651318954713E-1,0.E0));
#1472=VECTOR('',#1471,8.301E-1);
#1473=CARTESIAN_POINT('',(1.133321521461E0,1.023410383939E-1,5.E-2));
#1474=LINE('',#1473,#1472);
#1475=DIRECTION('',(-3.651318954713E-1,9.309557985799E-1,0.E0));
#1476=VECTOR('',#1475,2.5E-1);
#1477=CARTESIAN_POINT('',(1.133321521461E0,1.023410383939E-1,5.E-2));
#1478=LINE('',#1477,#1476);
#1479=DIRECTION('',(9.309557985799E-1,3.651318954713E-1,0.E0));
#1480=VECTOR('',#1479,5.053101966250E-1);
#1481=CARTESIAN_POINT('',(1.042038547593E0,3.350799880389E-1,5.E-2));
#1482=LINE('',#1481,#1480);
#1483=CARTESIAN_POINT('',(1.163694748225E0,4.902114769375E-1,5.E-2));
#1484=DIRECTION('',(0.E0,0.E0,-1.E0));
#1485=DIRECTION('',(7.878253654392E-1,6.158986877487E-1,0.E0));
#1486=AXIS2_PLACEMENT_3D('',#1483,#1484,#1485);
#1488=DIRECTION('',(-9.309557985799E-1,-3.651318954713E-1,0.E0));
#1489=VECTOR('',#1488,5.053101966250E-1);
#1490=CARTESIAN_POINT('',(1.439433626129E0,7.057760176495E-1,5.E-2));
#1491=LINE('',#1490,#1489);
#1492=DIRECTION('',(-3.651318954713E-1,9.309557985799E-1,0.E0));
#1493=VECTOR('',#1492,2.5E-1);
#1494=CARTESIAN_POINT('',(9.690121684990E-1,5.212711477549E-1,5.E-2));
#1495=LINE('',#1494,#1493);
#1496=DIRECTION('',(9.309557985799E-1,3.651318954713E-1,0.E0));
#1497=VECTOR('',#1496,8.301E-1);
#1498=CARTESIAN_POINT('',(1.049427862300E-1,4.509141109692E-1,5.E-2));
#1499=LINE('',#1498,#1497);
#1500=DIRECTION('',(3.651318954713E-1,-9.309557985799E-1,0.E0));
#1501=VECTOR('',#1500,2.5E-1);
#1502=CARTESIAN_POINT('',(1.049427862300E-1,4.509141109692E-1,5.E-2));
#1503=LINE('',#1502,#1501);
#1504=DIRECTION('',(-9.309557985799E-1,-3.651318954713E-1,0.E0));
#1505=VECTOR('',#1504,5.E-1);
#1506=CARTESIAN_POINT('',(1.962257600979E-1,2.181751613242E-1,5.E-2));
#1507=LINE('',#1506,#1505);
#1508=DIRECTION('',(-3.651318954713E-1,9.309557985799E-1,0.E0));
#1509=VECTOR('',#1508,2.5E-1);
#1510=CARTESIAN_POINT('',(-2.692521391921E-1,3.560921358856E-2,5.E-2));
#1511=LINE('',#1510,#1509);
#1512=DIRECTION('',(9.309557985799E-1,3.651318954713E-1,0.E0));
#1513=VECTOR('',#1512,8.301E-1);
#1514=CARTESIAN_POINT('',(-1.133321521461E0,-3.474782319716E-2,5.E-2));
#1515=LINE('',#1514,#1513);
#1516=DIRECTION('',(3.651318954713E-1,-9.309557985799E-1,0.E0));
#1517=VECTOR('',#1516,2.5E-1);
#1518=CARTESIAN_POINT('',(-1.133321521461E0,-3.474782319716E-2,5.E-2));
#1519=LINE('',#1518,#1517);
#1520=DIRECTION('',(-9.309557985799E-1,-3.651318954713E-1,0.E0));
#1521=VECTOR('',#1520,5.053101966250E-1);
#1522=CARTESIAN_POINT('',(-1.042038547593E0,-2.674867728421E-1,5.E-2));
#1523=LINE('',#1522,#1521);
#1524=CARTESIAN_POINT('',(-1.163694748225E0,-4.226182617407E-1,5.E-2));
#1525=DIRECTION('',(0.E0,0.E0,-1.E0));
#1526=DIRECTION('',(-7.878253654392E-1,-6.158986877487E-1,0.E0));
#1527=AXIS2_PLACEMENT_3D('',#1524,#1525,#1526);
#1529=DIRECTION('',(9.309557985799E-1,3.651318954713E-1,0.E0));
#1530=VECTOR('',#1529,5.053101966250E-1);
#1531=CARTESIAN_POINT('',(-1.439433626129E0,-6.381828024528E-1,5.E-2));
#1532=LINE('',#1531,#1530);
#1533=DIRECTION('',(3.651318954713E-1,-9.309557985799E-1,0.E0));
#1534=VECTOR('',#1533,2.5E-1);
#1535=CARTESIAN_POINT('',(-9.690121684990E-1,-4.536779325581E-1,5.E-2));
#1536=LINE('',#1535,#1534);
#1537=DIRECTION('',(-9.309557985799E-1,-3.651318954713E-1,0.E0));
#1538=VECTOR('',#1537,8.301E-1);
#1539=CARTESIAN_POINT('',(-1.049427862300E-1,-3.833208957724E-1,5.E-2));
#1540=LINE('',#1539,#1538);
#1541=DIRECTION('',(-3.651318954713E-1,9.309557985799E-1,0.E0));
#1542=VECTOR('',#1541,2.5E-1);
#1543=CARTESIAN_POINT('',(-1.049427862300E-1,-3.833208957724E-1,5.E-2));
#1544=LINE('',#1543,#1542);
#1545=DIRECTION('',(0.E0,0.E0,1.E0));
#1546=VECTOR('',#1545,1.E-1);
#1547=CARTESIAN_POINT('',(-1.962257600979E-1,-1.505819461274E-1,5.E-2));
#1548=LINE('',#1547,#1546);
#1549=DIRECTION('',(0.E0,0.E0,1.E0));
#1550=VECTOR('',#1549,1.E-1);
#1551=CARTESIAN_POINT('',(-1.049427862300E-1,-3.833208957724E-1,5.E-2));
#1552=LINE('',#1551,#1550);
#1553=DIRECTION('',(0.E0,0.E0,1.E0));
#1554=VECTOR('',#1553,1.E-1);
#1555=CARTESIAN_POINT('',(-8.777291946312E-1,-6.864168822031E-1,5.E-2));
#1556=LINE('',#1555,#1554);
#1557=DIRECTION('',(0.E0,0.E0,1.E0));
#1558=VECTOR('',#1557,1.E-1);
#1559=CARTESIAN_POINT('',(3.605351130599E-1,-2.007549480368E-1,5.E-2));
#1560=LINE('',#1559,#1558);
#1561=DIRECTION('',(0.E0,0.E0,1.E0));
#1562=VECTOR('',#1561,1.E-1);
#1563=CARTESIAN_POINT('',(-9.690121684990E-1,-4.536779325581E-1,5.E-2));
#1564=LINE('',#1563,#1562);
#1565=DIRECTION('',(0.E0,0.E0,1.E0));
#1566=VECTOR('',#1565,1.E-1);
#1567=CARTESIAN_POINT('',(-1.439433626129E0,-6.381828024528E-1,5.E-2));
#1568=LINE('',#1567,#1566);
#1569=DIRECTION('',(9.309557985799E-1,3.651318954713E-1,0.E0));
#1570=VECTOR('',#1569,5.E-1);
#1571=CARTESIAN_POINT('',(-1.962257600979E-1,-1.505819461274E-1,1.5E-1));
#1572=LINE('',#1571,#1570);
#1573=DIRECTION('',(-3.651318954713E-1,9.309557985799E-1,0.E0));
#1574=VECTOR('',#1573,2.5E-1);
#1575=CARTESIAN_POINT('',(-1.049427862300E-1,-3.833208957724E-1,1.5E-1));
#1576=LINE('',#1575,#1574);
#1577=DIRECTION('',(-9.309557985799E-1,-3.651318954713E-1,0.E0));
#1578=VECTOR('',#1577,5.E-1);
#1579=CARTESIAN_POINT('',(3.605351130599E-1,-2.007549480368E-1,1.5E-1));
#1580=LINE('',#1579,#1578);
#1581=DIRECTION('',(3.651318954713E-1,-9.309557985799E-1,0.E0));
#1582=VECTOR('',#1581,2.5E-1);
#1583=CARTESIAN_POINT('',(2.692521391921E-1,3.198400160821E-2,1.5E-1));
#1584=LINE('',#1583,#1582);
#1585=DIRECTION('',(-3.651318954713E-1,9.309557985799E-1,0.E0));
#1586=VECTOR('',#1585,2.5E-1);
#1587=CARTESIAN_POINT('',(-2.692521391921E-1,3.560921358856E-2,1.5E-1));
#1588=LINE('',#1587,#1586);
#1589=DIRECTION('',(-9.309557985799E-1,-3.651318954713E-1,0.E0));
#1590=VECTOR('',#1589,5.E-1);
#1591=CARTESIAN_POINT('',(1.962257600979E-1,2.181751613242E-1,1.5E-1));
#1592=LINE('',#1591,#1590);
#1593=DIRECTION('',(3.651318954713E-1,-9.309557985799E-1,0.E0));
#1594=VECTOR('',#1593,2.5E-1);
#1595=CARTESIAN_POINT('',(1.049427862300E-1,4.509141109692E-1,1.5E-1));
#1596=LINE('',#1595,#1594);
#1597=DIRECTION('',(9.309557985799E-1,3.651318954713E-1,0.E0));
#1598=VECTOR('',#1597,5.E-1);
#1599=CARTESIAN_POINT('',(-3.605351130599E-1,2.683481632335E-1,1.5E-1));
#1600=LINE('',#1599,#1598);
#1601=DIRECTION('',(-9.309557985799E-1,-3.651318954713E-1,0.E0));
#1602=VECTOR('',#1601,1.699E-1);
#1603=CARTESIAN_POINT('',(-8.777291946312E-1,-6.864168822031E-1,1.5E-1));
#1604=LINE('',#1603,#1602);
#1605=DIRECTION('',(3.651318954713E-1,-9.309557985799E-1,0.E0));
#1606=VECTOR('',#1605,2.5E-1);
#1607=CARTESIAN_POINT('',(-9.690121684990E-1,-4.536779325581E-1,1.5E-1));
#1608=LINE('',#1607,#1606);
#1609=DIRECTION('',(9.309557985799E-1,3.651318954713E-1,0.E0));
#1610=VECTOR('',#1609,5.053101966250E-1);
#1611=CARTESIAN_POINT('',(-1.439433626129E0,-6.381828024528E-1,1.5E-1));
#1612=LINE('',#1611,#1610);
#1613=CARTESIAN_POINT('',(-1.163694748225E0,-4.226182617407E-1,1.5E-1));
#1614=DIRECTION('',(0.E0,0.E0,-1.E0));
#1615=DIRECTION('',(3.651318954713E-1,-9.309557985799E-1,0.E0));
#1616=AXIS2_PLACEMENT_3D('',#1613,#1614,#1615);
#1618=DIRECTION('',(3.651318954713E-1,-9.309557985799E-1,0.E0));
#1619=VECTOR('',#1618,2.5E-1);
#1620=CARTESIAN_POINT('',(-1.133321521461E0,-3.474782319716E-2,1.5E-1));
#1621=LINE('',#1620,#1619);
#1622=DIRECTION('',(9.309557985799E-1,3.651318954713E-1,0.E0));
#1623=VECTOR('',#1622,1.699E-1);
#1624=CARTESIAN_POINT('',(-1.291490911640E0,-9.678373223773E-2,1.5E-1));
#1625=LINE('',#1624,#1623);
#1626=CARTESIAN_POINT('',(-1.163694748225E0,-4.226182617407E-1,1.5E-1));
#1627=DIRECTION('',(0.E0,0.E0,-1.E0));
#1628=DIRECTION('',(-9.964721628513E-1,-8.392394570307E-2,0.E0));
#1629=AXIS2_PLACEMENT_3D('',#1626,#1627,#1628);
#1631=DIRECTION('',(-9.309557985799E-1,-3.651318954713E-1,0.E0));
#1632=VECTOR('',#1631,5.053101966250E-1);
#1633=CARTESIAN_POINT('',(-1.042038547593E0,-2.674867728421E-1,1.5E-1));
#1634=LINE('',#1633,#1632);
#1635=DIRECTION('',(-3.651318954713E-1,9.309557985799E-1,0.E0));
#1636=VECTOR('',#1635,2.5E-1);
#1637=CARTESIAN_POINT('',(1.133321521461E0,1.023410383939E-1,1.5E-1));
#1638=LINE('',#1637,#1636);
#1639=DIRECTION('',(-9.309557985799E-1,-3.651318954713E-1,0.E0));
#1640=VECTOR('',#1639,1.699E-1);
#1641=CARTESIAN_POINT('',(1.291490911640E0,1.643769474345E-1,1.5E-1));
#1642=LINE('',#1641,#1640);
#1643=CARTESIAN_POINT('',(1.163694748225E0,4.902114769375E-1,1.5E-1));
#1644=DIRECTION('',(0.E0,0.E0,-1.E0));
#1645=DIRECTION('',(9.964721628513E-1,8.392394570307E-2,0.E0));
#1646=AXIS2_PLACEMENT_3D('',#1643,#1644,#1645);
#1648=DIRECTION('',(9.309557985799E-1,3.651318954713E-1,0.E0));
#1649=VECTOR('',#1648,5.053101966250E-1);
#1650=CARTESIAN_POINT('',(1.042038547593E0,3.350799880389E-1,1.5E-1));
#1651=LINE('',#1650,#1649);
#1652=DIRECTION('',(9.309557985799E-1,3.651318954713E-1,0.E0));
#1653=VECTOR('',#1652,1.699E-1);
#1654=CARTESIAN_POINT('',(8.777291946312E-1,7.540100973999E-1,1.5E-1));
#1655=LINE('',#1654,#1653);
#1656=DIRECTION('',(-3.651318954713E-1,9.309557985799E-1,0.E0));
#1657=VECTOR('',#1656,2.5E-1);
#1658=CARTESIAN_POINT('',(9.690121684990E-1,5.212711477549E-1,1.5E-1));
#1659=LINE('',#1658,#1657);
#1660=DIRECTION('',(-9.309557985799E-1,-3.651318954713E-1,0.E0));
#1661=VECTOR('',#1660,5.053101966250E-1);
#1662=CARTESIAN_POINT('',(1.439433626129E0,7.057760176495E-1,1.5E-1));
#1663=LINE('',#1662,#1661);
#1664=CARTESIAN_POINT('',(1.163694748225E0,4.902114769375E-1,1.5E-1));
#1665=DIRECTION('',(0.E0,0.E0,-1.E0));
#1666=DIRECTION('',(-3.651318954713E-1,9.309557985799E-1,0.E0));
#1667=AXIS2_PLACEMENT_3D('',#1664,#1665,#1666);
#1669=DIRECTION('',(0.E0,0.E0,1.E0));
#1670=VECTOR('',#1669,1.E-1);
#1671=CARTESIAN_POINT('',(2.692521391921E-1,3.198400160821E-2,5.E-2));
#1672=LINE('',#1671,#1670);
#1673=DIRECTION('',(0.E0,0.E0,1.E0));
#1674=VECTOR('',#1673,1.E-1);
#1675=CARTESIAN_POINT('',(-2.692521391921E-1,3.560921358856E-2,5.E-2));
#1676=LINE('',#1675,#1674);
#1677=DIRECTION('',(0.E0,0.E0,1.E0));
#1678=VECTOR('',#1677,1.E-1);
#1679=CARTESIAN_POINT('',(1.962257600979E-1,2.181751613242E-1,5.E-2));
#1680=LINE('',#1679,#1678);
#1681=DIRECTION('',(0.E0,0.E0,1.E0));
#1682=VECTOR('',#1681,1.E-1);
#1683=CARTESIAN_POINT('',(1.049427862300E-1,4.509141109692E-1,5.E-2));
#1684=LINE('',#1683,#1682);
#1685=DIRECTION('',(0.E0,0.E0,1.E0));
#1686=VECTOR('',#1685,1.E-1);
#1687=CARTESIAN_POINT('',(-1.133321521461E0,-3.474782319716E-2,5.E-2));
#1688=LINE('',#1687,#1686);
#1689=DIRECTION('',(0.E0,0.E0,1.E0));
#1690=VECTOR('',#1689,1.E-1);
#1691=CARTESIAN_POINT('',(-1.042038547593E0,-2.674867728421E-1,5.E-2));
#1692=LINE('',#1691,#1690);
#1693=DIRECTION('',(0.E0,0.E0,1.E0));
#1694=VECTOR('',#1693,1.E-1);
#1695=CARTESIAN_POINT('',(1.133321521461E0,1.023410383939E-1,5.E-2));
#1696=LINE('',#1695,#1694);
#1697=DIRECTION('',(0.E0,0.E0,1.E0));
#1698=VECTOR('',#1697,1.E-1);
#1699=CARTESIAN_POINT('',(1.042038547593E0,3.350799880389E-1,5.E-2));
#1700=LINE('',#1699,#1698);
#1701=DIRECTION('',(0.E0,0.E0,1.E0));
#1702=VECTOR('',#1701,1.E-1);
#1703=CARTESIAN_POINT('',(9.690121684990E-1,5.212711477549E-1,5.E-2));
#1704=LINE('',#1703,#1702);
#1705=DIRECTION('',(0.E0,0.E0,1.E0));
#1706=VECTOR('',#1705,1.E-1);
#1707=CARTESIAN_POINT('',(1.439433626129E0,7.057760176495E-1,5.E-2));
#1708=LINE('',#1707,#1706);
#1709=DIRECTION('',(1.E0,0.E0,0.E0));
#1710=VECTOR('',#1709,3.E-1);
#1711=CARTESIAN_POINT('',(-2.E0,-7.E-1,1.5E-1));
#1712=LINE('',#1711,#1710);
#1713=DIRECTION('',(0.E0,1.E0,0.E0));
#1714=VECTOR('',#1713,1.4E0);
#1715=CARTESIAN_POINT('',(-2.E0,-7.E-1,1.5E-1));
#1716=LINE('',#1715,#1714);
#1717=DIRECTION('',(0.E0,0.E0,1.E0));
#1718=VECTOR('',#1717,1.5E-1);
#1719=CARTESIAN_POINT('',(-2.E0,7.E-1,0.E0));
#1720=LINE('',#1719,#1718);
#1721=DIRECTION('',(0.E0,0.E0,1.E0));
#1722=VECTOR('',#1721,4.3E-1);
#1723=CARTESIAN_POINT('',(-2.E0,9.5E-1,0.E0));
#1724=LINE('',#1723,#1722);
#1725=DIRECTION('',(0.E0,-1.E0,0.E0));
#1726=VECTOR('',#1725,5.E-1);
#1727=CARTESIAN_POINT('',(-2.E0,1.45E0,4.3E-1));
#1728=LINE('',#1727,#1726);
#1729=DIRECTION('',(0.E0,1.737853339090E-1,-9.847835588179E-1));
#1730=VECTOR('',#1729,8.631338250816E-1);
#1731=CARTESIAN_POINT('',(-2.E0,1.3E0,1.28E0));
#1732=LINE('',#1731,#1730);
#1733=DIRECTION('',(0.E0,0.E0,-1.E0));
#1734=VECTOR('',#1733,5.6E-1);
#1735=CARTESIAN_POINT('',(-2.E0,4.25E-1,1.28E0));
#1736=LINE('',#1735,#1734);
#1737=DIRECTION('',(0.E0,-1.E0,0.E0));
#1738=VECTOR('',#1737,8.5E-1);
#1739=CARTESIAN_POINT('',(-2.E0,4.25E-1,7.2E-1));
#1740=LINE('',#1739,#1738);
#1741=DIRECTION('',(0.E0,0.E0,-1.E0));
#1742=VECTOR('',#1741,5.6E-1);
#1743=CARTESIAN_POINT('',(-2.E0,-4.25E-1,1.28E0));
#1744=LINE('',#1743,#1742);
#1745=DIRECTION('',(0.E0,1.737853339090E-1,9.847835588179E-1));
#1746=VECTOR('',#1745,8.631338250816E-1);
#1747=CARTESIAN_POINT('',(-2.E0,-1.45E0,4.3E-1));
#1748=LINE('',#1747,#1746);
#1749=DIRECTION('',(0.E0,-1.E0,0.E0));
#1750=VECTOR('',#1749,5.E-1);
#1751=CARTESIAN_POINT('',(-2.E0,-9.5E-1,4.3E-1));
#1752=LINE('',#1751,#1750);
#1753=DIRECTION('',(0.E0,0.E0,1.E0));
#1754=VECTOR('',#1753,4.3E-1);
#1755=CARTESIAN_POINT('',(-2.E0,-9.5E-1,0.E0));
#1756=LINE('',#1755,#1754);
#1757=DIRECTION('',(0.E0,0.E0,1.E0));
#1758=VECTOR('',#1757,1.5E-1);
#1759=CARTESIAN_POINT('',(-2.E0,-7.E-1,0.E0));
#1760=LINE('',#1759,#1758);
#1761=DIRECTION('',(1.E0,0.E0,0.E0));
#1762=VECTOR('',#1761,3.E-1);
#1763=CARTESIAN_POINT('',(-2.E0,7.E-1,1.5E-1));
#1764=LINE('',#1763,#1762);
#1765=DIRECTION('',(0.E0,0.E0,1.E0));
#1766=VECTOR('',#1765,4.3E-1);
#1767=CARTESIAN_POINT('',(-1.5E0,9.5E-1,0.E0));
#1768=LINE('',#1767,#1766);
#1769=DIRECTION('',(0.E0,0.E0,1.E0));
#1770=VECTOR('',#1769,4.3E-1);
#1771=CARTESIAN_POINT('',(-9.E-1,1.2E0,0.E0));
#1772=LINE('',#1771,#1770);
#1773=DIRECTION('',(1.E0,0.E0,0.E0));
#1774=VECTOR('',#1773,4.E-1);
#1775=CARTESIAN_POINT('',(-1.3E0,-1.2E0,4.3E-1));
#1776=LINE('',#1775,#1774);
#1777=CARTESIAN_POINT('',(-9.E-1,-3.55E-1,4.3E-1));
#1778=DIRECTION('',(0.E0,0.E0,1.E0));
#1779=DIRECTION('',(-7.100591715976E-1,-7.041420118343E-1,0.E0));
#1780=AXIS2_PLACEMENT_3D('',#1777,#1778,#1779);
#1782=DIRECTION('',(1.E0,0.E0,0.E0));
#1783=VECTOR('',#1782,5.E-1);
#1784=CARTESIAN_POINT('',(-2.E0,-9.5E-1,4.3E-1));
#1785=LINE('',#1784,#1783);
#1786=DIRECTION('',(0.E0,1.E0,0.E0));
#1787=VECTOR('',#1786,2.5E-1);
#1788=CARTESIAN_POINT('',(-1.3E0,-1.45E0,4.3E-1));
#1789=LINE('',#1788,#1787);
#1790=DIRECTION('',(1.E0,0.E0,0.E0));
#1791=VECTOR('',#1790,4.E-1);
#1792=CARTESIAN_POINT('',(9.E-1,-1.2E0,4.3E-1));
#1793=LINE('',#1792,#1791);
#1794=DIRECTION('',(0.E0,1.E0,0.E0));
#1795=VECTOR('',#1794,2.5E-1);
#1796=CARTESIAN_POINT('',(1.3E0,-1.45E0,4.3E-1));
#1797=LINE('',#1796,#1795);
#1798=DIRECTION('',(1.E0,0.E0,0.E0));
#1799=VECTOR('',#1798,5.E-1);
#1800=CARTESIAN_POINT('',(1.5E0,-9.5E-1,4.3E-1));
#1801=LINE('',#1800,#1799);
#1802=CARTESIAN_POINT('',(9.E-1,-3.55E-1,4.3E-1));
#1803=DIRECTION('',(0.E0,0.E0,1.E0));
#1804=DIRECTION('',(2.378110857481E-14,-1.E0,0.E0));
#1805=AXIS2_PLACEMENT_3D('',#1802,#1803,#1804);
#1807=DIRECTION('',(1.E0,0.E0,0.E0));
#1808=VECTOR('',#1807,4.E-1);
#1809=CARTESIAN_POINT('',(-1.3E0,1.2E0,4.3E-1));
#1810=LINE('',#1809,#1808);
#1811=DIRECTION('',(0.E0,-1.E0,0.E0));
#1812=VECTOR('',#1811,2.5E-1);
#1813=CARTESIAN_POINT('',(-1.3E0,1.45E0,4.3E-1));
#1814=LINE('',#1813,#1812);
#1815=DIRECTION('',(-1.E0,0.E0,0.E0));
#1816=VECTOR('',#1815,5.E-1);
#1817=CARTESIAN_POINT('',(-1.5E0,9.5E-1,4.3E-1));
#1818=LINE('',#1817,#1816);
#1819=CARTESIAN_POINT('',(-9.E-1,3.55E-1,4.3E-1));
#1820=DIRECTION('',(0.E0,0.E0,1.E0));
#1821=DIRECTION('',(-2.391249591500E-14,1.E0,0.E0));
#1822=AXIS2_PLACEMENT_3D('',#1819,#1820,#1821);
#1824=DIRECTION('',(1.E0,0.E0,0.E0));
#1825=VECTOR('',#1824,4.E-1);
#1826=CARTESIAN_POINT('',(9.E-1,1.2E0,4.3E-1));
#1827=LINE('',#1826,#1825);
#1828=CARTESIAN_POINT('',(9.E-1,3.55E-1,4.3E-1));
#1829=DIRECTION('',(0.E0,0.E0,1.E0));
#1830=DIRECTION('',(7.100591715976E-1,7.041420118343E-1,0.E0));
#1831=AXIS2_PLACEMENT_3D('',#1828,#1829,#1830);
#1833=DIRECTION('',(-1.E0,0.E0,0.E0));
#1834=VECTOR('',#1833,5.E-1);
#1835=CARTESIAN_POINT('',(2.E0,9.5E-1,4.3E-1));
#1836=LINE('',#1835,#1834);
#1837=DIRECTION('',(0.E0,-1.E0,0.E0));
#1838=VECTOR('',#1837,2.5E-1);
#1839=CARTESIAN_POINT('',(1.3E0,1.45E0,4.3E-1));
#1840=LINE('',#1839,#1838);
#1841=DIRECTION('',(0.E0,0.E0,1.E0));
#1842=VECTOR('',#1841,8.5E-1);
#1843=CARTESIAN_POINT('',(1.3E0,-1.2E0,4.3E-1));
#1844=LINE('',#1843,#1842);
#1845=DIRECTION('',(1.E0,0.E0,0.E0));
#1846=VECTOR('',#1845,1.8E0);
#1847=CARTESIAN_POINT('',(-9.E-1,-1.2E0,4.3E-1));
#1848=LINE('',#1847,#1846);
#1849=DIRECTION('',(0.E0,0.E0,-1.E0));
#1850=VECTOR('',#1849,8.5E-1);
#1851=CARTESIAN_POINT('',(-1.3E0,-1.2E0,1.28E0));
#1852=LINE('',#1851,#1850);
#1853=DIRECTION('',(0.E0,-1.737853339090E-1,-9.847835588179E-1));
#1854=VECTOR('',#1853,8.631338250816E-1);
#1855=CARTESIAN_POINT('',(-1.3E0,-1.3E0,1.28E0));
#1856=LINE('',#1855,#1854);
#1857=DIRECTION('',(1.E0,0.E0,0.E0));
#1858=VECTOR('',#1857,7.E-1);
#1859=CARTESIAN_POINT('',(-2.E0,-1.45E0,4.3E-1));
#1860=LINE('',#1859,#1858);
#1861=DIRECTION('',(0.E0,-1.737853339090E-1,-9.847835588179E-1));
#1862=VECTOR('',#1861,8.631338250816E-1);
#1863=CARTESIAN_POINT('',(1.3E0,-1.3E0,1.28E0));
#1864=LINE('',#1863,#1862);
#1865=DIRECTION('',(1.E0,0.E0,0.E0));
#1866=VECTOR('',#1865,7.E-1);
#1867=CARTESIAN_POINT('',(1.3E0,-1.45E0,4.3E-1));
#1868=LINE('',#1867,#1866);
#1869=DIRECTION('',(1.E0,0.E0,0.E0));
#1870=VECTOR('',#1869,1.8E0);
#1871=CARTESIAN_POINT('',(-9.E-1,-1.45E0,4.3E-1));
#1872=LINE('',#1871,#1870);
#1873=DIRECTION('',(0.E0,0.E0,1.E0));
#1874=VECTOR('',#1873,4.3E-1);
#1875=CARTESIAN_POINT('',(9.E-1,-1.45E0,0.E0));
#1876=LINE('',#1875,#1874);
#1877=DIRECTION('',(0.E0,0.E0,1.E0));
#1878=VECTOR('',#1877,4.3E-1);
#1879=CARTESIAN_POINT('',(-9.E-1,-1.45E0,0.E0));
#1880=LINE('',#1879,#1878);
#1881=DIRECTION('',(1.643130076445E-14,1.E0,0.E0));
#1882=VECTOR('',#1881,2.5E-1);
#1883=CARTESIAN_POINT('',(9.E-1,-1.45E0,4.3E-1));
#1884=LINE('',#1883,#1882);
#1885=DIRECTION('',(0.E0,0.E0,1.E0));
#1886=VECTOR('',#1885,4.3E-1);
#1887=CARTESIAN_POINT('',(9.E-1,-1.2E0,0.E0));
#1888=LINE('',#1887,#1886);
#1889=DIRECTION('',(0.E0,0.E0,1.E0));
#1890=VECTOR('',#1889,4.3E-1);
#1891=CARTESIAN_POINT('',(1.5E0,-9.5E-1,0.E0));
#1892=LINE('',#1891,#1890);
#1893=DIRECTION('',(0.E0,-1.E0,0.E0));
#1894=VECTOR('',#1893,2.5E-1);
#1895=CARTESIAN_POINT('',(-9.E-1,-1.2E0,4.3E-1));
#1896=LINE('',#1895,#1894);
#1897=DIRECTION('',(0.E0,0.E0,1.E0));
#1898=VECTOR('',#1897,4.3E-1);
#1899=CARTESIAN_POINT('',(-9.E-1,-1.2E0,0.E0));
#1900=LINE('',#1899,#1898);
#1901=DIRECTION('',(0.E0,0.E0,1.E0));
#1902=VECTOR('',#1901,4.3E-1);
#1903=CARTESIAN_POINT('',(-1.5E0,-9.5E-1,0.E0));
#1904=LINE('',#1903,#1902);
#1905=DIRECTION('',(0.E0,0.E0,-1.E0));
#1906=VECTOR('',#1905,8.5E-1);
#1907=CARTESIAN_POINT('',(-1.3E0,1.2E0,1.28E0));
#1908=LINE('',#1907,#1906);
#1909=DIRECTION('',(1.E0,0.E0,0.E0));
#1910=VECTOR('',#1909,1.8E0);
#1911=CARTESIAN_POINT('',(-9.E-1,1.2E0,4.3E-1));
#1912=LINE('',#1911,#1910);
#1913=DIRECTION('',(0.E0,0.E0,1.E0));
#1914=VECTOR('',#1913,8.5E-1);
#1915=CARTESIAN_POINT('',(1.3E0,1.2E0,4.3E-1));
#1916=LINE('',#1915,#1914);
#1917=DIRECTION('',(0.E0,1.737853339090E-1,-9.847835588179E-1));
#1918=VECTOR('',#1917,8.631338250816E-1);
#1919=CARTESIAN_POINT('',(-1.3E0,1.3E0,1.28E0));
#1920=LINE('',#1919,#1918);
#1921=DIRECTION('',(-1.E0,0.E0,0.E0));
#1922=VECTOR('',#1921,7.E-1);
#1923=CARTESIAN_POINT('',(-1.3E0,1.45E0,4.3E-1));
#1924=LINE('',#1923,#1922);
#1925=DIRECTION('',(0.E0,1.737853339090E-1,-9.847835588179E-1));
#1926=VECTOR('',#1925,8.631338250816E-1);
#1927=CARTESIAN_POINT('',(1.3E0,1.3E0,1.28E0));
#1928=LINE('',#1927,#1926);
#1929=DIRECTION('',(-1.E0,0.E0,0.E0));
#1930=VECTOR('',#1929,7.E-1);
#1931=CARTESIAN_POINT('',(2.E0,1.45E0,4.3E-1));
#1932=LINE('',#1931,#1930);
#1933=DIRECTION('',(-1.643130076445E-14,-1.E0,0.E0));
#1934=VECTOR('',#1933,2.5E-1);
#1935=CARTESIAN_POINT('',(-9.E-1,1.45E0,4.3E-1));
#1936=LINE('',#1935,#1934);
#1937=DIRECTION('',(-1.E0,0.E0,0.E0));
#1938=VECTOR('',#1937,1.8E0);
#1939=CARTESIAN_POINT('',(9.E-1,1.45E0,4.3E-1));
#1940=LINE('',#1939,#1938);
#1941=DIRECTION('',(0.E0,0.E0,1.E0));
#1942=VECTOR('',#1941,4.3E-1);
#1943=CARTESIAN_POINT('',(-9.E-1,1.45E0,0.E0));
#1944=LINE('',#1943,#1942);
#1945=DIRECTION('',(0.E0,0.E0,1.E0));
#1946=VECTOR('',#1945,4.3E-1);
#1947=CARTESIAN_POINT('',(9.E-1,1.45E0,0.E0));
#1948=LINE('',#1947,#1946);
#1949=DIRECTION('',(0.E0,1.E0,0.E0));
#1950=VECTOR('',#1949,2.5E-1);
#1951=CARTESIAN_POINT('',(9.E-1,1.2E0,4.3E-1));
#1952=LINE('',#1951,#1950);
#1953=DIRECTION('',(0.E0,0.E0,1.E0));
#1954=VECTOR('',#1953,4.3E-1);
#1955=CARTESIAN_POINT('',(9.E-1,1.2E0,0.E0));
#1956=LINE('',#1955,#1954);
#1957=DIRECTION('',(0.E0,0.E0,1.E0));
#1958=VECTOR('',#1957,4.3E-1);
#1959=CARTESIAN_POINT('',(1.5E0,9.5E-1,0.E0));
#1960=LINE('',#1959,#1958);
#1961=DIRECTION('',(1.E0,0.E0,0.E0));
#1962=VECTOR('',#1961,1.8E-1);
#1963=CARTESIAN_POINT('',(-2.E0,4.25E-1,7.2E-1));
#1964=LINE('',#1963,#1962);
#1965=DIRECTION('',(1.E0,0.E0,0.E0));
#1966=VECTOR('',#1965,1.8E-1);
#1967=CARTESIAN_POINT('',(-2.E0,-4.25E-1,7.2E-1));
#1968=LINE('',#1967,#1966);
#1969=DIRECTION('',(0.E0,0.E0,1.E0));
#1970=VECTOR('',#1969,1.E-2);
#1971=CARTESIAN_POINT('',(-1.6E0,-6.5E-1,-1.E-2));
#1972=LINE('',#1971,#1970);
#1973=DIRECTION('',(1.E0,0.E0,0.E0));
#1974=VECTOR('',#1973,9.E-1);
#1975=CARTESIAN_POINT('',(-2.5E0,-6.5E-1,-1.E-2));
#1976=LINE('',#1975,#1974);
#1977=DIRECTION('',(0.E0,0.E0,-1.E0));
#1978=VECTOR('',#1977,1.E-1);
#1979=CARTESIAN_POINT('',(-2.5E0,-6.5E-1,9.E-2));
#1980=LINE('',#1979,#1978);
#1981=DIRECTION('',(-1.E0,0.E0,0.E0));
#1982=VECTOR('',#1981,8.E-1);
#1983=CARTESIAN_POINT('',(-1.7E0,-6.5E-1,9.E-2));
#1984=LINE('',#1983,#1982);
#1985=DIRECTION('',(-1.E0,0.E0,0.E0));
#1986=VECTOR('',#1985,8.E-1);
#1987=CARTESIAN_POINT('',(2.5E0,-6.5E-1,9.E-2));
#1988=LINE('',#1987,#1986);
#1989=DIRECTION('',(0.E0,0.E0,1.E0));
#1990=VECTOR('',#1989,1.E-1);
#1991=CARTESIAN_POINT('',(2.5E0,-6.5E-1,-1.E-2));
#1992=LINE('',#1991,#1990);
#1993=DIRECTION('',(1.E0,0.E0,0.E0));
#1994=VECTOR('',#1993,9.E-1);
#1995=CARTESIAN_POINT('',(1.6E0,-6.5E-1,-1.E-2));
#1996=LINE('',#1995,#1994);
#1997=DIRECTION('',(0.E0,0.E0,-1.E0));
#1998=VECTOR('',#1997,1.E-2);
#1999=CARTESIAN_POINT('',(1.6E0,-6.5E-1,0.E0));
#2000=LINE('',#1999,#1998);
#2001=DIRECTION('',(0.E0,-1.E0,0.E0));
#2002=VECTOR('',#2001,1.3E0);
#2003=CARTESIAN_POINT('',(-1.6E0,6.5E-1,-1.E-2));
#2004=LINE('',#2003,#2002);
#2005=DIRECTION('',(0.E0,-1.E0,0.E0));
#2006=VECTOR('',#2005,1.3E0);
#2007=CARTESIAN_POINT('',(-2.5E0,6.5E-1,-1.E-2));
#2008=LINE('',#2007,#2006);
#2009=DIRECTION('',(0.E0,-1.E0,0.E0));
#2010=VECTOR('',#2009,1.3E0);
#2011=CARTESIAN_POINT('',(-2.5E0,6.5E-1,9.E-2));
#2012=LINE('',#2011,#2010);
#2013=DIRECTION('',(0.E0,-1.E0,0.E0));
#2014=VECTOR('',#2013,1.3E0);
#2015=CARTESIAN_POINT('',(2.5E0,6.5E-1,9.E-2));
#2016=LINE('',#2015,#2014);
#2017=DIRECTION('',(0.E0,-1.E0,0.E0));
#2018=VECTOR('',#2017,1.3E0);
#2019=CARTESIAN_POINT('',(2.5E0,6.5E-1,-1.E-2));
#2020=LINE('',#2019,#2018);
#2021=DIRECTION('',(0.E0,-1.E0,0.E0));
#2022=VECTOR('',#2021,1.3E0);
#2023=CARTESIAN_POINT('',(1.6E0,6.5E-1,-1.E-2));
#2024=LINE('',#2023,#2022);
#2025=DIRECTION('',(-1.E0,0.E0,0.E0));
#2026=VECTOR('',#2025,3.E-1);
#2027=CARTESIAN_POINT('',(2.E0,7.E-1,1.5E-1));
#2028=LINE('',#2027,#2026);
#2029=DIRECTION('',(0.E0,0.E0,-1.E0));
#2030=VECTOR('',#2029,1.E-2);
#2031=CARTESIAN_POINT('',(3.101E-1,-6.510502774842E-1,0.E0));
#2032=LINE('',#2031,#2030);
#2033=DIRECTION('',(0.E0,0.E0,-1.E0));
#2034=VECTOR('',#2033,1.E-2);
#2035=CARTESIAN_POINT('',(3.420187846855E-1,-6.510502774842E-1,0.E0));
#2036=LINE('',#2035,#2034);
#2037=DIRECTION('',(0.E0,0.E0,-1.E0));
#2038=VECTOR('',#2037,1.E-2);
#2039=CARTESIAN_POINT('',(3.420187846855E-1,-4.282979076830E-1,0.E0));
#2040=LINE('',#2039,#2038);
#2041=DIRECTION('',(0.E0,0.E0,-1.E0));
#2042=VECTOR('',#2041,1.E-2);
#2043=CARTESIAN_POINT('',(5.016127081131E-1,-4.282979076830E-1,0.E0));
#2044=LINE('',#2043,#2042);
#2045=DIRECTION('',(0.E0,0.E0,-1.E0));
#2046=VECTOR('',#2045,1.E-2);
#2047=CARTESIAN_POINT('',(5.016127081131E-1,-3.957E-1,0.E0));
#2048=LINE('',#2047,#2046);
#2049=DIRECTION('',(0.E0,0.E0,-1.E0));
#2050=VECTOR('',#2049,1.E-2);
#2051=CARTESIAN_POINT('',(3.101E-1,-3.957E-1,0.E0));
#2052=LINE('',#2051,#2050);
#2053=DIRECTION('',(0.E0,1.E0,0.E0));
#2054=VECTOR('',#2053,2.553502774842E-1);
#2055=CARTESIAN_POINT('',(3.101E-1,-6.510502774842E-1,-1.E-2));
#2056=LINE('',#2055,#2054);
#2057=DIRECTION('',(-1.E0,0.E0,0.E0));
#2058=VECTOR('',#2057,3.191878468552E-2);
#2059=CARTESIAN_POINT('',(3.420187846855E-1,-6.510502774842E-1,-1.E-2));
#2060=LINE('',#2059,#2058);
#2061=DIRECTION('',(0.E0,-1.E0,0.E0));
#2062=VECTOR('',#2061,2.227523698012E-1);
#2063=CARTESIAN_POINT('',(3.420187846855E-1,-4.282979076830E-1,-1.E-2));
#2064=LINE('',#2063,#2062);
#2065=DIRECTION('',(-1.E0,0.E0,0.E0));
#2066=VECTOR('',#2065,1.595939234276E-1);
#2067=CARTESIAN_POINT('',(5.016127081131E-1,-4.282979076830E-1,-1.E-2));
#2068=LINE('',#2067,#2066);
#2069=DIRECTION('',(0.E0,-1.E0,0.E0));
#2070=VECTOR('',#2069,3.259790768298E-2);
#2071=CARTESIAN_POINT('',(5.016127081131E-1,-3.957E-1,-1.E-2));
#2072=LINE('',#2071,#2070);
#2073=DIRECTION('',(1.E0,0.E0,0.E0));
#2074=VECTOR('',#2073,1.915127081131E-1);
#2075=CARTESIAN_POINT('',(3.101E-1,-3.957E-1,-1.E-2));
#2076=LINE('',#2075,#2074);
#2077=DIRECTION('',(-1.E0,0.E0,0.E0));
#2078=VECTOR('',#2077,3.191878468552E-2);
#2079=CARTESIAN_POINT('',(7.516431780030E-1,-4.608958153660E-1,-1.E-2));
#2080=LINE('',#2079,#2078);
#2081=DIRECTION('',(1.921821214477E-1,-9.813592778365E-1,0.E0));
#2082=VECTOR('',#2081,2.768091596709E-2);
#2083=CARTESIAN_POINT('',(7.463234008489E-1,-4.337308916626E-1,-1.E-2));
#2084=LINE('',#2083,#2082);
#2085=DIRECTION('',(6.996249742329E-1,-7.145102486526E-1,0.E0));
#2086=VECTOR('',#2085,3.041515200396E-2);
#2087=CARTESIAN_POINT('',(7.250442009118E-1,-4.119989538415E-1,-1.E-2));
#2088=LINE('',#2087,#2086);
#2089=DIRECTION('',(8.906053505096E-1,-4.547769889117E-1,0.E0));
#2090=VECTOR('',#2089,2.389296215757E-2);
#2091=CARTESIAN_POINT('',(7.037650009748E-1,-4.011329844553E-1,-1.E-2));
#2092=LINE('',#2091,#2090);
#2093=DIRECTION('',(9.797706908745E-1,-2.001234451615E-1,0.E0));
#2094=VECTOR('',#2093,2.714816572793E-2);
#2095=CARTESIAN_POINT('',(6.771660238835E-1,-3.957E-1,-1.E-2));
#2096=LINE('',#2095,#2094);
#2097=DIRECTION('',(1.E0,0.E0,0.E0));
#2098=VECTOR('',#2097,4.787817702829E-2);
#2099=CARTESIAN_POINT('',(6.292878468552E-1,-3.957E-1,-1.E-2));
#2100=LINE('',#2099,#2098);
#2101=DIRECTION('',(9.797706908745E-1,2.001234451615E-1,0.E0));
#2102=VECTOR('',#2101,2.714816572793E-2);
#2103=CARTESIAN_POINT('',(6.026888697640E-1,-4.011329844553E-1,-1.E-2));
#2104=LINE('',#2103,#2102);
#2105=DIRECTION('',(8.906053505096E-1,4.547769889117E-1,0.E0));
#2106=VECTOR('',#2105,2.389296215757E-2);
#2107=CARTESIAN_POINT('',(5.814096698270E-1,-4.119989538415E-1,-1.E-2));
#2108=LINE('',#2107,#2106);
#2109=DIRECTION('',(6.996247187608E-1,7.145104988025E-1,0.E0));
#2110=VECTOR('',#2109,3.041514135562E-2);
#2111=CARTESIAN_POINT('',(5.601304851100E-1,-4.337308916626E-1,-1.E-2));
#2112=LINE('',#2111,#2110);
#2113=DIRECTION('',(4.397136028534E-1,8.981380447713E-1,0.E0));
#2114=VECTOR('',#2113,2.419665868758E-2);
#2115=CARTESIAN_POINT('',(5.494908851414E-1,-4.554628313863E-1,-1.E-2));
#2116=LINE('',#2115,#2114);
#2117=DIRECTION('',(1.921826769043E-1,9.813591690599E-1,0.E0));
#2118=VECTOR('',#2117,2.768091515803E-2);
#2119=CARTESIAN_POINT('',(5.441710927672E-1,-4.826277512846E-1,-1.E-2));
#2120=LINE('',#2119,#2118);
#2121=DIRECTION('',(0.E0,1.E0,0.E0));
#2122=VECTOR('',#2121,8.149476730495E-2);
#2123=CARTESIAN_POINT('',(5.441710927672E-1,-5.641225185896E-1,-1.E-2));
#2124=LINE('',#2123,#2122);
#2125=DIRECTION('',(-1.921825732045E-1,9.813591893677E-1,0.E0));
#2126=VECTOR('',#2125,2.768093009438E-2);
#2127=CARTESIAN_POINT('',(5.494908851414E-1,-5.912874537079E-1,-1.E-2));
#2128=LINE('',#2127,#2126);
#2129=DIRECTION('',(-4.397136649566E-1,8.981380143666E-1,0.E0));
#2130=VECTOR('',#2129,2.419665527015E-2);
#2131=CARTESIAN_POINT('',(5.601304851100E-1,-6.130193896266E-1,-1.E-2));
#2132=LINE('',#2131,#2130);
#2133=DIRECTION('',(-6.996247500295E-1,7.145104681851E-1,0.E0));
#2134=VECTOR('',#2133,3.041513999626E-2);
#2135=CARTESIAN_POINT('',(5.814096698270E-1,-6.347513255452E-1,-1.E-2));
#2136=LINE('',#2135,#2134);
#2137=DIRECTION('',(-8.906053746977E-1,4.547769415434E-1,0.E0));
#2138=VECTOR('',#2137,2.389296150866E-2);
#2139=CARTESIAN_POINT('',(6.026888697640E-1,-6.456172935045E-1,-1.E-2));
#2140=LINE('',#2139,#2138);
#2141=DIRECTION('',(-9.797706943097E-1,2.001234283435E-1,0.E0));
#2142=VECTOR('',#2141,2.714816563274E-2);
#2143=CARTESIAN_POINT('',(6.292878468552E-1,-6.510502774842E-1,-1.E-2));
#2144=LINE('',#2143,#2142);
#2145=DIRECTION('',(-1.E0,0.E0,0.E0));
#2146=VECTOR('',#2145,4.787817702829E-2);
#2147=CARTESIAN_POINT('',(6.771660238835E-1,-6.510502774842E-1,-1.E-2));
#2148=LINE('',#2147,#2146);
#2149=DIRECTION('',(-9.797706943097E-1,-2.001234283435E-1,0.E0));
#2150=VECTOR('',#2149,2.714816563274E-2);
#2151=CARTESIAN_POINT('',(7.037650009748E-1,-6.456172935045E-1,-1.E-2));
#2152=LINE('',#2151,#2150);
#2153=DIRECTION('',(-8.906053746977E-1,-4.547769415434E-1,0.E0));
#2154=VECTOR('',#2153,2.389296150866E-2);
#2155=CARTESIAN_POINT('',(7.250442009118E-1,-6.347513255452E-1,-1.E-2));
#2156=LINE('',#2155,#2154);
#2157=DIRECTION('',(-6.996250055017E-1,-7.145102180353E-1,0.E0));
#2158=VECTOR('',#2157,3.041515064459E-2);
#2159=CARTESIAN_POINT('',(7.463234008489E-1,-6.130193896266E-1,-1.E-2));
#2160=LINE('',#2159,#2158);
#2161=DIRECTION('',(-1.921820436730E-1,-9.813592930674E-1,0.E0));
#2162=VECTOR('',#2161,2.768092716936E-2);
#2163=CARTESIAN_POINT('',(7.516431780030E-1,-5.858544545082E-1,-1.E-2));
#2164=LINE('',#2163,#2162);
#2165=DIRECTION('',(1.E0,0.E0,0.E0));
#2166=VECTOR('',#2165,3.191878468552E-2);
#2167=CARTESIAN_POINT('',(7.197243933175E-1,-5.858544545082E-1,-1.E-2));
#2168=LINE('',#2167,#2166);
#2169=DIRECTION('',(3.102787334496E-1,9.506456267027E-1,0.E0));
#2170=VECTOR('',#2169,1.714515556715E-2);
#2171=CARTESIAN_POINT('',(7.144046161633E-1,-6.021534216672E-1,-1.E-2));
#2172=LINE('',#2171,#2170);
#2173=DIRECTION('',(8.265992787996E-1,5.627909312417E-1,0.E0));
#2174=VECTOR('',#2173,1.930729042728E-2);
#2175=CARTESIAN_POINT('',(6.984452238206E-1,-6.130193896266E-1,-1.E-2));
#2176=LINE('',#2175,#2174);
#2177=DIRECTION('',(9.689177459678E-1,2.473831068378E-1,0.E0));
#2178=VECTOR('',#2177,2.196182289530E-2);
#2179=CARTESIAN_POINT('',(6.771660238835E-1,-6.184523736062E-1,-1.E-2));
#2180=LINE('',#2179,#2178);
#2181=DIRECTION('',(1.E0,0.E0,0.E0));
#2182=VECTOR('',#2181,4.787817702829E-2);
#2183=CARTESIAN_POINT('',(6.292878468552E-1,-6.184523736062E-1,-1.E-2));
#2184=LINE('',#2183,#2182);
#2185=DIRECTION('',(9.689177459678E-1,-2.473831068378E-1,0.E0));
#2186=VECTOR('',#2185,2.196182289530E-2);
#2187=CARTESIAN_POINT('',(6.080086469182E-1,-6.130193896266E-1,-1.E-2));
#2188=LINE('',#2187,#2186);
#2189=DIRECTION('',(8.265992787996E-1,-5.627909312417E-1,0.E0));
#2190=VECTOR('',#2189,1.930729042728E-2);
#2191=CARTESIAN_POINT('',(5.920492545754E-1,-6.021534216672E-1,-1.E-2));
#2192=LINE('',#2191,#2190);
#2193=DIRECTION('',(5.466218231676E-1,-8.373795927994E-1,0.E0));
#2194=VECTOR('',#2193,1.946425169565E-2);
#2195=CARTESIAN_POINT('',(5.814096698270E-1,-5.858544545082E-1,-1.E-2));
#2196=LINE('',#2195,#2194);
#2197=DIRECTION('',(2.377717803411E-1,-9.713210491251E-1,0.E0));
#2198=VECTOR('',#2197,2.237358691878E-2);
#2199=CARTESIAN_POINT('',(5.760898622327E-1,-5.641225185896E-1,-1.E-2));
#2200=LINE('',#2199,#2198);
#2201=DIRECTION('',(0.E0,-1.E0,0.E0));
#2202=VECTOR('',#2201,8.149476730495E-2);
#2203=CARTESIAN_POINT('',(5.760898622327E-1,-4.826277512846E-1,-1.E-2));
#2204=LINE('',#2203,#2202);
#2205=DIRECTION('',(-2.377717803411E-1,-9.713210491251E-1,0.E0));
#2206=VECTOR('',#2205,2.237358691878E-2);
#2207=CARTESIAN_POINT('',(5.814096698270E-1,-4.608958153660E-1,-1.E-2));
#2208=LINE('',#2207,#2206);
#2209=DIRECTION('',(-5.466221810895E-1,-8.373793591563E-1,0.E0));
#2210=VECTOR('',#2209,1.946423895068E-2);
#2211=CARTESIAN_POINT('',(5.920492545754E-1,-4.445968634270E-1,-1.E-2));
#2212=LINE('',#2211,#2210);
#2213=DIRECTION('',(-8.265991871191E-1,-5.627910658975E-1,0.E0));
#2214=VECTOR('',#2213,1.930729256871E-2);
#2215=CARTESIAN_POINT('',(6.080086469182E-1,-4.337308916626E-1,-1.E-2));
#2216=LINE('',#2215,#2214);
#2217=DIRECTION('',(-9.689177459678E-1,-2.473831068378E-1,0.E0));
#2218=VECTOR('',#2217,2.196182289530E-2);
#2219=CARTESIAN_POINT('',(6.292878468552E-1,-4.282979076830E-1,-1.E-2));
#2220=LINE('',#2219,#2218);
#2221=DIRECTION('',(-1.E0,0.E0,0.E0));
#2222=VECTOR('',#2221,4.787817702829E-2);
#2223=CARTESIAN_POINT('',(6.771660238835E-1,-4.282979076830E-1,-1.E-2));
#2224=LINE('',#2223,#2222);
#2225=DIRECTION('',(-9.689177459678E-1,2.473831068378E-1,0.E0));
#2226=VECTOR('',#2225,2.196182289530E-2);
#2227=CARTESIAN_POINT('',(6.984452238206E-1,-4.337308916626E-1,-1.E-2));
#2228=LINE('',#2227,#2226);
#2229=DIRECTION('',(-8.265991871191E-1,5.627910658975E-1,0.E0));
#2230=VECTOR('',#2229,1.930729256871E-2);
#2231=CARTESIAN_POINT('',(7.144046161633E-1,-4.445968634270E-1,-1.E-2));
#2232=LINE('',#2231,#2230);
#2233=DIRECTION('',(-3.102789952956E-1,9.506455412394E-1,0.E0));
#2234=VECTOR('',#2233,1.714514109826E-2);
#2235=CARTESIAN_POINT('',(7.197243933175E-1,-4.608958153660E-1,-1.E-2));
#2236=LINE('',#2235,#2234);
#2237=DIRECTION('',(-1.E0,0.E0,0.E0));
#2238=VECTOR('',#2237,1.595939234276E-1);
#2239=CARTESIAN_POINT('',(9.857142555502E-1,-4.282979076830E-1,-1.E-2));
#2240=LINE('',#2239,#2238);
#2241=DIRECTION('',(0.E0,-1.E0,0.E0));
#2242=VECTOR('',#2241,3.259790768298E-2);
#2243=CARTESIAN_POINT('',(9.857142555502E-1,-3.957E-1,-1.E-2));
#2244=LINE('',#2243,#2242);
#2245=DIRECTION('',(1.E0,0.E0,0.E0));
#2246=VECTOR('',#2245,1.915126776730E-1);
#2247=CARTESIAN_POINT('',(7.942015778772E-1,-3.957E-1,-1.E-2));
#2248=LINE('',#2247,#2246);
#2249=DIRECTION('',(0.E0,1.E0,0.E0));
#2250=VECTOR('',#2249,2.553502774842E-1);
#2251=CARTESIAN_POINT('',(7.942015778772E-1,-6.510502774842E-1,-1.E-2));
#2252=LINE('',#2251,#2250);
#2253=DIRECTION('',(-1.E0,0.E0,0.E0));
#2254=VECTOR('',#2253,1.915126776730E-1);
#2255=CARTESIAN_POINT('',(9.857142555502E-1,-6.510502774842E-1,-1.E-2));
#2256=LINE('',#2255,#2254);
#2257=DIRECTION('',(0.E0,-1.E0,0.E0));
#2258=VECTOR('',#2257,3.259790387797E-2);
#2259=CARTESIAN_POINT('',(9.857142555502E-1,-6.184523736062E-1,-1.E-2));
#2260=LINE('',#2259,#2258);
#2261=DIRECTION('',(1.E0,0.E0,0.E0));
#2262=VECTOR('',#2261,1.595939234276E-1);
#2263=CARTESIAN_POINT('',(8.261203321226E-1,-6.184523736062E-1,-1.E-2));
#2264=LINE('',#2263,#2262);
#2265=DIRECTION('',(0.E0,-1.E0,0.E0));
#2266=VECTOR('',#2265,7.062880695566E-2);
#2267=CARTESIAN_POINT('',(8.261203321226E-1,-5.478235666506E-1,-1.E-2));
#2268=LINE('',#2267,#2266);
#2269=DIRECTION('',(-1.E0,0.E0,0.E0));
#2270=VECTOR('',#2269,1.383147539307E-1);
#2271=CARTESIAN_POINT('',(9.644350860532E-1,-5.478235666506E-1,-1.E-2));
#2272=LINE('',#2271,#2270);
#2273=DIRECTION('',(0.E0,-1.E0,0.E0));
#2274=VECTOR('',#2273,3.259790387797E-2);
#2275=CARTESIAN_POINT('',(9.644350860532E-1,-5.152256627726E-1,-1.E-2));
#2276=LINE('',#2275,#2274);
#2277=DIRECTION('',(1.E0,0.E0,0.E0));
#2278=VECTOR('',#2277,1.383147539307E-1);
#2279=CARTESIAN_POINT('',(8.261203321226E-1,-5.152256627726E-1,-1.E-2));
#2280=LINE('',#2279,#2278);
#2281=DIRECTION('',(0.E0,-1.E0,0.E0));
#2282=VECTOR('',#2281,8.692775508962E-2);
#2283=CARTESIAN_POINT('',(8.261203321226E-1,-4.282979076830E-1,-1.E-2));
#2284=LINE('',#2283,#2282);
#2285=DIRECTION('',(-1.E0,0.E0,0.E0));
#2286=VECTOR('',#2285,1.276751387421E-1);
#2287=CARTESIAN_POINT('',(1.155947794166E0,-6.510502774842E-1,-1.E-2));
#2288=LINE('',#2287,#2286);
#2289=DIRECTION('',(-9.797707392153E-1,-2.001232084928E-1,0.E0));
#2290=VECTOR('',#2289,2.714819545709E-2);
#2291=CARTESIAN_POINT('',(1.182546801698E0,-6.456172935045E-1,-1.E-2));
#2292=LINE('',#2291,#2290);
#2293=DIRECTION('',(-8.906051112017E-1,-4.547774575564E-1,0.E0));
#2294=VECTOR('',#2293,2.389293439852E-2);
#2295=CARTESIAN_POINT('',(1.203825971195E0,-6.347513255452E-1,-1.E-2));
#2296=LINE('',#2295,#2294);
#2297=DIRECTION('',(-6.996244945571E-1,-7.145107183351E-1,0.E0));
#2298=VECTOR('',#2297,3.041512934793E-2);
#2299=CARTESIAN_POINT('',(1.225105140692E0,-6.130193896266E-1,-1.E-2));
#2300=LINE('',#2299,#2298);
#2301=DIRECTION('',(-4.397141723527E-1,-8.981377659536E-1,0.E0));
#2302=VECTOR('',#2301,2.419666196262E-2);
#2303=CARTESIAN_POINT('',(1.235744755880E0,-5.912874537079E-1,-1.E-2));
#2304=LINE('',#2303,#2302);
#2305=DIRECTION('',(-1.921820436730E-1,-9.813592930674E-1,0.E0));
#2306=VECTOR('',#2305,2.768092716936E-2);
#2307=CARTESIAN_POINT('',(1.241064533034E0,-5.641225185896E-1,-1.E-2));
#2308=LINE('',#2307,#2306);
#2309=DIRECTION('',(0.E0,-1.E0,0.E0));
#2310=VECTOR('',#2309,8.149476730495E-2);
#2311=CARTESIAN_POINT('',(1.241064533034E0,-4.826277512846E-1,-1.E-2));
#2312=LINE('',#2311,#2310);
#2313=DIRECTION('',(1.921821473726E-1,-9.813592727596E-1,0.E0));
#2314=VECTOR('',#2313,2.768091223301E-2);
#2315=CARTESIAN_POINT('',(1.235744755880E0,-4.554628313863E-1,-1.E-2));
#2316=LINE('',#2315,#2314);
#2317=DIRECTION('',(4.397141102494E-1,-8.981377963584E-1,0.E0));
#2318=VECTOR('',#2317,2.419666538005E-2);
#2319=CARTESIAN_POINT('',(1.225105140692E0,-4.337308916626E-1,-1.E-2));
#2320=LINE('',#2319,#2318);
#2321=DIRECTION('',(6.996244632883E-1,-7.145107489524E-1,0.E0));
#2322=VECTOR('',#2321,3.041513070729E-2);
#2323=CARTESIAN_POINT('',(1.203825971195E0,-4.119989538415E-1,-1.E-2));
#2324=LINE('',#2323,#2322);
#2325=DIRECTION('',(8.906050870136E-1,-4.547775049247E-1,0.E0));
#2326=VECTOR('',#2325,2.389293504744E-2);
#2327=CARTESIAN_POINT('',(1.182546801698E0,-4.011329844553E-1,-1.E-2));
#2328=LINE('',#2327,#2326);
#2329=DIRECTION('',(9.797707357802E-1,-2.001232253108E-1,0.E0));
#2330=VECTOR('',#2329,2.714819555227E-2);
#2331=CARTESIAN_POINT('',(1.155947794166E0,-3.957E-1,-1.E-2));
#2332=LINE('',#2331,#2330);
#2333=DIRECTION('',(1.E0,0.E0,0.E0));
#2334=VECTOR('',#2333,1.276751387421E-1);
#2335=CARTESIAN_POINT('',(1.028272655424E0,-3.957E-1,-1.E-2));
#2336=LINE('',#2335,#2334);
#2337=DIRECTION('',(0.E0,1.E0,0.E0));
#2338=VECTOR('',#2337,2.553502774842E-1);
#2339=CARTESIAN_POINT('',(1.028272655424E0,-6.510502774842E-1,-1.E-2));
#2340=LINE('',#2339,#2338);
#2341=DIRECTION('',(1.E0,0.E0,0.E0));
#2342=VECTOR('',#2341,9.575635405657E-2);
#2343=CARTESIAN_POINT('',(1.060191440110E0,-6.184523736062E-1,-1.E-2));
#2344=LINE('',#2343,#2342);
#2345=DIRECTION('',(0.E0,-1.E0,0.E0));
#2346=VECTOR('',#2345,1.901544659232E-1);
#2347=CARTESIAN_POINT('',(1.060191440110E0,-4.282979076830E-1,-1.E-2));
#2348=LINE('',#2347,#2346);
#2349=DIRECTION('',(-1.E0,0.E0,0.E0));
#2350=VECTOR('',#2349,9.575635405657E-2);
#2351=CARTESIAN_POINT('',(1.155947794166E0,-4.282979076830E-1,-1.E-2));
#2352=LINE('',#2351,#2350);
#2353=DIRECTION('',(-9.689176611437E-1,2.473834390653E-1,0.E0));
#2354=VECTOR('',#2353,2.196179340132E-2);
#2355=CARTESIAN_POINT('',(1.177226963663E0,-4.337308916626E-1,-1.E-2));
#2356=LINE('',#2355,#2354);
#2357=DIRECTION('',(-8.265991871191E-1,5.627910658975E-1,0.E0));
#2358=VECTOR('',#2357,1.930729256871E-2);
#2359=CARTESIAN_POINT('',(1.193186356006E0,-4.445968634270E-1,-1.E-2));
#2360=LINE('',#2359,#2358);
#2361=DIRECTION('',(-5.466232777014E-1,8.373786433120E-1,0.E0));
#2362=VECTOR('',#2361,1.946425558994E-2);
#2363=CARTESIAN_POINT('',(1.203825971195E0,-4.608958153660E-1,-1.E-2));
#2364=LINE('',#2363,#2362);
#2365=DIRECTION('',(-2.377704967207E-1,9.713213633444E-1,0.E0));
#2366=VECTOR('',#2365,2.237357968100E-2);
#2367=CARTESIAN_POINT('',(1.209145748349E0,-4.826277512846E-1,-1.E-2));
#2368=LINE('',#2367,#2366);
#2369=DIRECTION('',(0.E0,1.E0,0.E0));
#2370=VECTOR('',#2369,8.149476730495E-2);
#2371=CARTESIAN_POINT('',(1.209145748349E0,-5.641225185896E-1,-1.E-2));
#2372=LINE('',#2371,#2370);
#2373=DIRECTION('',(2.377704967207E-1,9.713213633444E-1,0.E0));
#2374=VECTOR('',#2373,2.237357968100E-2);
#2375=CARTESIAN_POINT('',(1.203825971195E0,-5.858544545082E-1,-1.E-2));
#2376=LINE('',#2375,#2374);
#2377=DIRECTION('',(5.466229197794E-1,8.373788769559E-1,0.E0));
#2378=VECTOR('',#2377,1.946426833490E-2);
#2379=CARTESIAN_POINT('',(1.193186356006E0,-6.021534216672E-1,-1.E-2));
#2380=LINE('',#2379,#2378);
#2381=DIRECTION('',(8.265992787996E-1,5.627909312417E-1,0.E0));
#2382=VECTOR('',#2381,1.930729042728E-2);
#2383=CARTESIAN_POINT('',(1.177226963663E0,-6.130193896266E-1,-1.E-2));
#2384=LINE('',#2383,#2382);
#2385=DIRECTION('',(9.689176611437E-1,2.473834390653E-1,0.E0));
#2386=VECTOR('',#2385,2.196179340132E-2);
#2387=CARTESIAN_POINT('',(1.155947794166E0,-6.184523736062E-1,-1.E-2));
#2388=LINE('',#2387,#2386);
#2389=DIRECTION('',(-1.E0,0.E0,0.E0));
#2390=VECTOR('',#2389,4.255833899387E-2);
#2391=CARTESIAN_POINT('',(1.411298071651E0,-6.510502774842E-1,-1.E-2));
#2392=LINE('',#2391,#2390);
#2393=DIRECTION('',(-3.162279017271E-1,-9.486832528138E-1,0.E0));
#2394=VECTOR('',#2393,2.691628388367E-1);
#2395=CARTESIAN_POINT('',(1.496414871399E0,-3.957E-1,-1.E-2));
#2396=LINE('',#2395,#2394);
#2397=DIRECTION('',(1.E0,0.E0,0.E0));
#2398=VECTOR('',#2397,3.191878468552E-2);
#2399=CARTESIAN_POINT('',(1.464496086713E0,-3.957E-1,-1.E-2));
#2400=LINE('',#2399,#2398);
#2401=DIRECTION('',(3.102805670740E-1,9.506450282288E-1,0.E0));
#2402=VECTOR('',#2401,6.858060940731E-2);
#2403=CARTESIAN_POINT('',(1.443216856336E0,-4.608958153660E-1,-1.E-2));
#2404=LINE('',#2403,#2402);
#2405=DIRECTION('',(1.E0,0.E0,0.E0));
#2406=VECTOR('',#2405,1.063959083649E-1);
#2407=CARTESIAN_POINT('',(1.336820947971E0,-4.608958153660E-1,-1.E-2));
#2408=LINE('',#2407,#2406);
#2409=DIRECTION('',(3.102805670740E-1,-9.506450282288E-1,0.E0));
#2410=VECTOR('',#2409,6.858060940731E-2);
#2411=CARTESIAN_POINT('',(1.315541717594E0,-3.957E-1,-1.E-2));
#2412=LINE('',#2411,#2410);
#2413=DIRECTION('',(1.E0,0.E0,0.E0));
#2414=VECTOR('',#2413,3.191878468552E-2);
#2415=CARTESIAN_POINT('',(1.283622932908E0,-3.957E-1,-1.E-2));
#2416=LINE('',#2415,#2414);
#2417=DIRECTION('',(-3.162279017271E-1,9.486832528138E-1,0.E0));
#2418=VECTOR('',#2417,2.691628388367E-1);
#2419=CARTESIAN_POINT('',(1.368739732657E0,-6.510502774842E-1,-1.E-2));
#2420=LINE('',#2419,#2418);
#2421=DIRECTION('',(3.102800213276E-1,9.506452063546E-1,0.E0));
#2422=VECTOR('',#2421,1.543063482574E-1);
#2423=CARTESIAN_POINT('',(1.390018841273E0,-6.293183415655E-1,-1.E-2));
#2424=LINE('',#2423,#2422);
#2425=DIRECTION('',(3.102800213276E-1,-9.506452063546E-1,0.E0));
#2426=VECTOR('',#2425,1.543063482574E-1);
#2427=CARTESIAN_POINT('',(1.342140664245E0,-4.826277512846E-1,-1.E-2));
#2428=LINE('',#2427,#2426);
#2429=DIRECTION('',(-1.E0,0.E0,0.E0));
#2430=VECTOR('',#2429,9.575635405657E-2);
#2431=CARTESIAN_POINT('',(1.437897018302E0,-4.826277512846E-1,-1.E-2));
#2432=LINE('',#2431,#2430);
#2433=DIRECTION('',(0.E0,0.E0,-1.E0));
#2434=VECTOR('',#2433,1.E-2);
#2435=CARTESIAN_POINT('',(7.516431780030E-1,-4.608958153660E-1,0.E0));
#2436=LINE('',#2435,#2434);
#2437=DIRECTION('',(-1.110223024625E-14,0.E0,-1.E0));
#2438=VECTOR('',#2437,1.E-2);
#2439=CARTESIAN_POINT('',(7.463234008489E-1,-4.337308916626E-1,0.E0));
#2440=LINE('',#2439,#2438);
#2441=DIRECTION('',(0.E0,0.E0,-1.E0));
#2442=VECTOR('',#2441,1.E-2);
#2443=CARTESIAN_POINT('',(7.250442009118E-1,-4.119989538415E-1,0.E0));
#2444=LINE('',#2443,#2442);
#2445=DIRECTION('',(0.E0,0.E0,-1.E0));
#2446=VECTOR('',#2445,1.E-2);
#2447=CARTESIAN_POINT('',(7.037650009748E-1,-4.011329844553E-1,0.E0));
#2448=LINE('',#2447,#2446);
#2449=DIRECTION('',(1.110223024625E-14,0.E0,-1.E0));
#2450=VECTOR('',#2449,1.E-2);
#2451=CARTESIAN_POINT('',(6.771660238835E-1,-3.957E-1,0.E0));
#2452=LINE('',#2451,#2450);
#2453=DIRECTION('',(0.E0,0.E0,-1.E0));
#2454=VECTOR('',#2453,1.E-2);
#2455=CARTESIAN_POINT('',(6.292878468552E-1,-3.957E-1,0.E0));
#2456=LINE('',#2455,#2454);
#2457=DIRECTION('',(0.E0,0.E0,-1.E0));
#2458=VECTOR('',#2457,1.E-2);
#2459=CARTESIAN_POINT('',(6.026888697640E-1,-4.011329844553E-1,0.E0));
#2460=LINE('',#2459,#2458);
#2461=DIRECTION('',(0.E0,0.E0,-1.E0));
#2462=VECTOR('',#2461,1.E-2);
#2463=CARTESIAN_POINT('',(5.814096698270E-1,-4.119989538415E-1,0.E0));
#2464=LINE('',#2463,#2462);
#2465=DIRECTION('',(0.E0,-1.665334536938E-14,-1.E0));
#2466=VECTOR('',#2465,1.E-2);
#2467=CARTESIAN_POINT('',(5.601304851100E-1,-4.337308916626E-1,0.E0));
#2468=LINE('',#2467,#2466);
#2469=DIRECTION('',(0.E0,0.E0,-1.E0));
#2470=VECTOR('',#2469,1.E-2);
#2471=CARTESIAN_POINT('',(5.494908851414E-1,-4.554628313863E-1,0.E0));
#2472=LINE('',#2471,#2470);
#2473=DIRECTION('',(0.E0,0.E0,-1.E0));
#2474=VECTOR('',#2473,1.E-2);
#2475=CARTESIAN_POINT('',(5.441710927672E-1,-4.826277512846E-1,0.E0));
#2476=LINE('',#2475,#2474);
#2477=DIRECTION('',(0.E0,0.E0,-1.E0));
#2478=VECTOR('',#2477,1.E-2);
#2479=CARTESIAN_POINT('',(5.441710927672E-1,-5.641225185896E-1,0.E0));
#2480=LINE('',#2479,#2478);
#2481=DIRECTION('',(0.E0,0.E0,-1.E0));
#2482=VECTOR('',#2481,1.E-2);
#2483=CARTESIAN_POINT('',(5.494908851414E-1,-5.912874537079E-1,0.E0));
#2484=LINE('',#2483,#2482);
#2485=DIRECTION('',(0.E0,0.E0,-1.E0));
#2486=VECTOR('',#2485,1.E-2);
#2487=CARTESIAN_POINT('',(5.601304851100E-1,-6.130193896266E-1,0.E0));
#2488=LINE('',#2487,#2486);
#2489=DIRECTION('',(0.E0,1.110223024625E-14,-1.E0));
#2490=VECTOR('',#2489,1.E-2);
#2491=CARTESIAN_POINT('',(5.814096698270E-1,-6.347513255452E-1,0.E0));
#2492=LINE('',#2491,#2490);
#2493=DIRECTION('',(0.E0,0.E0,-1.E0));
#2494=VECTOR('',#2493,1.E-2);
#2495=CARTESIAN_POINT('',(6.026888697640E-1,-6.456172935045E-1,0.E0));
#2496=LINE('',#2495,#2494);
#2497=DIRECTION('',(0.E0,0.E0,-1.E0));
#2498=VECTOR('',#2497,1.E-2);
#2499=CARTESIAN_POINT('',(6.292878468552E-1,-6.510502774842E-1,0.E0));
#2500=LINE('',#2499,#2498);
#2501=DIRECTION('',(0.E0,0.E0,-1.E0));
#2502=VECTOR('',#2501,1.E-2);
#2503=CARTESIAN_POINT('',(6.771660238835E-1,-6.510502774842E-1,0.E0));
#2504=LINE('',#2503,#2502);
#2505=DIRECTION('',(0.E0,0.E0,-1.E0));
#2506=VECTOR('',#2505,1.E-2);
#2507=CARTESIAN_POINT('',(7.037650009748E-1,-6.456172935045E-1,0.E0));
#2508=LINE('',#2507,#2506);
#2509=DIRECTION('',(0.E0,1.110223024625E-14,-1.E0));
#2510=VECTOR('',#2509,1.E-2);
#2511=CARTESIAN_POINT('',(7.250442009118E-1,-6.347513255452E-1,0.E0));
#2512=LINE('',#2511,#2510);
#2513=DIRECTION('',(0.E0,0.E0,-1.E0));
#2514=VECTOR('',#2513,1.E-2);
#2515=CARTESIAN_POINT('',(7.463234008489E-1,-6.130193896266E-1,0.E0));
#2516=LINE('',#2515,#2514);
#2517=DIRECTION('',(0.E0,0.E0,-1.E0));
#2518=VECTOR('',#2517,1.E-2);
#2519=CARTESIAN_POINT('',(7.516431780030E-1,-5.858544545082E-1,0.E0));
#2520=LINE('',#2519,#2518);
#2521=DIRECTION('',(0.E0,0.E0,-1.E0));
#2522=VECTOR('',#2521,1.E-2);
#2523=CARTESIAN_POINT('',(7.197243933175E-1,-5.858544545082E-1,0.E0));
#2524=LINE('',#2523,#2522);
#2525=DIRECTION('',(0.E0,0.E0,-1.E0));
#2526=VECTOR('',#2525,1.E-2);
#2527=CARTESIAN_POINT('',(7.144046161633E-1,-6.021534216672E-1,0.E0));
#2528=LINE('',#2527,#2526);
#2529=DIRECTION('',(0.E0,0.E0,-1.E0));
#2530=VECTOR('',#2529,1.E-2);
#2531=CARTESIAN_POINT('',(6.984452238206E-1,-6.130193896266E-1,0.E0));
#2532=LINE('',#2531,#2530);
#2533=DIRECTION('',(0.E0,0.E0,-1.E0));
#2534=VECTOR('',#2533,1.E-2);
#2535=CARTESIAN_POINT('',(6.771660238835E-1,-6.184523736062E-1,0.E0));
#2536=LINE('',#2535,#2534);
#2537=DIRECTION('',(0.E0,0.E0,-1.E0));
#2538=VECTOR('',#2537,1.E-2);
#2539=CARTESIAN_POINT('',(6.292878468552E-1,-6.184523736062E-1,0.E0));
#2540=LINE('',#2539,#2538);
#2541=DIRECTION('',(0.E0,0.E0,-1.E0));
#2542=VECTOR('',#2541,1.E-2);
#2543=CARTESIAN_POINT('',(6.080086469182E-1,-6.130193896266E-1,0.E0));
#2544=LINE('',#2543,#2542);
#2545=DIRECTION('',(-1.110223024625E-14,0.E0,-1.E0));
#2546=VECTOR('',#2545,1.E-2);
#2547=CARTESIAN_POINT('',(5.920492545754E-1,-6.021534216672E-1,0.E0));
#2548=LINE('',#2547,#2546);
#2549=DIRECTION('',(0.E0,0.E0,-1.E0));
#2550=VECTOR('',#2549,1.E-2);
#2551=CARTESIAN_POINT('',(5.814096698270E-1,-5.858544545082E-1,0.E0));
#2552=LINE('',#2551,#2550);
#2553=DIRECTION('',(0.E0,0.E0,-1.E0));
#2554=VECTOR('',#2553,1.E-2);
#2555=CARTESIAN_POINT('',(5.760898622327E-1,-5.641225185896E-1,0.E0));
#2556=LINE('',#2555,#2554);
#2557=DIRECTION('',(0.E0,0.E0,-1.E0));
#2558=VECTOR('',#2557,1.E-2);
#2559=CARTESIAN_POINT('',(5.760898622327E-1,-4.826277512846E-1,0.E0));
#2560=LINE('',#2559,#2558);
#2561=DIRECTION('',(0.E0,0.E0,-1.E0));
#2562=VECTOR('',#2561,1.E-2);
#2563=CARTESIAN_POINT('',(5.814096698270E-1,-4.608958153660E-1,0.E0));
#2564=LINE('',#2563,#2562);
#2565=DIRECTION('',(0.E0,0.E0,-1.E0));
#2566=VECTOR('',#2565,1.E-2);
#2567=CARTESIAN_POINT('',(5.920492545754E-1,-4.445968634270E-1,0.E0));
#2568=LINE('',#2567,#2566);
#2569=DIRECTION('',(0.E0,0.E0,-1.E0));
#2570=VECTOR('',#2569,1.E-2);
#2571=CARTESIAN_POINT('',(6.080086469182E-1,-4.337308916626E-1,0.E0));
#2572=LINE('',#2571,#2570);
#2573=DIRECTION('',(0.E0,0.E0,-1.E0));
#2574=VECTOR('',#2573,1.E-2);
#2575=CARTESIAN_POINT('',(6.292878468552E-1,-4.282979076830E-1,0.E0));
#2576=LINE('',#2575,#2574);
#2577=DIRECTION('',(0.E0,0.E0,-1.E0));
#2578=VECTOR('',#2577,1.E-2);
#2579=CARTESIAN_POINT('',(6.771660238835E-1,-4.282979076830E-1,0.E0));
#2580=LINE('',#2579,#2578);
#2581=DIRECTION('',(-1.110223024625E-14,0.E0,-1.E0));
#2582=VECTOR('',#2581,1.E-2);
#2583=CARTESIAN_POINT('',(6.984452238206E-1,-4.337308916626E-1,0.E0));
#2584=LINE('',#2583,#2582);
#2585=DIRECTION('',(0.E0,0.E0,-1.E0));
#2586=VECTOR('',#2585,1.E-2);
#2587=CARTESIAN_POINT('',(7.144046161633E-1,-4.445968634270E-1,0.E0));
#2588=LINE('',#2587,#2586);
#2589=DIRECTION('',(0.E0,0.E0,-1.E0));
#2590=VECTOR('',#2589,1.E-2);
#2591=CARTESIAN_POINT('',(7.197243933175E-1,-4.608958153660E-1,0.E0));
#2592=LINE('',#2591,#2590);
#2593=DIRECTION('',(0.E0,0.E0,-1.E0));
#2594=VECTOR('',#2593,1.E-2);
#2595=CARTESIAN_POINT('',(9.857142555502E-1,-4.282979076830E-1,0.E0));
#2596=LINE('',#2595,#2594);
#2597=DIRECTION('',(0.E0,0.E0,-1.E0));
#2598=VECTOR('',#2597,1.E-2);
#2599=CARTESIAN_POINT('',(9.857142555502E-1,-3.957E-1,0.E0));
#2600=LINE('',#2599,#2598);
#2601=DIRECTION('',(0.E0,0.E0,-1.E0));
#2602=VECTOR('',#2601,1.E-2);
#2603=CARTESIAN_POINT('',(7.942015778772E-1,-3.957E-1,0.E0));
#2604=LINE('',#2603,#2602);
#2605=DIRECTION('',(0.E0,0.E0,-1.E0));
#2606=VECTOR('',#2605,1.E-2);
#2607=CARTESIAN_POINT('',(7.942015778772E-1,-6.510502774842E-1,0.E0));
#2608=LINE('',#2607,#2606);
#2609=DIRECTION('',(0.E0,0.E0,-1.E0));
#2610=VECTOR('',#2609,1.E-2);
#2611=CARTESIAN_POINT('',(9.857142555502E-1,-6.510502774842E-1,0.E0));
#2612=LINE('',#2611,#2610);
#2613=DIRECTION('',(0.E0,0.E0,-1.E0));
#2614=VECTOR('',#2613,1.E-2);
#2615=CARTESIAN_POINT('',(9.857142555502E-1,-6.184523736062E-1,0.E0));
#2616=LINE('',#2615,#2614);
#2617=DIRECTION('',(0.E0,0.E0,-1.E0));
#2618=VECTOR('',#2617,1.E-2);
#2619=CARTESIAN_POINT('',(8.261203321226E-1,-6.184523736062E-1,0.E0));
#2620=LINE('',#2619,#2618);
#2621=DIRECTION('',(0.E0,0.E0,-1.E0));
#2622=VECTOR('',#2621,1.E-2);
#2623=CARTESIAN_POINT('',(8.261203321226E-1,-5.478235666506E-1,0.E0));
#2624=LINE('',#2623,#2622);
#2625=DIRECTION('',(0.E0,0.E0,-1.E0));
#2626=VECTOR('',#2625,1.E-2);
#2627=CARTESIAN_POINT('',(9.644350860532E-1,-5.478235666506E-1,0.E0));
#2628=LINE('',#2627,#2626);
#2629=DIRECTION('',(0.E0,0.E0,-1.E0));
#2630=VECTOR('',#2629,1.E-2);
#2631=CARTESIAN_POINT('',(9.644350860532E-1,-5.152256627726E-1,0.E0));
#2632=LINE('',#2631,#2630);
#2633=DIRECTION('',(0.E0,0.E0,-1.E0));
#2634=VECTOR('',#2633,1.E-2);
#2635=CARTESIAN_POINT('',(8.261203321226E-1,-5.152256627726E-1,0.E0));
#2636=LINE('',#2635,#2634);
#2637=DIRECTION('',(0.E0,0.E0,-1.E0));
#2638=VECTOR('',#2637,1.E-2);
#2639=CARTESIAN_POINT('',(8.261203321226E-1,-4.282979076830E-1,0.E0));
#2640=LINE('',#2639,#2638);
#2641=DIRECTION('',(0.E0,0.E0,-1.E0));
#2642=VECTOR('',#2641,1.E-2);
#2643=CARTESIAN_POINT('',(1.155947794166E0,-6.510502774842E-1,0.E0));
#2644=LINE('',#2643,#2642);
#2645=DIRECTION('',(0.E0,0.E0,-1.E0));
#2646=VECTOR('',#2645,1.E-2);
#2647=CARTESIAN_POINT('',(1.182546801698E0,-6.456172935045E-1,0.E0));
#2648=LINE('',#2647,#2646);
#2649=DIRECTION('',(2.220446049250E-14,1.110223024625E-14,-1.E0));
#2650=VECTOR('',#2649,1.E-2);
#2651=CARTESIAN_POINT('',(1.203825971195E0,-6.347513255452E-1,0.E0));
#2652=LINE('',#2651,#2650);
#2653=DIRECTION('',(0.E0,0.E0,-1.E0));
#2654=VECTOR('',#2653,1.E-2);
#2655=CARTESIAN_POINT('',(1.225105140692E0,-6.130193896266E-1,0.E0));
#2656=LINE('',#2655,#2654);
#2657=DIRECTION('',(0.E0,0.E0,-1.E0));
#2658=VECTOR('',#2657,1.E-2);
#2659=CARTESIAN_POINT('',(1.235744755880E0,-5.912874537079E-1,0.E0));
#2660=LINE('',#2659,#2658);
#2661=DIRECTION('',(0.E0,0.E0,-1.E0));
#2662=VECTOR('',#2661,1.E-2);
#2663=CARTESIAN_POINT('',(1.241064533034E0,-5.641225185896E-1,0.E0));
#2664=LINE('',#2663,#2662);
#2665=DIRECTION('',(0.E0,0.E0,-1.E0));
#2666=VECTOR('',#2665,1.E-2);
#2667=CARTESIAN_POINT('',(1.241064533034E0,-4.826277512846E-1,0.E0));
#2668=LINE('',#2667,#2666);
#2669=DIRECTION('',(0.E0,0.E0,-1.E0));
#2670=VECTOR('',#2669,1.E-2);
#2671=CARTESIAN_POINT('',(1.235744755880E0,-4.554628313863E-1,0.E0));
#2672=LINE('',#2671,#2670);
#2673=DIRECTION('',(0.E0,0.E0,-1.E0));
#2674=VECTOR('',#2673,1.E-2);
#2675=CARTESIAN_POINT('',(1.225105140692E0,-4.337308916626E-1,0.E0));
#2676=LINE('',#2675,#2674);
#2677=DIRECTION('',(0.E0,0.E0,-1.E0));
#2678=VECTOR('',#2677,1.E-2);
#2679=CARTESIAN_POINT('',(1.203825971195E0,-4.119989538415E-1,0.E0));
#2680=LINE('',#2679,#2678);
#2681=DIRECTION('',(0.E0,0.E0,-1.E0));
#2682=VECTOR('',#2681,1.E-2);
#2683=CARTESIAN_POINT('',(1.182546801698E0,-4.011329844553E-1,0.E0));
#2684=LINE('',#2683,#2682);
#2685=DIRECTION('',(0.E0,0.E0,-1.E0));
#2686=VECTOR('',#2685,1.E-2);
#2687=CARTESIAN_POINT('',(1.155947794166E0,-3.957E-1,0.E0));
#2688=LINE('',#2687,#2686);
#2689=DIRECTION('',(0.E0,0.E0,-1.E0));
#2690=VECTOR('',#2689,1.E-2);
#2691=CARTESIAN_POINT('',(1.028272655424E0,-3.957E-1,0.E0));
#2692=LINE('',#2691,#2690);
#2693=DIRECTION('',(0.E0,0.E0,-1.E0));
#2694=VECTOR('',#2693,1.E-2);
#2695=CARTESIAN_POINT('',(1.028272655424E0,-6.510502774842E-1,0.E0));
#2696=LINE('',#2695,#2694);
#2697=DIRECTION('',(0.E0,0.E0,-1.E0));
#2698=VECTOR('',#2697,1.E-2);
#2699=CARTESIAN_POINT('',(1.060191440110E0,-6.184523736062E-1,0.E0));
#2700=LINE('',#2699,#2698);
#2701=DIRECTION('',(0.E0,0.E0,-1.E0));
#2702=VECTOR('',#2701,1.E-2);
#2703=CARTESIAN_POINT('',(1.060191440110E0,-4.282979076830E-1,0.E0));
#2704=LINE('',#2703,#2702);
#2705=DIRECTION('',(0.E0,0.E0,-1.E0));
#2706=VECTOR('',#2705,1.E-2);
#2707=CARTESIAN_POINT('',(1.155947794166E0,-4.282979076830E-1,0.E0));
#2708=LINE('',#2707,#2706);
#2709=DIRECTION('',(0.E0,-1.665334536938E-14,-1.E0));
#2710=VECTOR('',#2709,1.E-2);
#2711=CARTESIAN_POINT('',(1.177226963663E0,-4.337308916626E-1,0.E0));
#2712=LINE('',#2711,#2710);
#2713=DIRECTION('',(0.E0,1.110223024625E-14,-1.E0));
#2714=VECTOR('',#2713,1.E-2);
#2715=CARTESIAN_POINT('',(1.193186356006E0,-4.445968634270E-1,0.E0));
#2716=LINE('',#2715,#2714);
#2717=DIRECTION('',(0.E0,0.E0,-1.E0));
#2718=VECTOR('',#2717,1.E-2);
#2719=CARTESIAN_POINT('',(1.203825971195E0,-4.608958153660E-1,0.E0));
#2720=LINE('',#2719,#2718);
#2721=DIRECTION('',(0.E0,0.E0,-1.E0));
#2722=VECTOR('',#2721,1.E-2);
#2723=CARTESIAN_POINT('',(1.209145748349E0,-4.826277512846E-1,0.E0));
#2724=LINE('',#2723,#2722);
#2725=DIRECTION('',(0.E0,0.E0,-1.E0));
#2726=VECTOR('',#2725,1.E-2);
#2727=CARTESIAN_POINT('',(1.209145748349E0,-5.641225185896E-1,0.E0));
#2728=LINE('',#2727,#2726);
#2729=DIRECTION('',(0.E0,0.E0,-1.E0));
#2730=VECTOR('',#2729,1.E-2);
#2731=CARTESIAN_POINT('',(1.203825971195E0,-5.858544545082E-1,0.E0));
#2732=LINE('',#2731,#2730);
#2733=DIRECTION('',(0.E0,0.E0,-1.E0));
#2734=VECTOR('',#2733,1.E-2);
#2735=CARTESIAN_POINT('',(1.193186356006E0,-6.021534216672E-1,0.E0));
#2736=LINE('',#2735,#2734);
#2737=DIRECTION('',(-2.220446049250E-14,0.E0,-1.E0));
#2738=VECTOR('',#2737,1.E-2);
#2739=CARTESIAN_POINT('',(1.177226963663E0,-6.130193896266E-1,0.E0));
#2740=LINE('',#2739,#2738);
#2741=DIRECTION('',(0.E0,0.E0,-1.E0));
#2742=VECTOR('',#2741,1.E-2);
#2743=CARTESIAN_POINT('',(1.155947794166E0,-6.184523736062E-1,0.E0));
#2744=LINE('',#2743,#2742);
#2745=DIRECTION('',(0.E0,0.E0,-1.E0));
#2746=VECTOR('',#2745,1.E-2);
#2747=CARTESIAN_POINT('',(1.411298071651E0,-6.510502774842E-1,0.E0));
#2748=LINE('',#2747,#2746);
#2749=DIRECTION('',(0.E0,0.E0,-1.E0));
#2750=VECTOR('',#2749,1.E-2);
#2751=CARTESIAN_POINT('',(1.496414871399E0,-3.957E-1,0.E0));
#2752=LINE('',#2751,#2750);
#2753=DIRECTION('',(0.E0,0.E0,-1.E0));
#2754=VECTOR('',#2753,1.E-2);
#2755=CARTESIAN_POINT('',(1.464496086713E0,-3.957E-1,0.E0));
#2756=LINE('',#2755,#2754);
#2757=DIRECTION('',(0.E0,0.E0,-1.E0));
#2758=VECTOR('',#2757,1.E-2);
#2759=CARTESIAN_POINT('',(1.443216856336E0,-4.608958153660E-1,0.E0));
#2760=LINE('',#2759,#2758);
#2761=DIRECTION('',(0.E0,0.E0,-1.E0));
#2762=VECTOR('',#2761,1.E-2);
#2763=CARTESIAN_POINT('',(1.336820947971E0,-4.608958153660E-1,0.E0));
#2764=LINE('',#2763,#2762);
#2765=DIRECTION('',(2.220446049250E-14,0.E0,-1.E0));
#2766=VECTOR('',#2765,1.E-2);
#2767=CARTESIAN_POINT('',(1.315541717594E0,-3.957E-1,0.E0));
#2768=LINE('',#2767,#2766);
#2769=DIRECTION('',(-2.220446049250E-14,0.E0,-1.E0));
#2770=VECTOR('',#2769,1.E-2);
#2771=CARTESIAN_POINT('',(1.283622932908E0,-3.957E-1,0.E0));
#2772=LINE('',#2771,#2770);
#2773=DIRECTION('',(0.E0,0.E0,-1.E0));
#2774=VECTOR('',#2773,1.E-2);
#2775=CARTESIAN_POINT('',(1.368739732657E0,-6.510502774842E-1,0.E0));
#2776=LINE('',#2775,#2774);
#2777=DIRECTION('',(0.E0,0.E0,-1.E0));
#2778=VECTOR('',#2777,1.E-2);
#2779=CARTESIAN_POINT('',(1.390018841273E0,-6.293183415655E-1,0.E0));
#2780=LINE('',#2779,#2778);
#2781=DIRECTION('',(0.E0,0.E0,-1.E0));
#2782=VECTOR('',#2781,1.E-2);
#2783=CARTESIAN_POINT('',(1.342140664245E0,-4.826277512846E-1,0.E0));
#2784=LINE('',#2783,#2782);
#2785=DIRECTION('',(0.E0,0.E0,-1.E0));
#2786=VECTOR('',#2785,1.E-2);
#2787=CARTESIAN_POINT('',(1.437897018302E0,-4.826277512846E-1,0.E0));
#2788=LINE('',#2787,#2786);
#2789=DIRECTION('',(-1.E0,0.E0,0.E0));
#2790=VECTOR('',#2789,1.8E-1);
#2791=CARTESIAN_POINT('',(2.E0,-4.25E-1,7.2E-1));
#2792=LINE('',#2791,#2790);
#2793=DIRECTION('',(-1.E0,0.E0,0.E0));
#2794=VECTOR('',#2793,1.8E-1);
#2795=CARTESIAN_POINT('',(2.E0,4.25E-1,7.2E-1));
#2796=LINE('',#2795,#2794);
#2797=CARTESIAN_POINT('',(1.8554E0,-5.3E-1,1.3E0));
#2798=DIRECTION('',(0.E0,0.E0,1.E0));
#2799=DIRECTION('',(0.E0,1.E0,0.E0));
#2800=AXIS2_PLACEMENT_3D('',#2797,#2798,#2799);
#2802=CARTESIAN_POINT('',(1.8554E0,-5.3E-1,1.5E0));
#2803=DIRECTION('',(0.E0,0.E0,-1.E0));
#2804=DIRECTION('',(-1.E0,0.E0,0.E0));
#2805=AXIS2_PLACEMENT_3D('',#2802,#2803,#2804);
#2807=DIRECTION('',(0.E0,0.E0,1.E0));
#2808=VECTOR('',#2807,2.E-1);
#2809=CARTESIAN_POINT('',(1.7254E0,-5.3E-1,1.3E0));
#2810=LINE('',#2809,#2808);
#2811=DIRECTION('',(0.E0,0.E0,1.E0));
#2812=VECTOR('',#2811,2.E-1);
#2813=CARTESIAN_POINT('',(1.7254E0,-6.453E-1,1.3E0));
#2814=LINE('',#2813,#2812);
#2815=CARTESIAN_POINT('',(1.8554E0,-6.453E-1,1.3E0));
#2816=DIRECTION('',(0.E0,0.E0,1.E0));
#2817=DIRECTION('',(-1.E0,0.E0,0.E0));
#2818=AXIS2_PLACEMENT_3D('',#2815,#2816,#2817);
#2820=CARTESIAN_POINT('',(1.8554E0,-6.453E-1,1.5E0));
#2821=DIRECTION('',(0.E0,0.E0,-1.E0));
#2822=DIRECTION('',(0.E0,-1.E0,0.E0));
#2823=AXIS2_PLACEMENT_3D('',#2820,#2821,#2822);
#2825=DIRECTION('',(0.E0,0.E0,1.E0));
#2826=VECTOR('',#2825,2.E-1);
#2827=CARTESIAN_POINT('',(1.8554E0,-7.753E-1,1.3E0));
#2828=LINE('',#2827,#2826);
#2829=CARTESIAN_POINT('',(1.8554E0,5.3E-1,1.5E0));
#2830=DIRECTION('',(0.E0,0.E0,-1.E0));
#2831=DIRECTION('',(0.E0,-1.E0,0.E0));
#2832=AXIS2_PLACEMENT_3D('',#2829,#2830,#2831);
#2834=CARTESIAN_POINT('',(1.8554E0,5.3E-1,1.3E0));
#2835=DIRECTION('',(0.E0,0.E0,1.E0));
#2836=DIRECTION('',(-1.E0,0.E0,0.E0));
#2837=AXIS2_PLACEMENT_3D('',#2834,#2835,#2836);
#2839=DIRECTION('',(0.E0,0.E0,1.E0));
#2840=VECTOR('',#2839,2.E-1);
#2841=CARTESIAN_POINT('',(1.7254E0,6.453E-1,1.3E0));
#2842=LINE('',#2841,#2840);
#2843=DIRECTION('',(0.E0,0.E0,1.E0));
#2844=VECTOR('',#2843,2.E-1);
#2845=CARTESIAN_POINT('',(1.7254E0,5.3E-1,1.3E0));
#2846=LINE('',#2845,#2844);
#2847=CARTESIAN_POINT('',(1.8554E0,6.453E-1,1.3E0));
#2848=DIRECTION('',(0.E0,0.E0,1.E0));
#2849=DIRECTION('',(0.E0,1.E0,0.E0));
#2850=AXIS2_PLACEMENT_3D('',#2847,#2848,#2849);
#2852=CARTESIAN_POINT('',(1.8554E0,6.453E-1,1.5E0));
#2853=DIRECTION('',(0.E0,0.E0,-1.E0));
#2854=DIRECTION('',(-1.E0,0.E0,0.E0));
#2855=AXIS2_PLACEMENT_3D('',#2852,#2853,#2854);
#2857=DIRECTION('',(0.E0,0.E0,1.E0));
#2858=VECTOR('',#2857,2.E-1);
#2859=CARTESIAN_POINT('',(1.8554E0,7.753E-1,1.3E0));
#2860=LINE('',#2859,#2858);
#2861=CARTESIAN_POINT('',(-1.8554E0,5.3E-1,1.3E0));
#2862=DIRECTION('',(0.E0,0.E0,1.E0));
#2863=DIRECTION('',(0.E0,-1.E0,0.E0));
#2864=AXIS2_PLACEMENT_3D('',#2861,#2862,#2863);
#2866=CARTESIAN_POINT('',(-1.8554E0,5.3E-1,1.5E0));
#2867=DIRECTION('',(0.E0,0.E0,-1.E0));
#2868=DIRECTION('',(1.E0,0.E0,0.E0));
#2869=AXIS2_PLACEMENT_3D('',#2866,#2867,#2868);
#2871=DIRECTION('',(0.E0,0.E0,-1.E0));
#2872=VECTOR('',#2871,2.E-1);
#2873=CARTESIAN_POINT('',(-1.7254E0,6.453E-1,1.5E0));
#2874=LINE('',#2873,#2872);
#2875=DIRECTION('',(0.E0,0.E0,-1.E0));
#2876=VECTOR('',#2875,2.E-1);
#2877=CARTESIAN_POINT('',(-1.7254E0,5.3E-1,1.5E0));
#2878=LINE('',#2877,#2876);
#2879=CARTESIAN_POINT('',(-1.8554E0,6.453E-1,1.5E0));
#2880=DIRECTION('',(0.E0,0.E0,-1.E0));
#2881=DIRECTION('',(0.E0,1.E0,0.E0));
#2882=AXIS2_PLACEMENT_3D('',#2879,#2880,#2881);
#2884=CARTESIAN_POINT('',(-1.8554E0,6.453E-1,1.3E0));
#2885=DIRECTION('',(0.E0,0.E0,1.E0));
#2886=DIRECTION('',(1.E0,0.E0,0.E0));
#2887=AXIS2_PLACEMENT_3D('',#2884,#2885,#2886);
#2889=DIRECTION('',(0.E0,0.E0,-1.E0));
#2890=VECTOR('',#2889,2.E-1);
#2891=CARTESIAN_POINT('',(-1.8554E0,7.753E-1,1.5E0));
#2892=LINE('',#2891,#2890);
#2893=DIRECTION('',(0.E0,0.E0,-1.E0));
#2894=VECTOR('',#2893,2.E-1);
#2895=CARTESIAN_POINT('',(1.9E0,1.3E0,1.5E0));
#2896=LINE('',#2895,#2894);
#2897=DIRECTION('',(0.E0,0.E0,-1.E0));
#2898=VECTOR('',#2897,2.E-1);
#2899=CARTESIAN_POINT('',(1.3275E0,1.3E0,1.5E0));
#2900=LINE('',#2899,#2898);
#2901=DIRECTION('',(0.E0,0.E0,-1.E0));
#2902=VECTOR('',#2901,2.E-1);
#2903=CARTESIAN_POINT('',(-1.9E0,1.3E0,1.5E0));
#2904=LINE('',#2903,#2902);
#2905=DIRECTION('',(0.E0,0.E0,1.E0));
#2906=VECTOR('',#2905,2.E-1);
#2907=CARTESIAN_POINT('',(-1.3275E0,1.3E0,1.3E0));
#2908=LINE('',#2907,#2906);
#2909=CARTESIAN_POINT('',(1.3275E0,1.35E0,1.3E0));
#2910=DIRECTION('',(0.E0,0.E0,1.E0));
#2911=DIRECTION('',(-1.E0,0.E0,0.E0));
#2912=AXIS2_PLACEMENT_3D('',#2909,#2910,#2911);
#2914=CARTESIAN_POINT('',(1.3275E0,1.35E0,1.5E0));
#2915=DIRECTION('',(0.E0,0.E0,-1.E0));
#2916=DIRECTION('',(0.E0,-1.E0,0.E0));
#2917=AXIS2_PLACEMENT_3D('',#2914,#2915,#2916);
#2919=CARTESIAN_POINT('',(1.2775E0,1.35E0,1.4E0));
#2920=DIRECTION('',(1.E0,0.E0,0.E0));
#2921=DIRECTION('',(0.E0,1.E0,0.E0));
#2922=AXIS2_PLACEMENT_3D('',#2919,#2920,#2921);
#2924=DIRECTION('',(0.E0,-1.E0,0.E0));
#2925=VECTOR('',#2924,2.E-1);
#2926=CARTESIAN_POINT('',(1.2775E0,1.45E0,4.75E-1));
#2927=LINE('',#2926,#2925);
#2928=DIRECTION('',(0.E0,0.E0,-1.E0));
#2929=VECTOR('',#2928,2.E-1);
#2930=CARTESIAN_POINT('',(1.2775E0,1.35E0,1.5E0));
#2931=LINE('',#2930,#2929);
#2932=CARTESIAN_POINT('',(-1.2775E0,1.35E0,1.4E0));
#2933=DIRECTION('',(-1.E0,0.E0,0.E0));
#2934=DIRECTION('',(0.E0,2.220446049250E-14,1.E0));
#2935=AXIS2_PLACEMENT_3D('',#2932,#2933,#2934);
#2937=DIRECTION('',(0.E0,0.E0,1.E0));
#2938=VECTOR('',#2937,2.E-1);
#2939=CARTESIAN_POINT('',(-1.2775E0,1.35E0,1.3E0));
#2940=LINE('',#2939,#2938);
#2941=DIRECTION('',(0.E0,1.E0,0.E0));
#2942=VECTOR('',#2941,2.E-1);
#2943=CARTESIAN_POINT('',(-1.2775E0,1.25E0,4.5E-1));
#2944=LINE('',#2943,#2942);
#2945=CARTESIAN_POINT('',(-1.3275E0,1.35E0,1.5E0));
#2946=DIRECTION('',(0.E0,0.E0,-1.E0));
#2947=DIRECTION('',(1.E0,-4.440892098501E-14,0.E0));
#2948=AXIS2_PLACEMENT_3D('',#2945,#2946,#2947);
#2950=CARTESIAN_POINT('',(-1.3275E0,1.35E0,1.3E0));
#2951=DIRECTION('',(0.E0,0.E0,1.E0));
#2952=DIRECTION('',(0.E0,-1.E0,0.E0));
#2953=AXIS2_PLACEMENT_3D('',#2950,#2951,#2952);
#2955=CARTESIAN_POINT('',(1.013541889013E0,1.25E0,2.E-1));
#2956=DIRECTION('',(0.E0,-1.E0,0.E0));
#2957=DIRECTION('',(-1.E0,0.E0,0.E0));
#2958=AXIS2_PLACEMENT_3D('',#2955,#2956,#2957);
#2960=CARTESIAN_POINT('',(-1.013541889013E0,1.25E0,2.E-1));
#2961=DIRECTION('',(0.E0,-1.E0,0.E0));
#2962=DIRECTION('',(0.E0,0.E0,-1.E0));
#2963=AXIS2_PLACEMENT_3D('',#2960,#2961,#2962);
#2965=DIRECTION('',(0.E0,0.E0,1.E0));
#2966=VECTOR('',#2965,8.5E-1);
#2967=CARTESIAN_POINT('',(-1.2775E0,1.25E0,4.5E-1));
#2968=LINE('',#2967,#2966);
#2969=DIRECTION('',(0.E0,0.E0,-1.E0));
#2970=VECTOR('',#2969,8.25E-1);
#2971=CARTESIAN_POINT('',(1.2775E0,1.25E0,1.3E0));
#2972=LINE('',#2971,#2970);
#2973=DIRECTION('',(-1.E0,0.E0,0.E0));
#2974=VECTOR('',#2973,2.555E0);
#2975=CARTESIAN_POINT('',(1.2775E0,1.45E0,1.4E0));
#2976=LINE('',#2975,#2974);
#2977=DIRECTION('',(0.E0,0.E0,-1.E0));
#2978=VECTOR('',#2977,9.5E-1);
#2979=CARTESIAN_POINT('',(-1.2775E0,1.45E0,1.4E0));
#2980=LINE('',#2979,#2978);
#2981=CARTESIAN_POINT('',(-1.013541889013E0,1.45E0,2.E-1));
#2982=DIRECTION('',(0.E0,1.E0,0.E0));
#2983=DIRECTION('',(1.E0,0.E0,0.E0));
#2984=AXIS2_PLACEMENT_3D('',#2981,#2982,#2983);
#2986=DIRECTION('',(0.E0,0.E0,-1.E0));
#2987=VECTOR('',#2986,2.E-1);
#2988=CARTESIAN_POINT('',(-9.135418890132E-1,1.45E0,4.E-1));
#2989=LINE('',#2988,#2987);
#2990=DIRECTION('',(-1.E0,0.E0,0.E0));
#2991=VECTOR('',#2990,1.627083778026E0);
#2992=CARTESIAN_POINT('',(8.135418890132E-1,1.45E0,5.E-1));
#2993=LINE('',#2992,#2991);
#2994=DIRECTION('',(0.E0,0.E0,-1.E0));
#2995=VECTOR('',#2994,2.E-1);
#2996=CARTESIAN_POINT('',(9.135418890132E-1,1.45E0,4.E-1));
#2997=LINE('',#2996,#2995);
#2998=CARTESIAN_POINT('',(1.013541889013E0,1.45E0,2.E-1));
#2999=DIRECTION('',(0.E0,1.E0,0.E0));
#3000=DIRECTION('',(0.E0,0.E0,-1.E0));
#3001=AXIS2_PLACEMENT_3D('',#2998,#2999,#3000);
#3003=DIRECTION('',(0.E0,0.E0,1.E0));
#3004=VECTOR('',#3003,9.25E-1);
#3005=CARTESIAN_POINT('',(1.2775E0,1.45E0,4.75E-1));
#3006=LINE('',#3005,#3004);
#3007=DIRECTION('',(0.E0,0.E0,1.E0));
#3008=VECTOR('',#3007,3.5E-1);
#3009=CARTESIAN_POINT('',(-1.2775E0,1.45E0,1.E-1));
#3010=LINE('',#3009,#3008);
#3011=DIRECTION('',(0.E0,0.E0,-1.E0));
#3012=VECTOR('',#3011,3.E-1);
#3013=CARTESIAN_POINT('',(-1.704234772788E0,1.282412615381E0,4.E-1));
#3014=LINE('',#3013,#3012);
#3015=CARTESIAN_POINT('',(-1.2775E0,1.25E0,4.5E-1));
#3016=CARTESIAN_POINT('',(-1.2775E0,1.25E0,4.447783981117E-1));
#3017=CARTESIAN_POINT('',(-1.279137299109E0,1.250003347440E0,
4.343286069291E-1));
#3018=CARTESIAN_POINT('',(-1.286419431211E0,1.249961861723E0,
4.200790119175E-1));
#3019=CARTESIAN_POINT('',(-1.297532710332E0,1.249744305070E0,
4.089470747790E-1));
#3020=CARTESIAN_POINT('',(-1.311834230469E0,1.249186287348E0,
4.016312122241E-1));
#3021=CARTESIAN_POINT('',(-1.322283122688E0,1.248537226573E0,4.E-1));
#3022=CARTESIAN_POINT('',(-1.3275E0,1.248150820309E0,4.E-1));
#3024=CARTESIAN_POINT('',(-1.3275E0,1.448003519427E0,4.E-1));
#3025=CARTESIAN_POINT('',(-1.322282934673E0,1.448420815536E0,4.E-1));
#3026=CARTESIAN_POINT('',(-1.311833848577E0,1.449121627176E0,
4.016313128377E-1));
#3027=CARTESIAN_POINT('',(-1.297532357717E0,1.449724005177E0,
4.089473625116E-1));
#3028=CARTESIAN_POINT('',(-1.286419498542E0,1.449958830543E0,
4.200790167273E-1));
#3029=CARTESIAN_POINT('',(-1.279137420751E0,1.450003613431E0,
4.343282472059E-1));
#3030=CARTESIAN_POINT('',(-1.2775E0,1.45E0,4.447782213450E-1));
#3031=CARTESIAN_POINT('',(-1.2775E0,1.45E0,4.5E-1));
#3033=DIRECTION('',(0.E0,0.E0,-1.E0));
#3034=VECTOR('',#3033,3.5E-1);
#3035=CARTESIAN_POINT('',(-1.2775E0,1.25E0,4.5E-1));
#3036=LINE('',#3035,#3034);
#3037=DIRECTION('',(0.E0,0.E0,-1.E0));
#3038=VECTOR('',#3037,3.E-1);
#3039=CARTESIAN_POINT('',(-1.599556778825E0,1.168476386174E0,4.E-1));
#3040=LINE('',#3039,#3038);
#3041=DIRECTION('',(0.E0,1.E0,0.E0));
#3042=VECTOR('',#3041,1.998526991179E-1);
#3043=CARTESIAN_POINT('',(-1.3275E0,1.248150820309E0,4.E-1));
#3044=LINE('',#3043,#3042);
#3045=CARTESIAN_POINT('',(-1.2775E0,5.731E-1,4.E-1));
#3046=DIRECTION('',(0.E0,0.E0,-1.E0));
#3047=DIRECTION('',(-4.757819158291E-1,8.795632828682E-1,0.E0));
#3048=AXIS2_PLACEMENT_3D('',#3045,#3046,#3047);
#3050=CARTESIAN_POINT('',(-1.647134970408E0,1.256432714460E0,4.E-1));
#3051=DIRECTION('',(0.E0,0.E0,1.E0));
#3052=DIRECTION('',(-9.387982909075E-1,-3.444673699918E-1,0.E0));
#3053=AXIS2_PLACEMENT_3D('',#3050,#3051,#3052);
#3055=CARTESIAN_POINT('',(-1.615771177727E0,1.187154060127E0,4.E-1));
#3056=DIRECTION('',(0.E0,0.E0,1.E0));
#3057=DIRECTION('',(-6.804891927724E-1,7.327581173347E-1,0.E0));
#3058=AXIS2_PLACEMENT_3D('',#3055,#3056,#3057);
#3060=CARTESIAN_POINT('',(-1.2775E0,8.229E-1,4.E-1));
#3061=DIRECTION('',(0.E0,0.E0,1.E0));
#3062=DIRECTION('',(-7.973210014352E-2,9.968163282204E-1,0.E0));
#3063=AXIS2_PLACEMENT_3D('',#3060,#3061,#3062);
#3065=DIRECTION('',(0.E0,0.E0,-1.E0));
#3066=VECTOR('',#3065,3.E-1);
#3067=CARTESIAN_POINT('',(-1.741017520904E0,1.221988596578E0,4.E-1));
#3068=LINE('',#3067,#3066);
#3069=DIRECTION('',(0.E0,-1.E0,0.E0));
#3070=VECTOR('',#3069,2.E-1);
#3071=CARTESIAN_POINT('',(-1.013541889013E0,1.45E0,1.E-1));
#3072=LINE('',#3071,#3070);
#3073=DIRECTION('',(-1.E0,0.E0,0.E0));
#3074=VECTOR('',#3073,2.639581109868E-1);
#3075=CARTESIAN_POINT('',(-1.013541889013E0,1.45E0,1.E-1));
#3076=LINE('',#3075,#3074);
#3077=CARTESIAN_POINT('',(-1.2775E0,8.229E-1,1.E-1));
#3078=DIRECTION('',(0.E0,0.E0,1.E0));
#3079=DIRECTION('',(0.E0,1.E0,0.E0));
#3080=AXIS2_PLACEMENT_3D('',#3077,#3078,#3079);
#3082=CARTESIAN_POINT('',(-1.615771177727E0,1.187154060127E0,1.E-1));
#3083=DIRECTION('',(0.E0,0.E0,-1.E0));
#3084=DIRECTION('',(-9.634404634803E-1,2.679225136655E-1,0.E0));
#3085=AXIS2_PLACEMENT_3D('',#3082,#3083,#3084);
#3087=CARTESIAN_POINT('',(-1.647134970408E0,1.256432714460E0,1.E-1));
#3088=DIRECTION('',(0.E0,0.E0,-1.E0));
#3089=DIRECTION('',(4.757819158292E-1,-8.795632828682E-1,0.E0));
#3090=AXIS2_PLACEMENT_3D('',#3087,#3088,#3089);
#3092=CARTESIAN_POINT('',(-1.2775E0,5.731E-1,1.E-1));
#3093=DIRECTION('',(0.E0,0.E0,-1.E0));
#3094=DIRECTION('',(-4.757819158292E-1,8.795632828682E-1,0.E0));
#3095=AXIS2_PLACEMENT_3D('',#3092,#3093,#3094);
#3097=DIRECTION('',(1.E0,0.E0,0.E0));
#3098=VECTOR('',#3097,2.639581109868E-1);
#3099=CARTESIAN_POINT('',(-1.2775E0,1.25E0,1.E-1));
#3100=LINE('',#3099,#3098);
#3101=DIRECTION('',(0.E0,-1.E0,0.E0));
#3102=VECTOR('',#3101,2.E-1);
#3103=CARTESIAN_POINT('',(-9.135418890132E-1,1.45E0,2.E-1));
#3104=LINE('',#3103,#3102);
#3105=DIRECTION('',(0.E0,0.E0,-1.E0));
#3106=VECTOR('',#3105,2.E-1);
#3107=CARTESIAN_POINT('',(-9.135418890132E-1,1.25E0,4.E-1));
#3108=LINE('',#3107,#3106);
#3109=DIRECTION('',(0.E0,-1.E0,0.E0));
#3110=VECTOR('',#3109,2.E-1);
#3111=CARTESIAN_POINT('',(-9.135418890132E-1,1.45E0,4.E-1));
#3112=LINE('',#3111,#3110);
#3113=CARTESIAN_POINT('',(-8.135418890132E-1,1.45E0,4.E-1));
#3114=DIRECTION('',(0.E0,-1.E0,0.E0));
#3115=DIRECTION('',(0.E0,0.E0,1.E0));
#3116=AXIS2_PLACEMENT_3D('',#3113,#3114,#3115);
#3118=CARTESIAN_POINT('',(-8.135418890132E-1,1.25E0,4.E-1));
#3119=DIRECTION('',(0.E0,1.E0,0.E0));
#3120=DIRECTION('',(-1.E0,0.E0,0.E0));
#3121=AXIS2_PLACEMENT_3D('',#3118,#3119,#3120);
#3123=DIRECTION('',(0.E0,1.E0,0.E0));
#3124=VECTOR('',#3123,2.E-1);
#3125=CARTESIAN_POINT('',(8.135418890132E-1,1.25E0,5.E-1));
#3126=LINE('',#3125,#3124);
#3127=DIRECTION('',(0.E0,-1.E0,0.E0));
#3128=VECTOR('',#3127,2.E-1);
#3129=CARTESIAN_POINT('',(-8.135418890132E-1,1.45E0,5.E-1));
#3130=LINE('',#3129,#3128);
#3131=DIRECTION('',(-1.E0,0.E0,0.E0));
#3132=VECTOR('',#3131,1.627083778026E0);
#3133=CARTESIAN_POINT('',(8.135418890132E-1,1.25E0,5.E-1));
#3134=LINE('',#3133,#3132);
#3135=CARTESIAN_POINT('',(8.135418890132E-1,1.25E0,4.E-1));
#3136=DIRECTION('',(0.E0,1.E0,0.E0));
#3137=DIRECTION('',(0.E0,0.E0,1.E0));
#3138=AXIS2_PLACEMENT_3D('',#3135,#3136,#3137);
#3140=CARTESIAN_POINT('',(8.135418890132E-1,1.45E0,4.E-1));
#3141=DIRECTION('',(0.E0,-1.E0,0.E0));
#3142=DIRECTION('',(1.E0,0.E0,0.E0));
#3143=AXIS2_PLACEMENT_3D('',#3140,#3141,#3142);
#3145=DIRECTION('',(0.E0,1.E0,0.E0));
#3146=VECTOR('',#3145,2.E-1);
#3147=CARTESIAN_POINT('',(9.135418890132E-1,1.25E0,2.E-1));
#3148=LINE('',#3147,#3146);
#3149=DIRECTION('',(0.E0,1.E0,0.E0));
#3150=VECTOR('',#3149,2.E-1);
#3151=CARTESIAN_POINT('',(9.135418890132E-1,1.25E0,4.E-1));
#3152=LINE('',#3151,#3150);
#3153=DIRECTION('',(0.E0,0.E0,-1.E0));
#3154=VECTOR('',#3153,2.E-1);
#3155=CARTESIAN_POINT('',(9.135418890132E-1,1.25E0,4.E-1));
#3156=LINE('',#3155,#3154);
#3157=DIRECTION('',(0.E0,1.E0,0.E0));
#3158=VECTOR('',#3157,2.E-1);
#3159=CARTESIAN_POINT('',(1.013541889013E0,1.25E0,1.E-1));
#3160=LINE('',#3159,#3158);
#3161=DIRECTION('',(-1.E0,0.E0,0.E0));
#3162=VECTOR('',#3161,2.639581109868E-1);
#3163=CARTESIAN_POINT('',(1.2775E0,1.25E0,1.E-1));
#3164=LINE('',#3163,#3162);
#3165=CARTESIAN_POINT('',(1.2775E0,5.731E-1,1.E-1));
#3166=DIRECTION('',(0.E0,0.E0,1.E0));
#3167=DIRECTION('',(4.757819158292E-1,8.795632828682E-1,0.E0));
#3168=AXIS2_PLACEMENT_3D('',#3165,#3166,#3167);
#3170=CARTESIAN_POINT('',(1.647134970408E0,1.256432714460E0,1.E-1));
#3171=DIRECTION('',(0.E0,0.E0,-1.E0));
#3172=DIRECTION('',(9.387982909075E-1,-3.444673699918E-1,0.E0));
#3173=AXIS2_PLACEMENT_3D('',#3170,#3171,#3172);
#3175=CARTESIAN_POINT('',(1.615771177727E0,1.187154060127E0,1.E-1));
#3176=DIRECTION('',(0.E0,0.E0,-1.E0));
#3177=DIRECTION('',(6.804891927724E-1,7.327581173347E-1,0.E0));
#3178=AXIS2_PLACEMENT_3D('',#3175,#3176,#3177);
#3180=CARTESIAN_POINT('',(1.2775E0,8.229E-1,1.E-1));
#3181=DIRECTION('',(0.E0,0.E0,-1.E0));
#3182=DIRECTION('',(0.E0,1.E0,0.E0));
#3183=AXIS2_PLACEMENT_3D('',#3180,#3181,#3182);
#3185=DIRECTION('',(1.E0,0.E0,0.E0));
#3186=VECTOR('',#3185,2.639581109868E-1);
#3187=CARTESIAN_POINT('',(1.013541889013E0,1.45E0,1.E-1));
#3188=LINE('',#3187,#3186);
#3189=DIRECTION('',(0.E0,0.E0,1.E0));
#3190=VECTOR('',#3189,3.75E-1);
#3191=CARTESIAN_POINT('',(1.2775E0,1.25E0,1.E-1));
#3192=LINE('',#3191,#3190);
#3193=DIRECTION('',(-1.036208156317E-14,0.E0,1.E0));
#3194=VECTOR('',#3193,3.E-1);
#3195=CARTESIAN_POINT('',(1.599556778825E0,1.168476386174E0,1.E-1));
#3196=LINE('',#3195,#3194);
#3197=CARTESIAN_POINT('',(1.2775E0,1.45E0,4.75E-1));
#3198=CARTESIAN_POINT('',(1.2775E0,1.45E0,4.685400543163E-1));
#3199=CARTESIAN_POINT('',(1.279154345695E0,1.450003864367E0,4.555534433244E-1));
#3200=CARTESIAN_POINT('',(1.286875694503E0,1.449955910002E0,4.369111242597E-1));
#3201=CARTESIAN_POINT('',(1.298864869648E0,1.449685711401E0,4.213982390415E-1));
#3202=CARTESIAN_POINT('',(1.314368354625E0,1.448995506920E0,4.093963192368E-1));
#3203=CARTESIAN_POINT('',(1.333073558693E0,1.447634027872E0,4.016452149698E-1));
#3204=CARTESIAN_POINT('',(1.346049997025E0,1.446275901164E0,4.E-1));
#3205=CARTESIAN_POINT('',(1.3525E0,1.445498915836E0,4.E-1));
#3207=CARTESIAN_POINT('',(1.3525E0,1.245832197832E0,4.E-1));
#3208=CARTESIAN_POINT('',(1.346050194341E0,1.246551258739E0,4.E-1));
#3209=CARTESIAN_POINT('',(1.333073750509E0,1.247808558895E0,4.016452421901E-1));
#3210=CARTESIAN_POINT('',(1.314369573318E0,1.249069413259E0,4.093956418341E-1));
#3211=CARTESIAN_POINT('',(1.298865053903E0,1.249708842103E0,4.213978793235E-1));
#3212=CARTESIAN_POINT('',(1.286875208656E0,1.249959160672E0,4.369117697654E-1));
#3213=CARTESIAN_POINT('',(1.279153968249E0,1.250003580012E0,4.555549128775E-1));
#3214=CARTESIAN_POINT('',(1.2775E0,1.25E0,4.685407168803E-1));
#3215=CARTESIAN_POINT('',(1.2775E0,1.25E0,4.75E-1));
#3217=DIRECTION('',(0.E0,0.E0,-1.E0));
#3218=VECTOR('',#3217,3.75E-1);
#3219=CARTESIAN_POINT('',(1.2775E0,1.45E0,4.75E-1));
#3220=LINE('',#3219,#3218);
#3221=DIRECTION('',(0.E0,0.E0,1.E0));
#3222=VECTOR('',#3221,3.E-1);
#3223=CARTESIAN_POINT('',(1.704234772788E0,1.282412615381E0,1.E-1));
#3224=LINE('',#3223,#3222);
#3225=DIRECTION('',(0.E0,-1.E0,0.E0));
#3226=VECTOR('',#3225,1.996667180038E-1);
#3227=CARTESIAN_POINT('',(1.3525E0,1.445498915836E0,4.E-1));
#3228=LINE('',#3227,#3226);
#3229=CARTESIAN_POINT('',(1.2775E0,8.229E-1,4.E-1));
#3230=DIRECTION('',(0.E0,0.E0,-1.E0));
#3231=DIRECTION('',(1.195981502153E-1,9.928223821334E-1,0.E0));
#3232=AXIS2_PLACEMENT_3D('',#3229,#3230,#3231);
#3234=CARTESIAN_POINT('',(1.615771177727E0,1.187154060127E0,4.E-1));
#3235=DIRECTION('',(0.E0,0.E0,1.E0));
#3236=DIRECTION('',(9.634404634803E-1,2.679225136655E-1,0.E0));
#3237=AXIS2_PLACEMENT_3D('',#3234,#3235,#3236);
#3239=CARTESIAN_POINT('',(1.647134970408E0,1.256432714460E0,4.E-1));
#3240=DIRECTION('',(0.E0,0.E0,1.E0));
#3241=DIRECTION('',(-4.757819158292E-1,-8.795632828682E-1,0.E0));
#3242=AXIS2_PLACEMENT_3D('',#3239,#3240,#3241);
#3244=CARTESIAN_POINT('',(1.2775E0,5.731E-1,4.E-1));
#3245=DIRECTION('',(0.E0,0.E0,1.E0));
#3246=DIRECTION('',(4.757819158291E-1,8.795632828682E-1,0.E0));
#3247=AXIS2_PLACEMENT_3D('',#3244,#3245,#3246);
#3249=DIRECTION('',(0.E0,0.E0,1.E0));
#3250=VECTOR('',#3249,3.E-1);
#3251=CARTESIAN_POINT('',(1.741017520904E0,1.221988596578E0,1.E-1));
#3252=LINE('',#3251,#3250);
#3253=CARTESIAN_POINT('',(-1.3275E0,-1.35E0,1.3E0));
#3254=DIRECTION('',(0.E0,0.E0,1.E0));
#3255=DIRECTION('',(1.E0,0.E0,0.E0));
#3256=AXIS2_PLACEMENT_3D('',#3253,#3254,#3255);
#3258=CARTESIAN_POINT('',(-1.3275E0,-1.35E0,1.5E0));
#3259=DIRECTION('',(0.E0,0.E0,-1.E0));
#3260=DIRECTION('',(0.E0,1.E0,0.E0));
#3261=AXIS2_PLACEMENT_3D('',#3258,#3259,#3260);
#3263=CARTESIAN_POINT('',(-1.2775E0,-1.35E0,1.4E0));
#3264=DIRECTION('',(-1.E0,0.E0,0.E0));
#3265=DIRECTION('',(0.E0,-1.E0,0.E0));
#3266=AXIS2_PLACEMENT_3D('',#3263,#3264,#3265);
#3268=DIRECTION('',(0.E0,1.E0,0.E0));
#3269=VECTOR('',#3268,2.E-1);
#3270=CARTESIAN_POINT('',(-1.2775E0,-1.45E0,4.5E-1));
#3271=LINE('',#3270,#3269);
#3272=DIRECTION('',(0.E0,0.E0,-1.E0));
#3273=VECTOR('',#3272,2.E-1);
#3274=CARTESIAN_POINT('',(-1.2775E0,-1.35E0,1.5E0));
#3275=LINE('',#3274,#3273);
#3276=CARTESIAN_POINT('',(1.2775E0,-1.35E0,1.4E0));
#3277=DIRECTION('',(1.E0,0.E0,0.E0));
#3278=DIRECTION('',(0.E0,-4.218847493576E-14,1.E0));
#3279=AXIS2_PLACEMENT_3D('',#3276,#3277,#3278);
#3281=DIRECTION('',(0.E0,0.E0,1.E0));
#3282=VECTOR('',#3281,2.E-1);
#3283=CARTESIAN_POINT('',(1.2775E0,-1.35E0,1.3E0));
#3284=LINE('',#3283,#3282);
#3285=DIRECTION('',(0.E0,-1.E0,0.E0));
#3286=VECTOR('',#3285,2.E-1);
#3287=CARTESIAN_POINT('',(1.2775E0,-1.25E0,4.75E-1));
#3288=LINE('',#3287,#3286);
#3289=CARTESIAN_POINT('',(1.3275E0,-1.35E0,1.5E0));
#3290=DIRECTION('',(0.E0,0.E0,-1.E0));
#3291=DIRECTION('',(-1.E0,8.437694987151E-14,0.E0));
#3292=AXIS2_PLACEMENT_3D('',#3289,#3290,#3291);
#3294=CARTESIAN_POINT('',(1.3275E0,-1.35E0,1.3E0));
#3295=DIRECTION('',(0.E0,0.E0,1.E0));
#3296=DIRECTION('',(0.E0,1.E0,0.E0));
#3297=AXIS2_PLACEMENT_3D('',#3294,#3295,#3296);
#3299=CARTESIAN_POINT('',(1.013541889013E0,-1.25E0,2.E-1));
#3300=DIRECTION('',(0.E0,1.E0,0.E0));
#3301=DIRECTION('',(0.E0,0.E0,-1.E0));
#3302=AXIS2_PLACEMENT_3D('',#3299,#3300,#3301);
#3304=DIRECTION('',(0.E0,0.E0,1.E0));
#3305=VECTOR('',#3304,8.25E-1);
#3306=CARTESIAN_POINT('',(1.2775E0,-1.25E0,4.75E-1));
#3307=LINE('',#3306,#3305);
#3308=DIRECTION('',(0.E0,0.E0,-1.E0));
#3309=VECTOR('',#3308,8.5E-1);
#3310=CARTESIAN_POINT('',(-1.2775E0,-1.25E0,1.3E0));
#3311=LINE('',#3310,#3309);
#3312=CARTESIAN_POINT('',(-1.013541889013E0,-1.25E0,2.E-1));
#3313=DIRECTION('',(0.E0,1.E0,0.E0));
#3314=DIRECTION('',(1.E0,0.E0,0.E0));
#3315=AXIS2_PLACEMENT_3D('',#3312,#3313,#3314);
#3317=DIRECTION('',(0.E0,1.E0,0.E0));
#3318=VECTOR('',#3317,2.E-1);
#3319=CARTESIAN_POINT('',(9.135418890132E-1,-1.45E0,2.E-1));
#3320=LINE('',#3319,#3318);
#3321=DIRECTION('',(0.E0,0.E0,-1.E0));
#3322=VECTOR('',#3321,2.E-1);
#3323=CARTESIAN_POINT('',(9.135418890132E-1,-1.25E0,4.E-1));
#3324=LINE('',#3323,#3322);
#3325=DIRECTION('',(0.E0,1.E0,0.E0));
#3326=VECTOR('',#3325,2.E-1);
#3327=CARTESIAN_POINT('',(9.135418890132E-1,-1.45E0,4.E-1));
#3328=LINE('',#3327,#3326);
#3329=CARTESIAN_POINT('',(8.135418890132E-1,-1.45E0,4.E-1));
#3330=DIRECTION('',(0.E0,1.E0,0.E0));
#3331=DIRECTION('',(0.E0,0.E0,1.E0));
#3332=AXIS2_PLACEMENT_3D('',#3329,#3330,#3331);
#3334=CARTESIAN_POINT('',(8.135418890132E-1,-1.25E0,4.E-1));
#3335=DIRECTION('',(0.E0,-1.E0,0.E0));
#3336=DIRECTION('',(1.E0,0.E0,0.E0));
#3337=AXIS2_PLACEMENT_3D('',#3334,#3335,#3336);
#3339=DIRECTION('',(0.E0,1.E0,0.E0));
#3340=VECTOR('',#3339,2.E-1);
#3341=CARTESIAN_POINT('',(8.135418890132E-1,-1.45E0,5.E-1));
#3342=LINE('',#3341,#3340);
#3343=DIRECTION('',(-1.E0,0.E0,0.E0));
#3344=VECTOR('',#3343,1.627083778026E0);
#3345=CARTESIAN_POINT('',(8.135418890132E-1,-1.25E0,5.E-1));
#3346=LINE('',#3345,#3344);
#3347=DIRECTION('',(0.E0,-1.E0,0.E0));
#3348=VECTOR('',#3347,2.E-1);
#3349=CARTESIAN_POINT('',(-8.135418890132E-1,-1.25E0,5.E-1));
#3350=LINE('',#3349,#3348);
#3351=CARTESIAN_POINT('',(-8.135418890132E-1,-1.25E0,4.E-1));
#3352=DIRECTION('',(0.E0,-1.E0,0.E0));
#3353=DIRECTION('',(0.E0,0.E0,1.E0));
#3354=AXIS2_PLACEMENT_3D('',#3351,#3352,#3353);
#3356=CARTESIAN_POINT('',(-8.135418890132E-1,-1.45E0,4.E-1));
#3357=DIRECTION('',(0.E0,1.E0,0.E0));
#3358=DIRECTION('',(-1.E0,0.E0,0.E0));
#3359=AXIS2_PLACEMENT_3D('',#3356,#3357,#3358);
#3361=DIRECTION('',(0.E0,-1.E0,0.E0));
#3362=VECTOR('',#3361,2.E-1);
#3363=CARTESIAN_POINT('',(-9.135418890132E-1,-1.25E0,2.E-1));
#3364=LINE('',#3363,#3362);
#3365=DIRECTION('',(0.E0,-1.E0,0.E0));
#3366=VECTOR('',#3365,2.E-1);
#3367=CARTESIAN_POINT('',(-9.135418890132E-1,-1.25E0,4.E-1));
#3368=LINE('',#3367,#3366);
#3369=DIRECTION('',(0.E0,0.E0,-1.E0));
#3370=VECTOR('',#3369,2.E-1);
#3371=CARTESIAN_POINT('',(-9.135418890132E-1,-1.25E0,4.E-1));
#3372=LINE('',#3371,#3370);
#3373=DIRECTION('',(1.E0,0.E0,0.E0));
#3374=VECTOR('',#3373,2.555E0);
#3375=CARTESIAN_POINT('',(-1.2775E0,-1.45E0,1.4E0));
#3376=LINE('',#3375,#3374);
#3377=DIRECTION('',(0.E0,0.E0,-1.E0));
#3378=VECTOR('',#3377,9.25E-1);
#3379=CARTESIAN_POINT('',(1.2775E0,-1.45E0,1.4E0));
#3380=LINE('',#3379,#3378);
#3381=CARTESIAN_POINT('',(1.013541889013E0,-1.45E0,2.E-1));
#3382=DIRECTION('',(0.E0,-1.E0,0.E0));
#3383=DIRECTION('',(-1.E0,0.E0,0.E0));
#3384=AXIS2_PLACEMENT_3D('',#3381,#3382,#3383);
#3386=DIRECTION('',(0.E0,0.E0,-1.E0));
#3387=VECTOR('',#3386,2.E-1);
#3388=CARTESIAN_POINT('',(9.135418890132E-1,-1.45E0,4.E-1));
#3389=LINE('',#3388,#3387);
#3390=DIRECTION('',(-1.E0,0.E0,0.E0));
#3391=VECTOR('',#3390,1.627083778026E0);
#3392=CARTESIAN_POINT('',(8.135418890132E-1,-1.45E0,5.E-1));
#3393=LINE('',#3392,#3391);
#3394=DIRECTION('',(0.E0,0.E0,-1.E0));
#3395=VECTOR('',#3394,2.E-1);
#3396=CARTESIAN_POINT('',(-9.135418890132E-1,-1.45E0,4.E-1));
#3397=LINE('',#3396,#3395);
#3398=CARTESIAN_POINT('',(-1.013541889013E0,-1.45E0,2.E-1));
#3399=DIRECTION('',(0.E0,-1.E0,0.E0));
#3400=DIRECTION('',(0.E0,0.E0,-1.E0));
#3401=AXIS2_PLACEMENT_3D('',#3398,#3399,#3400);
#3403=DIRECTION('',(0.E0,0.E0,1.E0));
#3404=VECTOR('',#3403,9.5E-1);
#3405=CARTESIAN_POINT('',(-1.2775E0,-1.45E0,4.5E-1));
#3406=LINE('',#3405,#3404);
#3407=DIRECTION('',(0.E0,0.E0,1.E0));
#3408=VECTOR('',#3407,3.75E-1);
#3409=CARTESIAN_POINT('',(1.2775E0,-1.45E0,1.E-1));
#3410=LINE('',#3409,#3408);
#3411=DIRECTION('',(0.E0,0.E0,-1.E0));
#3412=VECTOR('',#3411,3.E-1);
#3413=CARTESIAN_POINT('',(1.704234772788E0,-1.282412615381E0,4.E-1));
#3414=LINE('',#3413,#3412);
#3415=CARTESIAN_POINT('',(1.2775E0,-1.25E0,4.75E-1));
#3416=CARTESIAN_POINT('',(1.2775E0,-1.25E0,4.685407169147E-1));
#3417=CARTESIAN_POINT('',(1.279153968223E0,-1.250003580012E0,
4.555549129527E-1));
#3418=CARTESIAN_POINT('',(1.286875208676E0,-1.249959160672E0,
4.369117697189E-1));
#3419=CARTESIAN_POINT('',(1.298865053916E0,-1.249708842102E0,
4.213978793209E-1));
#3420=CARTESIAN_POINT('',(1.314369573300E0,-1.249069413261E0,
4.093956418389E-1));
#3421=CARTESIAN_POINT('',(1.333073750578E0,-1.247808558889E0,
4.016452421684E-1));
#3422=CARTESIAN_POINT('',(1.346050194371E0,-1.246551258736E0,4.E-1));
#3423=CARTESIAN_POINT('',(1.3525E0,-1.245832197832E0,4.E-1));
#3425=CARTESIAN_POINT('',(1.3525E0,-1.445498915836E0,4.E-1));
#3426=CARTESIAN_POINT('',(1.346049997056E0,-1.446275901161E0,4.E-1));
#3427=CARTESIAN_POINT('',(1.333073558762E0,-1.447634027866E0,
4.016452149479E-1));
#3428=CARTESIAN_POINT('',(1.314368354608E0,-1.448995506921E0,
4.093963192412E-1));
#3429=CARTESIAN_POINT('',(1.298864869661E0,-1.449685711400E0,
4.213982390389E-1));
#3430=CARTESIAN_POINT('',(1.286875694522E0,-1.449955910002E0,
4.369111242131E-1));
#3431=CARTESIAN_POINT('',(1.279154345669E0,-1.450003864367E0,
4.555534433992E-1));
#3432=CARTESIAN_POINT('',(1.2775E0,-1.45E0,4.685400543507E-1));
#3433=CARTESIAN_POINT('',(1.2775E0,-1.45E0,4.75E-1));
#3435=DIRECTION('',(0.E0,0.E0,-1.E0));
#3436=VECTOR('',#3435,3.75E-1);
#3437=CARTESIAN_POINT('',(1.2775E0,-1.25E0,4.75E-1));
#3438=LINE('',#3437,#3436);
#3439=DIRECTION('',(1.184237892934E-14,0.E0,-1.E0));
#3440=VECTOR('',#3439,3.E-1);
#3441=CARTESIAN_POINT('',(1.599556778825E0,-1.168476386174E0,4.E-1));
#3442=LINE('',#3441,#3440);
#3443=DIRECTION('',(0.E0,-1.E0,0.E0));
#3444=VECTOR('',#3443,1.996667180038E-1);
#3445=CARTESIAN_POINT('',(1.3525E0,-1.245832197832E0,4.E-1));
#3446=LINE('',#3445,#3444);
#3447=CARTESIAN_POINT('',(1.2775E0,-5.731E-1,4.E-1));
#3448=DIRECTION('',(0.E0,0.E0,-1.E0));
#3449=DIRECTION('',(4.757819158291E-1,-8.795632828682E-1,0.E0));
#3450=AXIS2_PLACEMENT_3D('',#3447,#3448,#3449);
#3452=CARTESIAN_POINT('',(1.647134970408E0,-1.256432714460E0,4.E-1));
#3453=DIRECTION('',(0.E0,0.E0,1.E0));
#3454=DIRECTION('',(9.387982909075E-1,3.444673699918E-1,0.E0));
#3455=AXIS2_PLACEMENT_3D('',#3452,#3453,#3454);
#3457=CARTESIAN_POINT('',(1.615771177727E0,-1.187154060127E0,4.E-1));
#3458=DIRECTION('',(0.E0,0.E0,1.E0));
#3459=DIRECTION('',(6.804891927724E-1,-7.327581173347E-1,0.E0));
#3460=AXIS2_PLACEMENT_3D('',#3457,#3458,#3459);
#3462=CARTESIAN_POINT('',(1.2775E0,-8.229E-1,4.E-1));
#3463=DIRECTION('',(0.E0,0.E0,1.E0));
#3464=DIRECTION('',(1.195981502153E-1,-9.928223821334E-1,0.E0));
#3465=AXIS2_PLACEMENT_3D('',#3462,#3463,#3464);
#3467=DIRECTION('',(0.E0,0.E0,-1.E0));
#3468=VECTOR('',#3467,3.E-1);
#3469=CARTESIAN_POINT('',(1.741017520904E0,-1.221988596578E0,4.E-1));
#3470=LINE('',#3469,#3468);
#3471=DIRECTION('',(0.E0,1.E0,0.E0));
#3472=VECTOR('',#3471,2.E-1);
#3473=CARTESIAN_POINT('',(1.013541889013E0,-1.45E0,1.E-1));
#3474=LINE('',#3473,#3472);
#3475=DIRECTION('',(1.E0,0.E0,0.E0));
#3476=VECTOR('',#3475,2.639581109868E-1);
#3477=CARTESIAN_POINT('',(1.013541889013E0,-1.45E0,1.E-1));
#3478=LINE('',#3477,#3476);
#3479=CARTESIAN_POINT('',(1.2775E0,-8.229E-1,1.E-1));
#3480=DIRECTION('',(0.E0,0.E0,1.E0));
#3481=DIRECTION('',(0.E0,-1.E0,0.E0));
#3482=AXIS2_PLACEMENT_3D('',#3479,#3480,#3481);
#3484=CARTESIAN_POINT('',(1.615771177727E0,-1.187154060127E0,1.E-1));
#3485=DIRECTION('',(0.E0,0.E0,-1.E0));
#3486=DIRECTION('',(9.634404634803E-1,-2.679225136655E-1,0.E0));
#3487=AXIS2_PLACEMENT_3D('',#3484,#3485,#3486);
#3489=CARTESIAN_POINT('',(1.647134970408E0,-1.256432714460E0,1.E-1));
#3490=DIRECTION('',(0.E0,0.E0,-1.E0));
#3491=DIRECTION('',(-4.757819158292E-1,8.795632828682E-1,0.E0));
#3492=AXIS2_PLACEMENT_3D('',#3489,#3490,#3491);
#3494=CARTESIAN_POINT('',(1.2775E0,-5.731E-1,1.E-1));
#3495=DIRECTION('',(0.E0,0.E0,-1.E0));
#3496=DIRECTION('',(4.757819158292E-1,-8.795632828682E-1,0.E0));
#3497=AXIS2_PLACEMENT_3D('',#3494,#3495,#3496);
#3499=DIRECTION('',(-1.E0,0.E0,0.E0));
#3500=VECTOR('',#3499,2.639581109868E-1);
#3501=CARTESIAN_POINT('',(1.2775E0,-1.25E0,1.E-1));
#3502=LINE('',#3501,#3500);
#3503=DIRECTION('',(0.E0,-1.E0,0.E0));
#3504=VECTOR('',#3503,2.E-1);
#3505=CARTESIAN_POINT('',(-1.013541889013E0,-1.25E0,1.E-1));
#3506=LINE('',#3505,#3504);
#3507=DIRECTION('',(1.E0,0.E0,0.E0));
#3508=VECTOR('',#3507,2.639581109868E-1);
#3509=CARTESIAN_POINT('',(-1.2775E0,-1.25E0,1.E-1));
#3510=LINE('',#3509,#3508);
#3511=CARTESIAN_POINT('',(-1.2775E0,-5.731E-1,1.E-1));
#3512=DIRECTION('',(0.E0,0.E0,1.E0));
#3513=DIRECTION('',(-4.757819158292E-1,-8.795632828682E-1,0.E0));
#3514=AXIS2_PLACEMENT_3D('',#3511,#3512,#3513);
#3516=CARTESIAN_POINT('',(-1.647134970408E0,-1.256432714460E0,1.E-1));
#3517=DIRECTION('',(0.E0,0.E0,-1.E0));
#3518=DIRECTION('',(-9.387982909075E-1,3.444673699918E-1,0.E0));
#3519=AXIS2_PLACEMENT_3D('',#3516,#3517,#3518);
#3521=CARTESIAN_POINT('',(-1.615771177727E0,-1.187154060127E0,1.E-1));
#3522=DIRECTION('',(0.E0,0.E0,-1.E0));
#3523=DIRECTION('',(-6.804891927724E-1,-7.327581173347E-1,0.E0));
#3524=AXIS2_PLACEMENT_3D('',#3521,#3522,#3523);
#3526=CARTESIAN_POINT('',(-1.2775E0,-8.229E-1,1.E-1));
#3527=DIRECTION('',(0.E0,0.E0,-1.E0));
#3528=DIRECTION('',(0.E0,-1.E0,0.E0));
#3529=AXIS2_PLACEMENT_3D('',#3526,#3527,#3528);
#3531=DIRECTION('',(-1.E0,0.E0,0.E0));
#3532=VECTOR('',#3531,2.639581109868E-1);
#3533=CARTESIAN_POINT('',(-1.013541889013E0,-1.45E0,1.E-1));
#3534=LINE('',#3533,#3532);
#3535=DIRECTION('',(0.E0,0.E0,1.E0));
#3536=VECTOR('',#3535,3.5E-1);
#3537=CARTESIAN_POINT('',(-1.2775E0,-1.25E0,1.E-1));
#3538=LINE('',#3537,#3536);
#3539=DIRECTION('',(0.E0,0.E0,1.E0));
#3540=VECTOR('',#3539,3.E-1);
#3541=CARTESIAN_POINT('',(-1.599556778825E0,-1.168476386174E0,1.E-1));
#3542=LINE('',#3541,#3540);
#3543=CARTESIAN_POINT('',(-1.2775E0,-1.45E0,4.5E-1));
#3544=CARTESIAN_POINT('',(-1.2775E0,-1.45E0,4.447782213746E-1));
#3545=CARTESIAN_POINT('',(-1.279137420719E0,-1.450003613432E0,
4.343282472701E-1));
#3546=CARTESIAN_POINT('',(-1.286419498584E0,-1.449958830542E0,
4.200790166694E-1));
#3547=CARTESIAN_POINT('',(-1.297532357688E0,-1.449724005178E0,
4.089473625336E-1));
#3548=CARTESIAN_POINT('',(-1.311833848654E0,-1.449121627172E0,
4.016313128041E-1));
#3549=CARTESIAN_POINT('',(-1.322282934708E0,-1.448420815533E0,4.E-1));
#3550=CARTESIAN_POINT('',(-1.3275E0,-1.448003519427E0,4.E-1));
#3552=CARTESIAN_POINT('',(-1.3275E0,-1.248150820309E0,4.E-1));
#3553=CARTESIAN_POINT('',(-1.322283122722E0,-1.248537226571E0,4.E-1));
#3554=CARTESIAN_POINT('',(-1.311834230547E0,-1.249186287345E0,
4.016312121906E-1));
#3555=CARTESIAN_POINT('',(-1.297532710303E0,-1.249744305071E0,
4.089470748011E-1));
#3556=CARTESIAN_POINT('',(-1.286419431253E0,-1.249961861722E0,
4.200790118596E-1));
#3557=CARTESIAN_POINT('',(-1.279137299077E0,-1.250003347440E0,
4.343286069934E-1));
#3558=CARTESIAN_POINT('',(-1.2775E0,-1.25E0,4.447783981414E-1));
#3559=CARTESIAN_POINT('',(-1.2775E0,-1.25E0,4.5E-1));
#3561=DIRECTION('',(0.E0,0.E0,-1.E0));
#3562=VECTOR('',#3561,3.5E-1);
#3563=CARTESIAN_POINT('',(-1.2775E0,-1.45E0,4.5E-1));
#3564=LINE('',#3563,#3562);
#3565=DIRECTION('',(0.E0,0.E0,1.E0));
#3566=VECTOR('',#3565,3.E-1);
#3567=CARTESIAN_POINT('',(-1.704234772788E0,-1.282412615381E0,1.E-1));
#3568=LINE('',#3567,#3566);
#3569=DIRECTION('',(0.E0,1.E0,0.E0));
#3570=VECTOR('',#3569,1.998526991179E-1);
#3571=CARTESIAN_POINT('',(-1.3275E0,-1.448003519427E0,4.E-1));
#3572=LINE('',#3571,#3570);
#3573=CARTESIAN_POINT('',(-1.2775E0,-8.229E-1,4.E-1));
#3574=DIRECTION('',(0.E0,0.E0,-1.E0));
#3575=DIRECTION('',(-7.973210014352E-2,-9.968163282204E-1,0.E0));
#3576=AXIS2_PLACEMENT_3D('',#3573,#3574,#3575);
#3578=CARTESIAN_POINT('',(-1.615771177727E0,-1.187154060127E0,4.E-1));
#3579=DIRECTION('',(0.E0,0.E0,1.E0));
#3580=DIRECTION('',(-9.634404634803E-1,-2.679225136655E-1,0.E0));
#3581=AXIS2_PLACEMENT_3D('',#3578,#3579,#3580);
#3583=CARTESIAN_POINT('',(-1.647134970408E0,-1.256432714460E0,4.E-1));
#3584=DIRECTION('',(0.E0,0.E0,1.E0));
#3585=DIRECTION('',(4.757819158292E-1,8.795632828682E-1,0.E0));
#3586=AXIS2_PLACEMENT_3D('',#3583,#3584,#3585);
#3588=CARTESIAN_POINT('',(-1.2775E0,-5.731E-1,4.E-1));
#3589=DIRECTION('',(0.E0,0.E0,1.E0));
#3590=DIRECTION('',(-4.757819158291E-1,-8.795632828682E-1,0.E0));
#3591=AXIS2_PLACEMENT_3D('',#3588,#3589,#3590);
#3593=DIRECTION('',(0.E0,0.E0,1.E0));
#3594=VECTOR('',#3593,3.E-1);
#3595=CARTESIAN_POINT('',(-1.741017520904E0,-1.221988596578E0,1.E-1));
#3596=LINE('',#3595,#3594);
#3597=CARTESIAN_POINT('',(8.5E-1,0.E0,1.28E0));
#3598=CARTESIAN_POINT('',(-8.5E-1,0.E0,1.28E0));
#3599=VERTEX_POINT('',#3597);
#3600=VERTEX_POINT('',#3598);
#3601=CARTESIAN_POINT('',(7.E-1,0.E0,2.5E0));
#3602=CARTESIAN_POINT('',(-7.E-1,0.E0,2.5E0));
#3603=VERTEX_POINT('',#3601);
#3604=VERTEX_POINT('',#3602);
#3605=CARTESIAN_POINT('',(8.5E-1,0.E0,2.35E0));
#3606=CARTESIAN_POINT('',(-8.5E-1,0.E0,2.35E0));
#3607=VERTEX_POINT('',#3605);
#3608=VERTEX_POINT('',#3606);
#3609=CARTESIAN_POINT('',(-1.82E0,4.25E-1,7.2E-1));
#3610=CARTESIAN_POINT('',(-1.82E0,-4.25E-1,7.2E-1));
#3611=VERTEX_POINT('',#3609);
#3612=VERTEX_POINT('',#3610);
#3613=CARTESIAN_POINT('',(-2.E0,4.25E-1,1.28E0));
#3614=CARTESIAN_POINT('',(-1.82E0,4.25E-1,1.28E0));
#3615=VERTEX_POINT('',#3613);
#3616=VERTEX_POINT('',#3614);
#3617=CARTESIAN_POINT('',(-2.E0,-4.25E-1,1.28E0));
#3618=CARTESIAN_POINT('',(-1.82E0,-4.25E-1,1.28E0));
#3619=VERTEX_POINT('',#3617);
#3620=VERTEX_POINT('',#3618);
#3621=CARTESIAN_POINT('',(-2.E0,4.25E-1,7.2E-1));
#3622=VERTEX_POINT('',#3621);
#3623=CARTESIAN_POINT('',(-2.E0,-4.25E-1,7.2E-1));
#3624=VERTEX_POINT('',#3623);
#3625=CARTESIAN_POINT('',(-2.E0,1.3E0,1.28E0));
#3626=VERTEX_POINT('',#3625);
#3627=CARTESIAN_POINT('',(-2.E0,-1.3E0,1.28E0));
#3628=VERTEX_POINT('',#3627);
#3629=CARTESIAN_POINT('',(1.82E0,4.25E-1,7.2E-1));
#3630=CARTESIAN_POINT('',(1.82E0,-4.25E-1,7.2E-1));
#3631=VERTEX_POINT('',#3629);
#3632=VERTEX_POINT('',#3630);
#3633=CARTESIAN_POINT('',(1.82E0,4.25E-1,1.28E0));
#3634=VERTEX_POINT('',#3633);
#3635=CARTESIAN_POINT('',(1.82E0,-4.25E-1,1.28E0));
#3636=VERTEX_POINT('',#3635);
#3637=CARTESIAN_POINT('',(2.E0,4.25E-1,7.2E-1));
#3638=VERTEX_POINT('',#3637);
#3639=CARTESIAN_POINT('',(2.E0,-4.25E-1,7.2E-1));
#3640=VERTEX_POINT('',#3639);
#3641=CARTESIAN_POINT('',(2.E0,4.25E-1,1.28E0));
#3642=VERTEX_POINT('',#3641);
#3643=CARTESIAN_POINT('',(2.E0,-4.25E-1,1.28E0));
#3644=VERTEX_POINT('',#3643);
#3645=CARTESIAN_POINT('',(2.E0,-1.3E0,1.28E0));
#3646=VERTEX_POINT('',#3645);
#3647=CARTESIAN_POINT('',(2.E0,1.3E0,1.28E0));
#3648=VERTEX_POINT('',#3647);
#3649=CARTESIAN_POINT('',(-9.E-1,1.45E0,0.E0));
#3650=CARTESIAN_POINT('',(-9.E-1,1.2E0,0.E0));
#3651=VERTEX_POINT('',#3649);
#3652=VERTEX_POINT('',#3650);
#3653=CARTESIAN_POINT('',(-1.5E0,9.5E-1,0.E0));
#3654=VERTEX_POINT('',#3653);
#3655=CARTESIAN_POINT('',(-2.E0,9.5E-1,0.E0));
#3656=VERTEX_POINT('',#3655);
#3657=CARTESIAN_POINT('',(-2.E0,1.45E0,4.3E-1));
#3658=CARTESIAN_POINT('',(-2.E0,9.5E-1,4.3E-1));
#3659=VERTEX_POINT('',#3657);
#3660=VERTEX_POINT('',#3658);
#3661=CARTESIAN_POINT('',(9.E-1,1.45E0,0.E0));
#3662=VERTEX_POINT('',#3661);
#3663=CARTESIAN_POINT('',(-1.5E0,9.5E-1,4.3E-1));
#3664=VERTEX_POINT('',#3663);
#3665=CARTESIAN_POINT('',(-2.E0,-9.5E-1,0.E0));
#3666=CARTESIAN_POINT('',(-1.5E0,-9.5E-1,0.E0));
#3667=VERTEX_POINT('',#3665);
#3668=VERTEX_POINT('',#3666);
#3669=CARTESIAN_POINT('',(-9.E-1,-1.2E0,0.E0));
#3670=VERTEX_POINT('',#3669);
#3671=CARTESIAN_POINT('',(-9.E-1,-1.45E0,0.E0));
#3672=VERTEX_POINT('',#3671);
#3673=CARTESIAN_POINT('',(2.E0,9.5E-1,0.E0));
#3674=CARTESIAN_POINT('',(1.5E0,9.5E-1,0.E0));
#3675=VERTEX_POINT('',#3673);
#3676=VERTEX_POINT('',#3674);
#3677=CARTESIAN_POINT('',(9.E-1,1.2E0,0.E0));
#3678=VERTEX_POINT('',#3677);
#3679=CARTESIAN_POINT('',(9.E-1,-1.45E0,0.E0));
#3680=CARTESIAN_POINT('',(9.E-1,-1.2E0,0.E0));
#3681=VERTEX_POINT('',#3679);
#3682=VERTEX_POINT('',#3680);
#3683=CARTESIAN_POINT('',(1.5E0,-9.5E-1,0.E0));
#3684=VERTEX_POINT('',#3683);
#3685=CARTESIAN_POINT('',(2.E0,-9.5E-1,0.E0));
#3686=VERTEX_POINT('',#3685);
#3687=CARTESIAN_POINT('',(-2.E0,-9.5E-1,4.3E-1));
#3688=CARTESIAN_POINT('',(-2.E0,-1.45E0,4.3E-1));
#3689=VERTEX_POINT('',#3687);
#3690=VERTEX_POINT('',#3688);
#3691=CARTESIAN_POINT('',(2.E0,-1.45E0,4.3E-1));
#3692=CARTESIAN_POINT('',(2.E0,-9.5E-1,4.3E-1));
#3693=VERTEX_POINT('',#3691);
#3694=VERTEX_POINT('',#3692);
#3695=CARTESIAN_POINT('',(2.E0,9.5E-1,4.3E-1));
#3696=CARTESIAN_POINT('',(2.E0,1.45E0,4.3E-1));
#3697=VERTEX_POINT('',#3695);
#3698=VERTEX_POINT('',#3696);
#3699=CARTESIAN_POINT('',(-1.5E0,-9.5E-1,4.3E-1));
#3700=VERTEX_POINT('',#3699);
#3701=CARTESIAN_POINT('',(1.5E0,9.5E-1,4.3E-1));
#3702=VERTEX_POINT('',#3701);
#3703=CARTESIAN_POINT('',(1.5E0,-9.5E-1,4.3E-1));
#3704=VERTEX_POINT('',#3703);
#3705=CARTESIAN_POINT('',(-1.3E0,-1.2E0,1.28E0));
#3706=CARTESIAN_POINT('',(1.3E0,-1.2E0,1.28E0));
#3707=VERTEX_POINT('',#3705);
#3708=VERTEX_POINT('',#3706);
#3709=CARTESIAN_POINT('',(-1.3E0,-1.3E0,1.28E0));
#3710=VERTEX_POINT('',#3709);
#3711=CARTESIAN_POINT('',(1.3E0,-1.3E0,1.28E0));
#3712=VERTEX_POINT('',#3711);
#3713=CARTESIAN_POINT('',(-9.E-1,-1.45E0,4.3E-1));
#3714=CARTESIAN_POINT('',(9.E-1,-1.45E0,4.3E-1));
#3715=VERTEX_POINT('',#3713);
#3716=VERTEX_POINT('',#3714);
#3717=CARTESIAN_POINT('',(-1.3E0,-1.45E0,4.3E-1));
#3718=VERTEX_POINT('',#3717);
#3719=CARTESIAN_POINT('',(1.3E0,-1.45E0,4.3E-1));
#3720=VERTEX_POINT('',#3719);
#3721=CARTESIAN_POINT('',(-1.3E0,-1.2E0,4.3E-1));
#3722=CARTESIAN_POINT('',(-9.E-1,-1.2E0,4.3E-1));
#3723=VERTEX_POINT('',#3721);
#3724=VERTEX_POINT('',#3722);
#3725=CARTESIAN_POINT('',(9.E-1,-1.2E0,4.3E-1));
#3726=CARTESIAN_POINT('',(1.3E0,-1.2E0,4.3E-1));
#3727=VERTEX_POINT('',#3725);
#3728=VERTEX_POINT('',#3726);
#3729=CARTESIAN_POINT('',(-1.3E0,1.2E0,1.28E0));
#3730=CARTESIAN_POINT('',(-1.3E0,1.2E0,4.3E-1));
#3731=VERTEX_POINT('',#3729);
#3732=VERTEX_POINT('',#3730);
#3733=CARTESIAN_POINT('',(-9.E-1,1.2E0,4.3E-1));
#3734=CARTESIAN_POINT('',(9.E-1,1.2E0,4.3E-1));
#3735=VERTEX_POINT('',#3733);
#3736=VERTEX_POINT('',#3734);
#3737=CARTESIAN_POINT('',(1.3E0,1.2E0,4.3E-1));
#3738=CARTESIAN_POINT('',(1.3E0,1.2E0,1.28E0));
#3739=VERTEX_POINT('',#3737);
#3740=VERTEX_POINT('',#3738);
#3741=CARTESIAN_POINT('',(-1.3E0,1.3E0,1.28E0));
#3742=VERTEX_POINT('',#3741);
#3743=CARTESIAN_POINT('',(1.3E0,1.3E0,1.28E0));
#3744=VERTEX_POINT('',#3743);
#3745=CARTESIAN_POINT('',(9.E-1,1.45E0,4.3E-1));
#3746=CARTESIAN_POINT('',(-9.E-1,1.45E0,4.3E-1));
#3747=VERTEX_POINT('',#3745);
#3748=VERTEX_POINT('',#3746);
#3749=CARTESIAN_POINT('',(-1.3E0,1.45E0,4.3E-1));
#3750=VERTEX_POINT('',#3749);
#3751=CARTESIAN_POINT('',(1.3E0,1.45E0,4.3E-1));
#3752=VERTEX_POINT('',#3751);
#3753=CARTESIAN_POINT('',(-1.7E0,-7.E-1,1.5E-1));
#3754=CARTESIAN_POINT('',(-1.7E0,7.E-1,1.5E-1));
#3755=VERTEX_POINT('',#3753);
#3756=VERTEX_POINT('',#3754);
#3757=CARTESIAN_POINT('',(-2.E0,7.E-1,0.E0));
#3758=CARTESIAN_POINT('',(-1.7E0,7.E-1,0.E0));
#3759=VERTEX_POINT('',#3757);
#3760=VERTEX_POINT('',#3758);
#3761=CARTESIAN_POINT('',(-2.E0,-7.E-1,0.E0));
#3762=CARTESIAN_POINT('',(-1.7E0,-7.E-1,0.E0));
#3763=VERTEX_POINT('',#3761);
#3764=VERTEX_POINT('',#3762);
#3765=CARTESIAN_POINT('',(-2.E0,-7.E-1,1.5E-1));
#3766=CARTESIAN_POINT('',(-2.E0,7.E-1,1.5E-1));
#3767=VERTEX_POINT('',#3765);
#3768=VERTEX_POINT('',#3766);
#3769=CARTESIAN_POINT('',(1.7E0,-7.E-1,1.5E-1));
#3770=CARTESIAN_POINT('',(1.7E0,7.E-1,1.5E-1));
#3771=VERTEX_POINT('',#3769);
#3772=VERTEX_POINT('',#3770);
#3773=CARTESIAN_POINT('',(1.7E0,7.E-1,0.E0));
#3774=VERTEX_POINT('',#3773);
#3775=CARTESIAN_POINT('',(1.7E0,-7.E-1,0.E0));
#3776=VERTEX_POINT('',#3775);
#3777=CARTESIAN_POINT('',(2.E0,-7.E-1,1.5E-1));
#3778=VERTEX_POINT('',#3777);
#3779=CARTESIAN_POINT('',(2.E0,7.E-1,1.5E-1));
#3780=VERTEX_POINT('',#3779);
#3781=CARTESIAN_POINT('',(2.E0,7.E-1,0.E0));
#3782=VERTEX_POINT('',#3781);
#3783=CARTESIAN_POINT('',(2.E0,-7.E-1,0.E0));
#3784=VERTEX_POINT('',#3783);
#3785=CARTESIAN_POINT('',(9.E-1,0.E0,1.3E0));
#3786=CARTESIAN_POINT('',(-9.E-1,0.E0,1.3E0));
#3787=VERTEX_POINT('',#3785);
#3788=VERTEX_POINT('',#3786);
#3789=CARTESIAN_POINT('',(9.E-1,0.E0,1.5E0));
#3790=CARTESIAN_POINT('',(-9.E-1,0.E0,1.5E0));
#3791=VERTEX_POINT('',#3789);
#3792=VERTEX_POINT('',#3790);
#3793=CARTESIAN_POINT('',(-2.E0,7.753E-1,1.3E0));
#3794=CARTESIAN_POINT('',(-2.E0,7.753E-1,1.5E0));
#3795=VERTEX_POINT('',#3793);
#3796=VERTEX_POINT('',#3794);
#3797=CARTESIAN_POINT('',(-2.E0,-7.753E-1,1.3E0));
#3798=CARTESIAN_POINT('',(-2.E0,-7.753E-1,1.5E0));
#3799=VERTEX_POINT('',#3797);
#3800=VERTEX_POINT('',#3798);
#3801=CARTESIAN_POINT('',(-1.8554E0,7.753E-1,1.5E0));
#3802=CARTESIAN_POINT('',(-1.7254E0,6.453E-1,1.5E0));
#3803=VERTEX_POINT('',#3801);
#3804=VERTEX_POINT('',#3802);
#3805=CARTESIAN_POINT('',(-1.7254E0,6.453E-1,1.3E0));
#3806=CARTESIAN_POINT('',(-1.8554E0,7.753E-1,1.3E0));
#3807=VERTEX_POINT('',#3805);
#3808=VERTEX_POINT('',#3806);
#3809=CARTESIAN_POINT('',(-1.7254E0,5.3E-1,1.5E0));
#3810=CARTESIAN_POINT('',(-1.8554E0,4.E-1,1.5E0));
#3811=VERTEX_POINT('',#3809);
#3812=VERTEX_POINT('',#3810);
#3813=CARTESIAN_POINT('',(-1.8554E0,-4.E-1,1.5E0));
#3814=CARTESIAN_POINT('',(-1.7254E0,-5.3E-1,1.5E0));
#3815=VERTEX_POINT('',#3813);
#3816=VERTEX_POINT('',#3814);
#3817=CARTESIAN_POINT('',(-1.7254E0,-6.453E-1,1.5E0));
#3818=CARTESIAN_POINT('',(-1.8554E0,-7.753E-1,1.5E0));
#3819=VERTEX_POINT('',#3817);
#3820=VERTEX_POINT('',#3818);
#3821=CARTESIAN_POINT('',(-1.8554E0,-7.753E-1,1.3E0));
#3822=CARTESIAN_POINT('',(-1.7254E0,-6.453E-1,1.3E0));
#3823=VERTEX_POINT('',#3821);
#3824=VERTEX_POINT('',#3822);
#3825=CARTESIAN_POINT('',(-1.810222714501E0,4.E-1,1.3E0));
#3826=CARTESIAN_POINT('',(-1.810222714501E0,-4.E-1,1.3E0));
#3827=VERTEX_POINT('',#3825);
#3828=VERTEX_POINT('',#3826);
#3829=CARTESIAN_POINT('',(-1.810222714501E0,4.E-1,1.28E0));
#3830=VERTEX_POINT('',#3829);
#3831=CARTESIAN_POINT('',(-1.810222714501E0,-4.E-1,1.28E0));
#3832=VERTEX_POINT('',#3831);
#3833=CARTESIAN_POINT('',(-1.8554E0,4.E-1,1.3E0));
#3834=VERTEX_POINT('',#3833);
#3835=CARTESIAN_POINT('',(-1.8554E0,-4.E-1,1.3E0));
#3836=VERTEX_POINT('',#3835);
#3837=CARTESIAN_POINT('',(-2.010222714501E0,4.E-1,1.4E0));
#3838=CARTESIAN_POINT('',(-1.910222714501E0,4.E-1,1.5E0));
#3839=VERTEX_POINT('',#3837);
#3840=VERTEX_POINT('',#3838);
#3841=CARTESIAN_POINT('',(-1.910222714501E0,-4.E-1,1.5E0));
#3842=VERTEX_POINT('',#3841);
#3843=CARTESIAN_POINT('',(-2.010222714501E0,-4.E-1,1.4E0));
#3844=VERTEX_POINT('',#3843);
#3845=CARTESIAN_POINT('',(-2.010222714501E0,-3.E-1,7.439577361481E-1));
#3846=CARTESIAN_POINT('',(-1.82E0,-3.E-1,7.439577361481E-1));
#3847=VERTEX_POINT('',#3845);
#3848=VERTEX_POINT('',#3846);
#3849=CARTESIAN_POINT('',(-2.010222714501E0,-4.E-1,8.439577361481E-1));
#3850=VERTEX_POINT('',#3849);
#3851=CARTESIAN_POINT('',(-1.82E0,-4.E-1,8.439577361481E-1));
#3852=VERTEX_POINT('',#3851);
#3853=CARTESIAN_POINT('',(-2.010222714501E0,4.E-1,8.439577361481E-1));
#3854=CARTESIAN_POINT('',(-2.010222714501E0,3.E-1,7.439577361481E-1));
#3855=VERTEX_POINT('',#3853);
#3856=VERTEX_POINT('',#3854);
#3857=CARTESIAN_POINT('',(-1.82E0,3.E-1,7.439577361481E-1));
#3858=VERTEX_POINT('',#3857);
#3859=CARTESIAN_POINT('',(-1.82E0,4.E-1,8.439577361481E-1));
#3860=VERTEX_POINT('',#3859);
#3861=CARTESIAN_POINT('',(-1.7254E0,5.3E-1,1.3E0));
#3862=VERTEX_POINT('',#3861);
#3863=CARTESIAN_POINT('',(-1.7254E0,-5.3E-1,1.3E0));
#3864=VERTEX_POINT('',#3863);
#3865=CARTESIAN_POINT('',(1.810222714501E0,4.E-1,1.28E0));
#3866=CARTESIAN_POINT('',(1.810222714501E0,4.E-1,1.3E0));
#3867=VERTEX_POINT('',#3865);
#3868=VERTEX_POINT('',#3866);
#3869=CARTESIAN_POINT('',(1.810222714501E0,-4.E-1,1.28E0));
#3870=CARTESIAN_POINT('',(1.810222714501E0,-4.E-1,1.3E0));
#3871=VERTEX_POINT('',#3869);
#3872=VERTEX_POINT('',#3870);
#3873=CARTESIAN_POINT('',(2.E0,7.753E-1,1.3E0));
#3874=CARTESIAN_POINT('',(2.E0,7.753E-1,1.5E0));
#3875=VERTEX_POINT('',#3873);
#3876=VERTEX_POINT('',#3874);
#3877=CARTESIAN_POINT('',(2.E0,-7.753E-1,1.3E0));
#3878=CARTESIAN_POINT('',(2.E0,-7.753E-1,1.5E0));
#3879=VERTEX_POINT('',#3877);
#3880=VERTEX_POINT('',#3878);
#3881=CARTESIAN_POINT('',(1.8554E0,7.753E-1,1.3E0));
#3882=CARTESIAN_POINT('',(1.8554E0,7.753E-1,1.5E0));
#3883=VERTEX_POINT('',#3881);
#3884=VERTEX_POINT('',#3882);
#3885=CARTESIAN_POINT('',(1.7254E0,6.453E-1,1.3E0));
#3886=CARTESIAN_POINT('',(1.7254E0,6.453E-1,1.5E0));
#3887=VERTEX_POINT('',#3885);
#3888=VERTEX_POINT('',#3886);
#3889=CARTESIAN_POINT('',(1.7254E0,5.3E-1,1.3E0));
#3890=CARTESIAN_POINT('',(1.7254E0,5.3E-1,1.5E0));
#3891=VERTEX_POINT('',#3889);
#3892=VERTEX_POINT('',#3890);
#3893=CARTESIAN_POINT('',(1.7254E0,-5.3E-1,1.3E0));
#3894=CARTESIAN_POINT('',(1.7254E0,-5.3E-1,1.5E0));
#3895=VERTEX_POINT('',#3893);
#3896=VERTEX_POINT('',#3894);
#3897=CARTESIAN_POINT('',(1.7254E0,-6.453E-1,1.3E0));
#3898=CARTESIAN_POINT('',(1.7254E0,-6.453E-1,1.5E0));
#3899=VERTEX_POINT('',#3897);
#3900=VERTEX_POINT('',#3898);
#3901=CARTESIAN_POINT('',(1.8554E0,-7.753E-1,1.3E0));
#3902=CARTESIAN_POINT('',(1.8554E0,-7.753E-1,1.5E0));
#3903=VERTEX_POINT('',#3901);
#3904=VERTEX_POINT('',#3902);
#3905=CARTESIAN_POINT('',(1.8554E0,4.E-1,1.5E0));
#3906=VERTEX_POINT('',#3905);
#3907=CARTESIAN_POINT('',(1.8554E0,-4.E-1,1.5E0));
#3908=VERTEX_POINT('',#3907);
#3909=CARTESIAN_POINT('',(2.010222714501E0,-4.E-1,1.4E0));
#3910=CARTESIAN_POINT('',(1.910222714501E0,-4.E-1,1.5E0));
#3911=VERTEX_POINT('',#3909);
#3912=VERTEX_POINT('',#3910);
#3913=CARTESIAN_POINT('',(1.910222714501E0,4.E-1,1.5E0));
#3914=VERTEX_POINT('',#3913);
#3915=CARTESIAN_POINT('',(2.010222714501E0,4.E-1,1.4E0));
#3916=VERTEX_POINT('',#3915);
#3917=CARTESIAN_POINT('',(2.010222714501E0,-4.E-1,8.439577361481E-1));
#3918=CARTESIAN_POINT('',(2.010222714501E0,-3.E-1,7.439577361481E-1));
#3919=VERTEX_POINT('',#3917);
#3920=VERTEX_POINT('',#3918);
#3921=CARTESIAN_POINT('',(1.82E0,-3.E-1,7.439577361481E-1));
#3922=VERTEX_POINT('',#3921);
#3923=CARTESIAN_POINT('',(1.82E0,-4.E-1,8.439577361481E-1));
#3924=VERTEX_POINT('',#3923);
#3925=CARTESIAN_POINT('',(2.010222714501E0,3.E-1,7.439577361481E-1));
#3926=CARTESIAN_POINT('',(1.82E0,3.E-1,7.439577361481E-1));
#3927=VERTEX_POINT('',#3925);
#3928=VERTEX_POINT('',#3926);
#3929=CARTESIAN_POINT('',(2.010222714501E0,4.E-1,8.439577361481E-1));
#3930=VERTEX_POINT('',#3929);
#3931=CARTESIAN_POINT('',(1.82E0,4.E-1,8.439577361481E-1));
#3932=VERTEX_POINT('',#3931);
#3933=CARTESIAN_POINT('',(-2.5E0,6.5E-1,9.E-2));
#3934=CARTESIAN_POINT('',(-2.5E0,6.5E-1,-1.E-2));
#3935=VERTEX_POINT('',#3933);
#3936=VERTEX_POINT('',#3934);
#3937=CARTESIAN_POINT('',(-1.6E0,6.5E-1,-1.E-2));
#3938=VERTEX_POINT('',#3937);
#3939=CARTESIAN_POINT('',(-2.5E0,-6.5E-1,9.E-2));
#3940=CARTESIAN_POINT('',(-2.5E0,-6.5E-1,-1.E-2));
#3941=VERTEX_POINT('',#3939);
#3942=VERTEX_POINT('',#3940);
#3943=CARTESIAN_POINT('',(-1.6E0,-6.5E-1,-1.E-2));
#3944=VERTEX_POINT('',#3943);
#3945=CARTESIAN_POINT('',(-1.7E0,6.5E-1,0.E0));
#3946=CARTESIAN_POINT('',(-1.7E0,6.5E-1,9.E-2));
#3947=VERTEX_POINT('',#3945);
#3948=VERTEX_POINT('',#3946);
#3949=CARTESIAN_POINT('',(-1.7E0,-6.5E-1,0.E0));
#3950=CARTESIAN_POINT('',(-1.7E0,-6.5E-1,9.E-2));
#3951=VERTEX_POINT('',#3949);
#3952=VERTEX_POINT('',#3950);
#3953=CARTESIAN_POINT('',(1.7E0,6.5E-1,0.E0));
#3954=CARTESIAN_POINT('',(1.7E0,6.5E-1,9.E-2));
#3955=VERTEX_POINT('',#3953);
#3956=VERTEX_POINT('',#3954);
#3957=CARTESIAN_POINT('',(1.7E0,-6.5E-1,0.E0));
#3958=CARTESIAN_POINT('',(1.7E0,-6.5E-1,9.E-2));
#3959=VERTEX_POINT('',#3957);
#3960=VERTEX_POINT('',#3958);
#3961=CARTESIAN_POINT('',(1.6E0,6.5E-1,-1.E-2));
#3962=CARTESIAN_POINT('',(2.5E0,6.5E-1,-1.E-2));
#3963=VERTEX_POINT('',#3961);
#3964=VERTEX_POINT('',#3962);
#3965=CARTESIAN_POINT('',(2.5E0,6.5E-1,9.E-2));
#3966=VERTEX_POINT('',#3965);
#3967=CARTESIAN_POINT('',(1.6E0,-6.5E-1,-1.E-2));
#3968=CARTESIAN_POINT('',(2.5E0,-6.5E-1,-1.E-2));
#3969=VERTEX_POINT('',#3967);
#3970=VERTEX_POINT('',#3968);
#3971=CARTESIAN_POINT('',(2.5E0,-6.5E-1,9.E-2));
#3972=VERTEX_POINT('',#3971);
#3973=CARTESIAN_POINT('',(-1.6E0,6.5E-1,0.E0));
#3974=VERTEX_POINT('',#3973);
#3975=CARTESIAN_POINT('',(-1.6E0,-6.5E-1,0.E0));
#3976=VERTEX_POINT('',#3975);
#3977=CARTESIAN_POINT('',(1.6E0,6.5E-1,0.E0));
#3978=VERTEX_POINT('',#3977);
#3979=CARTESIAN_POINT('',(1.6E0,-6.5E-1,0.E0));
#3980=VERTEX_POINT('',#3979);
#3981=CARTESIAN_POINT('',(1.2775E0,-1.25E0,1.3E0));
#3982=CARTESIAN_POINT('',(-1.2775E0,-1.25E0,1.3E0));
#3983=VERTEX_POINT('',#3981);
#3984=VERTEX_POINT('',#3982);
#3985=CARTESIAN_POINT('',(-1.741014799498E0,-1.221985977461E0,1.E-1));
#3986=CARTESIAN_POINT('',(-1.599556778825E0,-1.168476386174E0,1.E-1));
#3987=VERTEX_POINT('',#3985);
#3988=VERTEX_POINT('',#3986);
#3989=CARTESIAN_POINT('',(-1.599556778825E0,-1.168476386174E0,4.E-1));
#3990=VERTEX_POINT('',#3989);
#3991=CARTESIAN_POINT('',(-1.741014799498E0,-1.221985977461E0,4.E-1));
#3992=VERTEX_POINT('',#3991);
#3993=CARTESIAN_POINT('',(-1.704234772788E0,-1.282412615381E0,4.E-1));
#3994=VERTEX_POINT('',#3993);
#3995=CARTESIAN_POINT('',(-1.704234772788E0,-1.282412615381E0,1.E-1));
#3996=VERTEX_POINT('',#3995);
#3997=CARTESIAN_POINT('',(-1.2775E0,-1.45E0,1.E-1));
#3998=VERTEX_POINT('',#3997);
#3999=CARTESIAN_POINT('',(-1.2775E0,-1.25E0,1.E-1));
#4000=VERTEX_POINT('',#3999);
#4001=CARTESIAN_POINT('',(-1.2775E0,-1.45E0,4.5E-1));
#4002=CARTESIAN_POINT('',(-1.2775E0,-1.25E0,4.5E-1));
#4003=VERTEX_POINT('',#4001);
#4004=VERTEX_POINT('',#4002);
#4005=CARTESIAN_POINT('',(-1.3275E0,-1.448003519427E0,4.E-1));
#4006=CARTESIAN_POINT('',(-1.3275E0,-1.248150820309E0,4.E-1));
#4007=VERTEX_POINT('',#4005);
#4008=VERTEX_POINT('',#4006);
#4009=CARTESIAN_POINT('',(-8.135418890132E-1,-1.25E0,5.E-1));
#4010=CARTESIAN_POINT('',(-8.135418890132E-1,-1.45E0,5.E-1));
#4011=VERTEX_POINT('',#4009);
#4012=VERTEX_POINT('',#4010);
#4013=CARTESIAN_POINT('',(-9.135418890132E-1,-1.25E0,4.E-1));
#4014=CARTESIAN_POINT('',(-9.135418890132E-1,-1.45E0,4.E-1));
#4015=VERTEX_POINT('',#4013);
#4016=VERTEX_POINT('',#4014);
#4017=CARTESIAN_POINT('',(-1.013541889013E0,-1.45E0,1.E-1));
#4018=CARTESIAN_POINT('',(-9.135418890132E-1,-1.45E0,2.E-1));
#4019=VERTEX_POINT('',#4017);
#4020=VERTEX_POINT('',#4018);
#4021=CARTESIAN_POINT('',(-9.135418890132E-1,-1.25E0,2.E-1));
#4022=VERTEX_POINT('',#4021);
#4023=CARTESIAN_POINT('',(-1.013541889013E0,-1.25E0,1.E-1));
#4024=VERTEX_POINT('',#4023);
#4025=CARTESIAN_POINT('',(1.741014799498E0,-1.221985977461E0,4.E-1));
#4026=CARTESIAN_POINT('',(1.599556778825E0,-1.168476386174E0,4.E-1));
#4027=VERTEX_POINT('',#4025);
#4028=VERTEX_POINT('',#4026);
#4029=CARTESIAN_POINT('',(1.599556778825E0,-1.168476386174E0,1.E-1));
#4030=VERTEX_POINT('',#4029);
#4031=CARTESIAN_POINT('',(1.741014799498E0,-1.221985977461E0,1.E-1));
#4032=VERTEX_POINT('',#4031);
#4033=CARTESIAN_POINT('',(1.704234772788E0,-1.282412615381E0,1.E-1));
#4034=VERTEX_POINT('',#4033);
#4035=CARTESIAN_POINT('',(1.704234772788E0,-1.282412615381E0,4.E-1));
#4036=VERTEX_POINT('',#4035);
#4037=CARTESIAN_POINT('',(1.2775E0,-1.45E0,1.E-1));
#4038=VERTEX_POINT('',#4037);
#4039=CARTESIAN_POINT('',(1.2775E0,-1.25E0,1.E-1));
#4040=VERTEX_POINT('',#4039);
#4041=CARTESIAN_POINT('',(1.2775E0,-1.25E0,4.75E-1));
#4042=CARTESIAN_POINT('',(1.2775E0,-1.45E0,4.75E-1));
#4043=VERTEX_POINT('',#4041);
#4044=VERTEX_POINT('',#4042);
#4045=CARTESIAN_POINT('',(1.3525E0,-1.245832197832E0,4.E-1));
#4046=CARTESIAN_POINT('',(1.3525E0,-1.445498915836E0,4.E-1));
#4047=VERTEX_POINT('',#4045);
#4048=VERTEX_POINT('',#4046);
#4049=CARTESIAN_POINT('',(8.135418890132E-1,-1.45E0,5.E-1));
#4050=CARTESIAN_POINT('',(8.135418890132E-1,-1.25E0,5.E-1));
#4051=VERTEX_POINT('',#4049);
#4052=VERTEX_POINT('',#4050);
#4053=CARTESIAN_POINT('',(9.135418890132E-1,-1.45E0,4.E-1));
#4054=CARTESIAN_POINT('',(9.135418890132E-1,-1.25E0,4.E-1));
#4055=VERTEX_POINT('',#4053);
#4056=VERTEX_POINT('',#4054);
#4057=CARTESIAN_POINT('',(1.013541889013E0,-1.25E0,1.E-1));
#4058=CARTESIAN_POINT('',(9.135418890132E-1,-1.25E0,2.E-1));
#4059=VERTEX_POINT('',#4057);
#4060=VERTEX_POINT('',#4058);
#4061=CARTESIAN_POINT('',(9.135418890132E-1,-1.45E0,2.E-1));
#4062=VERTEX_POINT('',#4061);
#4063=CARTESIAN_POINT('',(1.013541889013E0,-1.45E0,1.E-1));
#4064=VERTEX_POINT('',#4063);
#4065=CARTESIAN_POINT('',(-1.3275E0,-1.3E0,1.5E0));
#4066=CARTESIAN_POINT('',(-1.3275E0,-1.3E0,1.3E0));
#4067=VERTEX_POINT('',#4065);
#4068=VERTEX_POINT('',#4066);
#4069=CARTESIAN_POINT('',(1.3275E0,-1.3E0,1.3E0));
#4070=CARTESIAN_POINT('',(1.3275E0,-1.3E0,1.5E0));
#4071=VERTEX_POINT('',#4069);
#4072=VERTEX_POINT('',#4070);
#4073=CARTESIAN_POINT('',(-1.2775E0,-1.35E0,1.3E0));
#4074=VERTEX_POINT('',#4073);
#4075=CARTESIAN_POINT('',(1.2775E0,-1.35E0,1.3E0));
#4076=VERTEX_POINT('',#4075);
#4077=CARTESIAN_POINT('',(1.2775E0,-1.35E0,1.5E0));
#4078=CARTESIAN_POINT('',(1.2775E0,-1.45E0,1.4E0));
#4079=VERTEX_POINT('',#4077);
#4080=VERTEX_POINT('',#4078);
#4081=CARTESIAN_POINT('',(-1.2775E0,-1.45E0,1.4E0));
#4082=VERTEX_POINT('',#4081);
#4083=CARTESIAN_POINT('',(-1.2775E0,-1.35E0,1.5E0));
#4084=VERTEX_POINT('',#4083);
#4085=CARTESIAN_POINT('',(-1.9E0,-1.3E0,1.3E0));
#4086=CARTESIAN_POINT('',(-2.E0,-1.2E0,1.3E0));
#4087=VERTEX_POINT('',#4085);
#4088=VERTEX_POINT('',#4086);
#4089=CARTESIAN_POINT('',(-2.E0,-1.2E0,1.5E0));
#4090=VERTEX_POINT('',#4089);
#4091=CARTESIAN_POINT('',(-1.9E0,-1.3E0,1.5E0));
#4092=VERTEX_POINT('',#4091);
#4093=CARTESIAN_POINT('',(2.E0,-1.2E0,1.3E0));
#4094=CARTESIAN_POINT('',(1.9E0,-1.3E0,1.3E0));
#4095=VERTEX_POINT('',#4093);
#4096=VERTEX_POINT('',#4094);
#4097=CARTESIAN_POINT('',(1.9E0,-1.3E0,1.5E0));
#4098=VERTEX_POINT('',#4097);
#4099=CARTESIAN_POINT('',(2.E0,-1.2E0,1.5E0));
#4100=VERTEX_POINT('',#4099);
#4101=CARTESIAN_POINT('',(1.2775E0,1.25E0,1.3E0));
#4102=CARTESIAN_POINT('',(-1.2775E0,1.25E0,1.3E0));
#4103=VERTEX_POINT('',#4101);
#4104=VERTEX_POINT('',#4102);
#4105=CARTESIAN_POINT('',(-1.741014799498E0,1.221985977461E0,4.E-1));
#4106=CARTESIAN_POINT('',(-1.599556778825E0,1.168476386174E0,4.E-1));
#4107=VERTEX_POINT('',#4105);
#4108=VERTEX_POINT('',#4106);
#4109=CARTESIAN_POINT('',(-1.599556778825E0,1.168476386174E0,1.E-1));
#4110=VERTEX_POINT('',#4109);
#4111=CARTESIAN_POINT('',(-1.741014799498E0,1.221985977461E0,1.E-1));
#4112=VERTEX_POINT('',#4111);
#4113=CARTESIAN_POINT('',(-1.704234772788E0,1.282412615381E0,1.E-1));
#4114=VERTEX_POINT('',#4113);
#4115=CARTESIAN_POINT('',(-1.704234772788E0,1.282412615381E0,4.E-1));
#4116=VERTEX_POINT('',#4115);
#4117=CARTESIAN_POINT('',(-1.2775E0,1.45E0,1.E-1));
#4118=VERTEX_POINT('',#4117);
#4119=CARTESIAN_POINT('',(-1.2775E0,1.25E0,1.E-1));
#4120=VERTEX_POINT('',#4119);
#4121=CARTESIAN_POINT('',(-1.2775E0,1.25E0,4.5E-1));
#4122=CARTESIAN_POINT('',(-1.2775E0,1.45E0,4.5E-1));
#4123=VERTEX_POINT('',#4121);
#4124=VERTEX_POINT('',#4122);
#4125=CARTESIAN_POINT('',(-1.3275E0,1.248150820309E0,4.E-1));
#4126=CARTESIAN_POINT('',(-1.3275E0,1.448003519427E0,4.E-1));
#4127=VERTEX_POINT('',#4125);
#4128=VERTEX_POINT('',#4126);
#4129=CARTESIAN_POINT('',(-8.135418890132E-1,1.45E0,5.E-1));
#4130=CARTESIAN_POINT('',(-8.135418890132E-1,1.25E0,5.E-1));
#4131=VERTEX_POINT('',#4129);
#4132=VERTEX_POINT('',#4130);
#4133=CARTESIAN_POINT('',(-9.135418890132E-1,1.45E0,4.E-1));
#4134=CARTESIAN_POINT('',(-9.135418890132E-1,1.25E0,4.E-1));
#4135=VERTEX_POINT('',#4133);
#4136=VERTEX_POINT('',#4134);
#4137=CARTESIAN_POINT('',(-1.013541889013E0,1.25E0,1.E-1));
#4138=CARTESIAN_POINT('',(-9.135418890132E-1,1.25E0,2.E-1));
#4139=VERTEX_POINT('',#4137);
#4140=VERTEX_POINT('',#4138);
#4141=CARTESIAN_POINT('',(-9.135418890132E-1,1.45E0,2.E-1));
#4142=VERTEX_POINT('',#4141);
#4143=CARTESIAN_POINT('',(-1.013541889013E0,1.45E0,1.E-1));
#4144=VERTEX_POINT('',#4143);
#4145=CARTESIAN_POINT('',(1.741014799498E0,1.221985977461E0,1.E-1));
#4146=CARTESIAN_POINT('',(1.599556778825E0,1.168476386174E0,1.E-1));
#4147=VERTEX_POINT('',#4145);
#4148=VERTEX_POINT('',#4146);
#4149=CARTESIAN_POINT('',(1.599556778825E0,1.168476386174E0,4.E-1));
#4150=VERTEX_POINT('',#4149);
#4151=CARTESIAN_POINT('',(1.741014799498E0,1.221985977461E0,4.E-1));
#4152=VERTEX_POINT('',#4151);
#4153=CARTESIAN_POINT('',(1.704234772788E0,1.282412615381E0,4.E-1));
#4154=VERTEX_POINT('',#4153);
#4155=CARTESIAN_POINT('',(1.704234772788E0,1.282412615381E0,1.E-1));
#4156=VERTEX_POINT('',#4155);
#4157=CARTESIAN_POINT('',(1.2775E0,1.45E0,1.E-1));
#4158=VERTEX_POINT('',#4157);
#4159=CARTESIAN_POINT('',(1.2775E0,1.25E0,1.E-1));
#4160=VERTEX_POINT('',#4159);
#4161=CARTESIAN_POINT('',(1.2775E0,1.45E0,4.75E-1));
#4162=CARTESIAN_POINT('',(1.2775E0,1.25E0,4.75E-1));
#4163=VERTEX_POINT('',#4161);
#4164=VERTEX_POINT('',#4162);
#4165=CARTESIAN_POINT('',(1.3525E0,1.445498915836E0,4.E-1));
#4166=CARTESIAN_POINT('',(1.3525E0,1.245832197832E0,4.E-1));
#4167=VERTEX_POINT('',#4165);
#4168=VERTEX_POINT('',#4166);
#4169=CARTESIAN_POINT('',(8.135418890132E-1,1.25E0,5.E-1));
#4170=CARTESIAN_POINT('',(8.135418890132E-1,1.45E0,5.E-1));
#4171=VERTEX_POINT('',#4169);
#4172=VERTEX_POINT('',#4170);
#4173=CARTESIAN_POINT('',(9.135418890132E-1,1.25E0,4.E-1));
#4174=CARTESIAN_POINT('',(9.135418890132E-1,1.45E0,4.E-1));
#4175=VERTEX_POINT('',#4173);
#4176=VERTEX_POINT('',#4174);
#4177=CARTESIAN_POINT('',(1.013541889013E0,1.45E0,1.E-1));
#4178=CARTESIAN_POINT('',(9.135418890132E-1,1.45E0,2.E-1));
#4179=VERTEX_POINT('',#4177);
#4180=VERTEX_POINT('',#4178);
#4181=CARTESIAN_POINT('',(9.135418890132E-1,1.25E0,2.E-1));
#4182=VERTEX_POINT('',#4181);
#4183=CARTESIAN_POINT('',(1.013541889013E0,1.25E0,1.E-1));
#4184=VERTEX_POINT('',#4183);
#4185=CARTESIAN_POINT('',(1.3275E0,1.3E0,1.5E0));
#4186=CARTESIAN_POINT('',(1.3275E0,1.3E0,1.3E0));
#4187=VERTEX_POINT('',#4185);
#4188=VERTEX_POINT('',#4186);
#4189=CARTESIAN_POINT('',(-1.3275E0,1.3E0,1.3E0));
#4190=CARTESIAN_POINT('',(-1.3275E0,1.3E0,1.5E0));
#4191=VERTEX_POINT('',#4189);
#4192=VERTEX_POINT('',#4190);
#4193=CARTESIAN_POINT('',(1.2775E0,1.35E0,1.3E0));
#4194=VERTEX_POINT('',#4193);
#4195=CARTESIAN_POINT('',(-1.2775E0,1.35E0,1.3E0));
#4196=VERTEX_POINT('',#4195);
#4197=CARTESIAN_POINT('',(1.9E0,1.3E0,1.3E0));
#4198=CARTESIAN_POINT('',(2.E0,1.2E0,1.3E0));
#4199=VERTEX_POINT('',#4197);
#4200=VERTEX_POINT('',#4198);
#4201=CARTESIAN_POINT('',(2.E0,1.2E0,1.5E0));
#4202=VERTEX_POINT('',#4201);
#4203=CARTESIAN_POINT('',(1.9E0,1.3E0,1.5E0));
#4204=VERTEX_POINT('',#4203);
#4205=CARTESIAN_POINT('',(-2.E0,1.2E0,1.3E0));
#4206=CARTESIAN_POINT('',(-1.9E0,1.3E0,1.3E0));
#4207=VERTEX_POINT('',#4205);
#4208=VERTEX_POINT('',#4206);
#4209=CARTESIAN_POINT('',(-1.9E0,1.3E0,1.5E0));
#4210=VERTEX_POINT('',#4209);
#4211=CARTESIAN_POINT('',(-2.E0,1.2E0,1.5E0));
#4212=VERTEX_POINT('',#4211);
#4213=CARTESIAN_POINT('',(-1.2775E0,1.35E0,1.5E0));
#4214=CARTESIAN_POINT('',(-1.2775E0,1.45E0,1.4E0));
#4215=VERTEX_POINT('',#4213);
#4216=VERTEX_POINT('',#4214);
#4217=CARTESIAN_POINT('',(1.2775E0,1.45E0,1.4E0));
#4218=VERTEX_POINT('',#4217);
#4219=CARTESIAN_POINT('',(1.2775E0,1.35E0,1.5E0));
#4220=VERTEX_POINT('',#4219);
#4221=CARTESIAN_POINT('',(3.101E-1,-6.510502774842E-1,-1.E-2));
#4222=CARTESIAN_POINT('',(3.101E-1,-3.957E-1,-1.E-2));
#4223=VERTEX_POINT('',#4221);
#4224=VERTEX_POINT('',#4222);
#4225=CARTESIAN_POINT('',(5.016127081131E-1,-3.957E-1,-1.E-2));
#4226=VERTEX_POINT('',#4225);
#4227=CARTESIAN_POINT('',(5.016127081131E-1,-4.282979076830E-1,-1.E-2));
#4228=VERTEX_POINT('',#4227);
#4229=CARTESIAN_POINT('',(3.420187846855E-1,-4.282979076830E-1,-1.E-2));
#4230=VERTEX_POINT('',#4229);
#4231=CARTESIAN_POINT('',(3.420187846855E-1,-6.510502774842E-1,-1.E-2));
#4232=VERTEX_POINT('',#4231);
#4233=CARTESIAN_POINT('',(7.516431780030E-1,-4.608958153660E-1,-1.E-2));
#4234=CARTESIAN_POINT('',(7.197243933175E-1,-4.608958153660E-1,-1.E-2));
#4235=VERTEX_POINT('',#4233);
#4236=VERTEX_POINT('',#4234);
#4237=CARTESIAN_POINT('',(7.144046161633E-1,-4.445968634270E-1,-1.E-2));
#4238=VERTEX_POINT('',#4237);
#4239=CARTESIAN_POINT('',(6.984452238206E-1,-4.337308916626E-1,-1.E-2));
#4240=VERTEX_POINT('',#4239);
#4241=CARTESIAN_POINT('',(6.771660238835E-1,-4.282979076830E-1,-1.E-2));
#4242=VERTEX_POINT('',#4241);
#4243=CARTESIAN_POINT('',(6.292878468552E-1,-4.282979076830E-1,-1.E-2));
#4244=VERTEX_POINT('',#4243);
#4245=CARTESIAN_POINT('',(6.080086469182E-1,-4.337308916626E-1,-1.E-2));
#4246=VERTEX_POINT('',#4245);
#4247=CARTESIAN_POINT('',(5.920492545754E-1,-4.445968634270E-1,-1.E-2));
#4248=VERTEX_POINT('',#4247);
#4249=CARTESIAN_POINT('',(5.814096698270E-1,-4.608958153660E-1,-1.E-2));
#4250=VERTEX_POINT('',#4249);
#4251=CARTESIAN_POINT('',(5.760898622327E-1,-4.826277512846E-1,-1.E-2));
#4252=VERTEX_POINT('',#4251);
#4253=CARTESIAN_POINT('',(5.760898622327E-1,-5.641225185896E-1,-1.E-2));
#4254=VERTEX_POINT('',#4253);
#4255=CARTESIAN_POINT('',(5.814096698270E-1,-5.858544545082E-1,-1.E-2));
#4256=VERTEX_POINT('',#4255);
#4257=CARTESIAN_POINT('',(5.920492545754E-1,-6.021534216672E-1,-1.E-2));
#4258=VERTEX_POINT('',#4257);
#4259=CARTESIAN_POINT('',(6.080086469182E-1,-6.130193896266E-1,-1.E-2));
#4260=VERTEX_POINT('',#4259);
#4261=CARTESIAN_POINT('',(6.292878468552E-1,-6.184523736062E-1,-1.E-2));
#4262=VERTEX_POINT('',#4261);
#4263=CARTESIAN_POINT('',(6.771660238835E-1,-6.184523736062E-1,-1.E-2));
#4264=VERTEX_POINT('',#4263);
#4265=CARTESIAN_POINT('',(6.984452238206E-1,-6.130193896266E-1,-1.E-2));
#4266=VERTEX_POINT('',#4265);
#4267=CARTESIAN_POINT('',(7.144046161633E-1,-6.021534216672E-1,-1.E-2));
#4268=VERTEX_POINT('',#4267);
#4269=CARTESIAN_POINT('',(7.197243933175E-1,-5.858544545082E-1,-1.E-2));
#4270=VERTEX_POINT('',#4269);
#4271=CARTESIAN_POINT('',(7.516431780030E-1,-5.858544545082E-1,-1.E-2));
#4272=VERTEX_POINT('',#4271);
#4273=CARTESIAN_POINT('',(7.463234008489E-1,-6.130193896266E-1,-1.E-2));
#4274=VERTEX_POINT('',#4273);
#4275=CARTESIAN_POINT('',(7.250442009118E-1,-6.347513255452E-1,-1.E-2));
#4276=VERTEX_POINT('',#4275);
#4277=CARTESIAN_POINT('',(7.037650009748E-1,-6.456172935045E-1,-1.E-2));
#4278=VERTEX_POINT('',#4277);
#4279=CARTESIAN_POINT('',(6.771660238835E-1,-6.510502774842E-1,-1.E-2));
#4280=VERTEX_POINT('',#4279);
#4281=CARTESIAN_POINT('',(6.292878468552E-1,-6.510502774842E-1,-1.E-2));
#4282=VERTEX_POINT('',#4281);
#4283=CARTESIAN_POINT('',(6.026888697640E-1,-6.456172935045E-1,-1.E-2));
#4284=VERTEX_POINT('',#4283);
#4285=CARTESIAN_POINT('',(5.814096698270E-1,-6.347513255452E-1,-1.E-2));
#4286=VERTEX_POINT('',#4285);
#4287=CARTESIAN_POINT('',(5.601304851100E-1,-6.130193896266E-1,-1.E-2));
#4288=VERTEX_POINT('',#4287);
#4289=CARTESIAN_POINT('',(5.494908851414E-1,-5.912874537079E-1,-1.E-2));
#4290=VERTEX_POINT('',#4289);
#4291=CARTESIAN_POINT('',(5.441710927672E-1,-5.641225185896E-1,-1.E-2));
#4292=VERTEX_POINT('',#4291);
#4293=CARTESIAN_POINT('',(5.441710927672E-1,-4.826277512846E-1,-1.E-2));
#4294=VERTEX_POINT('',#4293);
#4295=CARTESIAN_POINT('',(5.494908851414E-1,-4.554628313863E-1,-1.E-2));
#4296=VERTEX_POINT('',#4295);
#4297=CARTESIAN_POINT('',(5.601304851100E-1,-4.337308916626E-1,-1.E-2));
#4298=VERTEX_POINT('',#4297);
#4299=CARTESIAN_POINT('',(5.814096698270E-1,-4.119989538415E-1,-1.E-2));
#4300=VERTEX_POINT('',#4299);
#4301=CARTESIAN_POINT('',(6.026888697640E-1,-4.011329844553E-1,-1.E-2));
#4302=VERTEX_POINT('',#4301);
#4303=CARTESIAN_POINT('',(6.292878468552E-1,-3.957E-1,-1.E-2));
#4304=VERTEX_POINT('',#4303);
#4305=CARTESIAN_POINT('',(6.771660238835E-1,-3.957E-1,-1.E-2));
#4306=VERTEX_POINT('',#4305);
#4307=CARTESIAN_POINT('',(7.037650009748E-1,-4.011329844553E-1,-1.E-2));
#4308=VERTEX_POINT('',#4307);
#4309=CARTESIAN_POINT('',(7.250442009118E-1,-4.119989538415E-1,-1.E-2));
#4310=VERTEX_POINT('',#4309);
#4311=CARTESIAN_POINT('',(7.463234008489E-1,-4.337308916626E-1,-1.E-2));
#4312=VERTEX_POINT('',#4311);
#4313=CARTESIAN_POINT('',(9.857142555502E-1,-4.282979076830E-1,-1.E-2));
#4314=CARTESIAN_POINT('',(8.261203321226E-1,-4.282979076830E-1,-1.E-2));
#4315=VERTEX_POINT('',#4313);
#4316=VERTEX_POINT('',#4314);
#4317=CARTESIAN_POINT('',(8.261203321226E-1,-5.152256627726E-1,-1.E-2));
#4318=VERTEX_POINT('',#4317);
#4319=CARTESIAN_POINT('',(9.644350860532E-1,-5.152256627726E-1,-1.E-2));
#4320=VERTEX_POINT('',#4319);
#4321=CARTESIAN_POINT('',(9.644350860532E-1,-5.478235666506E-1,-1.E-2));
#4322=VERTEX_POINT('',#4321);
#4323=CARTESIAN_POINT('',(8.261203321226E-1,-5.478235666506E-1,-1.E-2));
#4324=VERTEX_POINT('',#4323);
#4325=CARTESIAN_POINT('',(8.261203321226E-1,-6.184523736062E-1,-1.E-2));
#4326=VERTEX_POINT('',#4325);
#4327=CARTESIAN_POINT('',(9.857142555502E-1,-6.184523736062E-1,-1.E-2));
#4328=VERTEX_POINT('',#4327);
#4329=CARTESIAN_POINT('',(9.857142555502E-1,-6.510502774842E-1,-1.E-2));
#4330=VERTEX_POINT('',#4329);
#4331=CARTESIAN_POINT('',(7.942015778772E-1,-6.510502774842E-1,-1.E-2));
#4332=VERTEX_POINT('',#4331);
#4333=CARTESIAN_POINT('',(7.942015778772E-1,-3.957E-1,-1.E-2));
#4334=VERTEX_POINT('',#4333);
#4335=CARTESIAN_POINT('',(9.857142555502E-1,-3.957E-1,-1.E-2));
#4336=VERTEX_POINT('',#4335);
#4337=CARTESIAN_POINT('',(1.155947794166E0,-6.510502774842E-1,-1.E-2));
#4338=CARTESIAN_POINT('',(1.028272655424E0,-6.510502774842E-1,-1.E-2));
#4339=VERTEX_POINT('',#4337);
#4340=VERTEX_POINT('',#4338);
#4341=CARTESIAN_POINT('',(1.028272655424E0,-3.957E-1,-1.E-2));
#4342=VERTEX_POINT('',#4341);
#4343=CARTESIAN_POINT('',(1.155947794166E0,-3.957E-1,-1.E-2));
#4344=VERTEX_POINT('',#4343);
#4345=CARTESIAN_POINT('',(1.182546801698E0,-4.011329844553E-1,-1.E-2));
#4346=VERTEX_POINT('',#4345);
#4347=CARTESIAN_POINT('',(1.203825971195E0,-4.119989538415E-1,-1.E-2));
#4348=VERTEX_POINT('',#4347);
#4349=CARTESIAN_POINT('',(1.225105140692E0,-4.337308916626E-1,-1.E-2));
#4350=VERTEX_POINT('',#4349);
#4351=CARTESIAN_POINT('',(1.235744755880E0,-4.554628313863E-1,-1.E-2));
#4352=VERTEX_POINT('',#4351);
#4353=CARTESIAN_POINT('',(1.241064533034E0,-4.826277512846E-1,-1.E-2));
#4354=VERTEX_POINT('',#4353);
#4355=CARTESIAN_POINT('',(1.241064533034E0,-5.641225185896E-1,-1.E-2));
#4356=VERTEX_POINT('',#4355);
#4357=CARTESIAN_POINT('',(1.235744755880E0,-5.912874537079E-1,-1.E-2));
#4358=VERTEX_POINT('',#4357);
#4359=CARTESIAN_POINT('',(1.225105140692E0,-6.130193896266E-1,-1.E-2));
#4360=VERTEX_POINT('',#4359);
#4361=CARTESIAN_POINT('',(1.203825971195E0,-6.347513255452E-1,-1.E-2));
#4362=VERTEX_POINT('',#4361);
#4363=CARTESIAN_POINT('',(1.182546801698E0,-6.456172935045E-1,-1.E-2));
#4364=VERTEX_POINT('',#4363);
#4365=CARTESIAN_POINT('',(1.060191440110E0,-6.184523736062E-1,-1.E-2));
#4366=CARTESIAN_POINT('',(1.155947794166E0,-6.184523736062E-1,-1.E-2));
#4367=VERTEX_POINT('',#4365);
#4368=VERTEX_POINT('',#4366);
#4369=CARTESIAN_POINT('',(1.177226963663E0,-6.130193896266E-1,-1.E-2));
#4370=VERTEX_POINT('',#4369);
#4371=CARTESIAN_POINT('',(1.193186356006E0,-6.021534216672E-1,-1.E-2));
#4372=VERTEX_POINT('',#4371);
#4373=CARTESIAN_POINT('',(1.203825971195E0,-5.858544545082E-1,-1.E-2));
#4374=VERTEX_POINT('',#4373);
#4375=CARTESIAN_POINT('',(1.209145748349E0,-5.641225185896E-1,-1.E-2));
#4376=VERTEX_POINT('',#4375);
#4377=CARTESIAN_POINT('',(1.209145748349E0,-4.826277512846E-1,-1.E-2));
#4378=VERTEX_POINT('',#4377);
#4379=CARTESIAN_POINT('',(1.203825971195E0,-4.608958153660E-1,-1.E-2));
#4380=VERTEX_POINT('',#4379);
#4381=CARTESIAN_POINT('',(1.193186356006E0,-4.445968634270E-1,-1.E-2));
#4382=VERTEX_POINT('',#4381);
#4383=CARTESIAN_POINT('',(1.177226963663E0,-4.337308916626E-1,-1.E-2));
#4384=VERTEX_POINT('',#4383);
#4385=CARTESIAN_POINT('',(1.155947794166E0,-4.282979076830E-1,-1.E-2));
#4386=VERTEX_POINT('',#4385);
#4387=CARTESIAN_POINT('',(1.060191440110E0,-4.282979076830E-1,-1.E-2));
#4388=VERTEX_POINT('',#4387);
#4389=CARTESIAN_POINT('',(1.411298071651E0,-6.510502774842E-1,-1.E-2));
#4390=CARTESIAN_POINT('',(1.368739732657E0,-6.510502774842E-1,-1.E-2));
#4391=VERTEX_POINT('',#4389);
#4392=VERTEX_POINT('',#4390);
#4393=CARTESIAN_POINT('',(1.283622932908E0,-3.957E-1,-1.E-2));
#4394=VERTEX_POINT('',#4393);
#4395=CARTESIAN_POINT('',(1.315541717594E0,-3.957E-1,-1.E-2));
#4396=VERTEX_POINT('',#4395);
#4397=CARTESIAN_POINT('',(1.336820947971E0,-4.608958153660E-1,-1.E-2));
#4398=VERTEX_POINT('',#4397);
#4399=CARTESIAN_POINT('',(1.443216856336E0,-4.608958153660E-1,-1.E-2));
#4400=VERTEX_POINT('',#4399);
#4401=CARTESIAN_POINT('',(1.464496086713E0,-3.957E-1,-1.E-2));
#4402=VERTEX_POINT('',#4401);
#4403=CARTESIAN_POINT('',(1.496414871399E0,-3.957E-1,-1.E-2));
#4404=VERTEX_POINT('',#4403);
#4405=CARTESIAN_POINT('',(1.390018841273E0,-6.293183415655E-1,-1.E-2));
#4406=CARTESIAN_POINT('',(1.437897018302E0,-4.826277512846E-1,-1.E-2));
#4407=VERTEX_POINT('',#4405);
#4408=VERTEX_POINT('',#4406);
#4409=CARTESIAN_POINT('',(1.342140664245E0,-4.826277512846E-1,-1.E-2));
#4410=VERTEX_POINT('',#4409);
#4411=CARTESIAN_POINT('',(3.101E-1,-6.510502774842E-1,0.E0));
#4412=CARTESIAN_POINT('',(3.101E-1,-3.957E-1,0.E0));
#4413=VERTEX_POINT('',#4411);
#4414=VERTEX_POINT('',#4412);
#4415=CARTESIAN_POINT('',(5.016127081131E-1,-3.957E-1,0.E0));
#4416=VERTEX_POINT('',#4415);
#4417=CARTESIAN_POINT('',(5.016127081131E-1,-4.282979076830E-1,0.E0));
#4418=VERTEX_POINT('',#4417);
#4419=CARTESIAN_POINT('',(3.420187846855E-1,-4.282979076830E-1,0.E0));
#4420=VERTEX_POINT('',#4419);
#4421=CARTESIAN_POINT('',(3.420187846855E-1,-6.510502774842E-1,0.E0));
#4422=VERTEX_POINT('',#4421);
#4423=CARTESIAN_POINT('',(7.516431780030E-1,-4.608958153660E-1,0.E0));
#4424=CARTESIAN_POINT('',(7.197243933175E-1,-4.608958153660E-1,0.E0));
#4425=VERTEX_POINT('',#4423);
#4426=VERTEX_POINT('',#4424);
#4427=CARTESIAN_POINT('',(7.144046161633E-1,-4.445968634270E-1,0.E0));
#4428=VERTEX_POINT('',#4427);
#4429=CARTESIAN_POINT('',(6.984452238206E-1,-4.337308916626E-1,0.E0));
#4430=VERTEX_POINT('',#4429);
#4431=CARTESIAN_POINT('',(6.771660238835E-1,-4.282979076830E-1,0.E0));
#4432=VERTEX_POINT('',#4431);
#4433=CARTESIAN_POINT('',(6.292878468552E-1,-4.282979076830E-1,0.E0));
#4434=VERTEX_POINT('',#4433);
#4435=CARTESIAN_POINT('',(6.080086469182E-1,-4.337308916626E-1,0.E0));
#4436=VERTEX_POINT('',#4435);
#4437=CARTESIAN_POINT('',(5.920492545754E-1,-4.445968634270E-1,0.E0));
#4438=VERTEX_POINT('',#4437);
#4439=CARTESIAN_POINT('',(5.814096698270E-1,-4.608958153660E-1,0.E0));
#4440=VERTEX_POINT('',#4439);
#4441=CARTESIAN_POINT('',(5.760898622327E-1,-4.826277512846E-1,0.E0));
#4442=VERTEX_POINT('',#4441);
#4443=CARTESIAN_POINT('',(5.760898622327E-1,-5.641225185896E-1,0.E0));
#4444=VERTEX_POINT('',#4443);
#4445=CARTESIAN_POINT('',(5.814096698270E-1,-5.858544545082E-1,0.E0));
#4446=VERTEX_POINT('',#4445);
#4447=CARTESIAN_POINT('',(5.920492545754E-1,-6.021534216672E-1,0.E0));
#4448=VERTEX_POINT('',#4447);
#4449=CARTESIAN_POINT('',(6.080086469182E-1,-6.130193896266E-1,0.E0));
#4450=VERTEX_POINT('',#4449);
#4451=CARTESIAN_POINT('',(6.292878468552E-1,-6.184523736062E-1,0.E0));
#4452=VERTEX_POINT('',#4451);
#4453=CARTESIAN_POINT('',(6.771660238835E-1,-6.184523736062E-1,0.E0));
#4454=VERTEX_POINT('',#4453);
#4455=CARTESIAN_POINT('',(6.984452238206E-1,-6.130193896266E-1,0.E0));
#4456=VERTEX_POINT('',#4455);
#4457=CARTESIAN_POINT('',(7.144046161633E-1,-6.021534216672E-1,0.E0));
#4458=VERTEX_POINT('',#4457);
#4459=CARTESIAN_POINT('',(7.197243933175E-1,-5.858544545082E-1,0.E0));
#4460=VERTEX_POINT('',#4459);
#4461=CARTESIAN_POINT('',(7.516431780030E-1,-5.858544545082E-1,0.E0));
#4462=VERTEX_POINT('',#4461);
#4463=CARTESIAN_POINT('',(7.463234008489E-1,-6.130193896266E-1,0.E0));
#4464=VERTEX_POINT('',#4463);
#4465=CARTESIAN_POINT('',(7.250442009118E-1,-6.347513255452E-1,0.E0));
#4466=VERTEX_POINT('',#4465);
#4467=CARTESIAN_POINT('',(7.037650009748E-1,-6.456172935045E-1,0.E0));
#4468=VERTEX_POINT('',#4467);
#4469=CARTESIAN_POINT('',(6.771660238835E-1,-6.510502774842E-1,0.E0));
#4470=VERTEX_POINT('',#4469);
#4471=CARTESIAN_POINT('',(6.292878468552E-1,-6.510502774842E-1,0.E0));
#4472=VERTEX_POINT('',#4471);
#4473=CARTESIAN_POINT('',(6.026888697640E-1,-6.456172935045E-1,0.E0));
#4474=VERTEX_POINT('',#4473);
#4475=CARTESIAN_POINT('',(5.814096698270E-1,-6.347513255452E-1,0.E0));
#4476=VERTEX_POINT('',#4475);
#4477=CARTESIAN_POINT('',(5.601304851100E-1,-6.130193896266E-1,0.E0));
#4478=VERTEX_POINT('',#4477);
#4479=CARTESIAN_POINT('',(5.494908851414E-1,-5.912874537079E-1,0.E0));
#4480=VERTEX_POINT('',#4479);
#4481=CARTESIAN_POINT('',(5.441710927672E-1,-5.641225185896E-1,0.E0));
#4482=VERTEX_POINT('',#4481);
#4483=CARTESIAN_POINT('',(5.441710927672E-1,-4.826277512846E-1,0.E0));
#4484=VERTEX_POINT('',#4483);
#4485=CARTESIAN_POINT('',(5.494908851414E-1,-4.554628313863E-1,0.E0));
#4486=VERTEX_POINT('',#4485);
#4487=CARTESIAN_POINT('',(5.601304851100E-1,-4.337308916626E-1,0.E0));
#4488=VERTEX_POINT('',#4487);
#4489=CARTESIAN_POINT('',(5.814096698270E-1,-4.119989538415E-1,0.E0));
#4490=VERTEX_POINT('',#4489);
#4491=CARTESIAN_POINT('',(6.026888697640E-1,-4.011329844553E-1,0.E0));
#4492=VERTEX_POINT('',#4491);
#4493=CARTESIAN_POINT('',(6.292878468552E-1,-3.957E-1,0.E0));
#4494=VERTEX_POINT('',#4493);
#4495=CARTESIAN_POINT('',(6.771660238835E-1,-3.957E-1,0.E0));
#4496=VERTEX_POINT('',#4495);
#4497=CARTESIAN_POINT('',(7.037650009748E-1,-4.011329844553E-1,0.E0));
#4498=VERTEX_POINT('',#4497);
#4499=CARTESIAN_POINT('',(7.250442009118E-1,-4.119989538415E-1,0.E0));
#4500=VERTEX_POINT('',#4499);
#4501=CARTESIAN_POINT('',(7.463234008489E-1,-4.337308916626E-1,0.E0));
#4502=VERTEX_POINT('',#4501);
#4503=CARTESIAN_POINT('',(9.857142555502E-1,-4.282979076830E-1,0.E0));
#4504=CARTESIAN_POINT('',(8.261203321226E-1,-4.282979076830E-1,0.E0));
#4505=VERTEX_POINT('',#4503);
#4506=VERTEX_POINT('',#4504);
#4507=CARTESIAN_POINT('',(8.261203321226E-1,-5.152256627726E-1,0.E0));
#4508=VERTEX_POINT('',#4507);
#4509=CARTESIAN_POINT('',(9.644350860532E-1,-5.152256627726E-1,0.E0));
#4510=VERTEX_POINT('',#4509);
#4511=CARTESIAN_POINT('',(9.644350860532E-1,-5.478235666506E-1,0.E0));
#4512=VERTEX_POINT('',#4511);
#4513=CARTESIAN_POINT('',(8.261203321226E-1,-5.478235666506E-1,0.E0));
#4514=VERTEX_POINT('',#4513);
#4515=CARTESIAN_POINT('',(8.261203321226E-1,-6.184523736062E-1,0.E0));
#4516=VERTEX_POINT('',#4515);
#4517=CARTESIAN_POINT('',(9.857142555502E-1,-6.184523736062E-1,0.E0));
#4518=VERTEX_POINT('',#4517);
#4519=CARTESIAN_POINT('',(9.857142555502E-1,-6.510502774842E-1,0.E0));
#4520=VERTEX_POINT('',#4519);
#4521=CARTESIAN_POINT('',(7.942015778772E-1,-6.510502774842E-1,0.E0));
#4522=VERTEX_POINT('',#4521);
#4523=CARTESIAN_POINT('',(7.942015778772E-1,-3.957E-1,0.E0));
#4524=VERTEX_POINT('',#4523);
#4525=CARTESIAN_POINT('',(9.857142555502E-1,-3.957E-1,0.E0));
#4526=VERTEX_POINT('',#4525);
#4527=CARTESIAN_POINT('',(1.155947794166E0,-6.510502774842E-1,0.E0));
#4528=CARTESIAN_POINT('',(1.028272655424E0,-6.510502774842E-1,0.E0));
#4529=VERTEX_POINT('',#4527);
#4530=VERTEX_POINT('',#4528);
#4531=CARTESIAN_POINT('',(1.028272655424E0,-3.957E-1,0.E0));
#4532=VERTEX_POINT('',#4531);
#4533=CARTESIAN_POINT('',(1.155947794166E0,-3.957E-1,0.E0));
#4534=VERTEX_POINT('',#4533);
#4535=CARTESIAN_POINT('',(1.182546801698E0,-4.011329844553E-1,0.E0));
#4536=VERTEX_POINT('',#4535);
#4537=CARTESIAN_POINT('',(1.203825971195E0,-4.119989538415E-1,0.E0));
#4538=VERTEX_POINT('',#4537);
#4539=CARTESIAN_POINT('',(1.225105140692E0,-4.337308916626E-1,0.E0));
#4540=VERTEX_POINT('',#4539);
#4541=CARTESIAN_POINT('',(1.235744755880E0,-4.554628313863E-1,0.E0));
#4542=VERTEX_POINT('',#4541);
#4543=CARTESIAN_POINT('',(1.241064533034E0,-4.826277512846E-1,0.E0));
#4544=VERTEX_POINT('',#4543);
#4545=CARTESIAN_POINT('',(1.241064533034E0,-5.641225185896E-1,0.E0));
#4546=VERTEX_POINT('',#4545);
#4547=CARTESIAN_POINT('',(1.235744755880E0,-5.912874537079E-1,0.E0));
#4548=VERTEX_POINT('',#4547);
#4549=CARTESIAN_POINT('',(1.225105140692E0,-6.130193896266E-1,0.E0));
#4550=VERTEX_POINT('',#4549);
#4551=CARTESIAN_POINT('',(1.203825971195E0,-6.347513255452E-1,0.E0));
#4552=VERTEX_POINT('',#4551);
#4553=CARTESIAN_POINT('',(1.182546801698E0,-6.456172935045E-1,0.E0));
#4554=VERTEX_POINT('',#4553);
#4555=CARTESIAN_POINT('',(1.060191440110E0,-6.184523736062E-1,0.E0));
#4556=CARTESIAN_POINT('',(1.155947794166E0,-6.184523736062E-1,0.E0));
#4557=VERTEX_POINT('',#4555);
#4558=VERTEX_POINT('',#4556);
#4559=CARTESIAN_POINT('',(1.177226963663E0,-6.130193896266E-1,0.E0));
#4560=VERTEX_POINT('',#4559);
#4561=CARTESIAN_POINT('',(1.193186356006E0,-6.021534216672E-1,0.E0));
#4562=VERTEX_POINT('',#4561);
#4563=CARTESIAN_POINT('',(1.203825971195E0,-5.858544545082E-1,0.E0));
#4564=VERTEX_POINT('',#4563);
#4565=CARTESIAN_POINT('',(1.209145748349E0,-5.641225185896E-1,0.E0));
#4566=VERTEX_POINT('',#4565);
#4567=CARTESIAN_POINT('',(1.209145748349E0,-4.826277512846E-1,0.E0));
#4568=VERTEX_POINT('',#4567);
#4569=CARTESIAN_POINT('',(1.203825971195E0,-4.608958153660E-1,0.E0));
#4570=VERTEX_POINT('',#4569);
#4571=CARTESIAN_POINT('',(1.193186356006E0,-4.445968634270E-1,0.E0));
#4572=VERTEX_POINT('',#4571);
#4573=CARTESIAN_POINT('',(1.177226963663E0,-4.337308916626E-1,0.E0));
#4574=VERTEX_POINT('',#4573);
#4575=CARTESIAN_POINT('',(1.155947794166E0,-4.282979076830E-1,0.E0));
#4576=VERTEX_POINT('',#4575);
#4577=CARTESIAN_POINT('',(1.060191440110E0,-4.282979076830E-1,0.E0));
#4578=VERTEX_POINT('',#4577);
#4579=CARTESIAN_POINT('',(1.411298071651E0,-6.510502774842E-1,0.E0));
#4580=CARTESIAN_POINT('',(1.368739732657E0,-6.510502774842E-1,0.E0));
#4581=VERTEX_POINT('',#4579);
#4582=VERTEX_POINT('',#4580);
#4583=CARTESIAN_POINT('',(1.283622932908E0,-3.957E-1,0.E0));
#4584=VERTEX_POINT('',#4583);
#4585=CARTESIAN_POINT('',(1.315541717594E0,-3.957E-1,0.E0));
#4586=VERTEX_POINT('',#4585);
#4587=CARTESIAN_POINT('',(1.336820947971E0,-4.608958153660E-1,0.E0));
#4588=VERTEX_POINT('',#4587);
#4589=CARTESIAN_POINT('',(1.443216856336E0,-4.608958153660E-1,0.E0));
#4590=VERTEX_POINT('',#4589);
#4591=CARTESIAN_POINT('',(1.464496086713E0,-3.957E-1,0.E0));
#4592=VERTEX_POINT('',#4591);
#4593=CARTESIAN_POINT('',(1.496414871399E0,-3.957E-1,0.E0));
#4594=VERTEX_POINT('',#4593);
#4595=CARTESIAN_POINT('',(1.390018841273E0,-6.293183415655E-1,0.E0));
#4596=CARTESIAN_POINT('',(1.437897018302E0,-4.826277512846E-1,0.E0));
#4597=VERTEX_POINT('',#4595);
#4598=VERTEX_POINT('',#4596);
#4599=CARTESIAN_POINT('',(1.342140664245E0,-4.826277512846E-1,0.E0));
#4600=VERTEX_POINT('',#4599);
#4601=CARTESIAN_POINT('',(1.035898584810E0,8.160460064404E-1,0.E0));
#4602=CARTESIAN_POINT('',(1.291490911640E0,1.643769474345E-1,0.E0));
#4603=VERTEX_POINT('',#4601);
#4604=VERTEX_POINT('',#4602);
#4605=CARTESIAN_POINT('',(-1.035898584810E0,-7.484527912437E-1,0.E0));
#4606=VERTEX_POINT('',#4605);
#4607=CARTESIAN_POINT('',(-1.291490911640E0,-9.678373223773E-2,0.E0));
#4608=VERTEX_POINT('',#4607);
#4609=CARTESIAN_POINT('',(-1.962257600979E-1,-1.505819461274E-1,1.5E-1));
#4610=CARTESIAN_POINT('',(2.692521391921E-1,3.198400160821E-2,1.5E-1));
#4611=VERTEX_POINT('',#4609);
#4612=VERTEX_POINT('',#4610);
#4613=CARTESIAN_POINT('',(3.605351130599E-1,-2.007549480368E-1,1.5E-1));
#4614=VERTEX_POINT('',#4613);
#4615=CARTESIAN_POINT('',(-1.049427862300E-1,-3.833208957724E-1,1.5E-1));
#4616=VERTEX_POINT('',#4615);
#4617=CARTESIAN_POINT('',(-2.692521391921E-1,3.560921358856E-2,1.5E-1));
#4618=CARTESIAN_POINT('',(-3.605351130599E-1,2.683481632335E-1,1.5E-1));
#4619=VERTEX_POINT('',#4617);
#4620=VERTEX_POINT('',#4618);
#4621=CARTESIAN_POINT('',(1.049427862300E-1,4.509141109692E-1,1.5E-1));
#4622=VERTEX_POINT('',#4621);
#4623=CARTESIAN_POINT('',(1.962257600979E-1,2.181751613242E-1,1.5E-1));
#4624=VERTEX_POINT('',#4623);
#4625=CARTESIAN_POINT('',(-8.777291946312E-1,-6.864168822031E-1,1.5E-1));
#4626=CARTESIAN_POINT('',(-1.035898584810E0,-7.484527912437E-1,1.5E-1));
#4627=VERTEX_POINT('',#4625);
#4628=VERTEX_POINT('',#4626);
#4629=CARTESIAN_POINT('',(-1.439433626129E0,-6.381828024528E-1,1.5E-1));
#4630=VERTEX_POINT('',#4629);
#4631=CARTESIAN_POINT('',(-9.690121684990E-1,-4.536779325581E-1,1.5E-1));
#4632=VERTEX_POINT('',#4631);
#4633=CARTESIAN_POINT('',(-1.133321521461E0,-3.474782319716E-2,1.5E-1));
#4634=CARTESIAN_POINT('',(-1.042038547593E0,-2.674867728421E-1,1.5E-1));
#4635=VERTEX_POINT('',#4633);
#4636=VERTEX_POINT('',#4634);
#4637=CARTESIAN_POINT('',(-1.512460005223E0,-4.519916427368E-1,1.5E-1));
#4638=VERTEX_POINT('',#4637);
#4639=CARTESIAN_POINT('',(-1.291490911640E0,-9.678373223773E-2,1.5E-1));
#4640=VERTEX_POINT('',#4639);
#4641=CARTESIAN_POINT('',(1.133321521461E0,1.023410383939E-1,1.5E-1));
#4642=CARTESIAN_POINT('',(1.042038547593E0,3.350799880389E-1,1.5E-1));
#4643=VERTEX_POINT('',#4641);
#4644=VERTEX_POINT('',#4642);
#4645=CARTESIAN_POINT('',(1.512460005223E0,5.195848579335E-1,1.5E-1));
#4646=VERTEX_POINT('',#4645);
#4647=CARTESIAN_POINT('',(1.291490911640E0,1.643769474345E-1,1.5E-1));
#4648=VERTEX_POINT('',#4647);
#4649=CARTESIAN_POINT('',(8.777291946312E-1,7.540100973999E-1,1.5E-1));
#4650=CARTESIAN_POINT('',(1.035898584810E0,8.160460064404E-1,1.5E-1));
#4651=VERTEX_POINT('',#4649);
#4652=VERTEX_POINT('',#4650);
#4653=CARTESIAN_POINT('',(1.439433626129E0,7.057760176495E-1,1.5E-1));
#4654=VERTEX_POINT('',#4653);
#4655=CARTESIAN_POINT('',(9.690121684990E-1,5.212711477549E-1,1.5E-1));
#4656=VERTEX_POINT('',#4655);
#4657=CARTESIAN_POINT('',(-1.962257600979E-1,-1.505819461274E-1,5.E-2));
#4658=CARTESIAN_POINT('',(2.692521391921E-1,3.198400160821E-2,5.E-2));
#4659=VERTEX_POINT('',#4657);
#4660=VERTEX_POINT('',#4658);
#4661=CARTESIAN_POINT('',(3.605351130599E-1,-2.007549480368E-1,5.E-2));
#4662=VERTEX_POINT('',#4661);
#4663=CARTESIAN_POINT('',(-1.049427862300E-1,-3.833208957724E-1,5.E-2));
#4664=VERTEX_POINT('',#4663);
#4665=CARTESIAN_POINT('',(-2.692521391921E-1,3.560921358856E-2,5.E-2));
#4666=CARTESIAN_POINT('',(-3.605351130599E-1,2.683481632335E-1,5.E-2));
#4667=VERTEX_POINT('',#4665);
#4668=VERTEX_POINT('',#4666);
#4669=CARTESIAN_POINT('',(1.049427862300E-1,4.509141109692E-1,5.E-2));
#4670=CARTESIAN_POINT('',(1.962257600979E-1,2.181751613242E-1,5.E-2));
#4671=VERTEX_POINT('',#4669);
#4672=VERTEX_POINT('',#4670);
#4673=CARTESIAN_POINT('',(-1.439433626129E0,-6.381828024528E-1,5.E-2));
#4674=CARTESIAN_POINT('',(-9.690121684990E-1,-4.536779325581E-1,5.E-2));
#4675=VERTEX_POINT('',#4673);
#4676=VERTEX_POINT('',#4674);
#4677=CARTESIAN_POINT('',(-8.777291946312E-1,-6.864168822031E-1,5.E-2));
#4678=VERTEX_POINT('',#4677);
#4679=CARTESIAN_POINT('',(-1.133321521461E0,-3.474782319716E-2,5.E-2));
#4680=CARTESIAN_POINT('',(-1.042038547593E0,-2.674867728421E-1,5.E-2));
#4681=VERTEX_POINT('',#4679);
#4682=VERTEX_POINT('',#4680);
#4683=CARTESIAN_POINT('',(-1.512460005223E0,-4.519916427368E-1,5.E-2));
#4684=VERTEX_POINT('',#4683);
#4685=CARTESIAN_POINT('',(1.133321521461E0,1.023410383939E-1,5.E-2));
#4686=CARTESIAN_POINT('',(1.042038547593E0,3.350799880389E-1,5.E-2));
#4687=VERTEX_POINT('',#4685);
#4688=VERTEX_POINT('',#4686);
#4689=CARTESIAN_POINT('',(1.512460005223E0,5.195848579335E-1,5.E-2));
#4690=VERTEX_POINT('',#4689);
#4691=CARTESIAN_POINT('',(1.439433626129E0,7.057760176495E-1,5.E-2));
#4692=CARTESIAN_POINT('',(9.690121684990E-1,5.212711477549E-1,5.E-2));
#4693=VERTEX_POINT('',#4691);
#4694=VERTEX_POINT('',#4692);
#4695=CARTESIAN_POINT('',(8.777291946312E-1,7.540100973999E-1,5.E-2));
#4696=VERTEX_POINT('',#4695);
#4697=CARTESIAN_POINT('',(-1.82E0,4.E-1,1.28E0));
#4698=VERTEX_POINT('',#4697);
#4699=CARTESIAN_POINT('',(-1.82E0,-4.E-1,1.28E0));
#4700=VERTEX_POINT('',#4699);
#4701=CARTESIAN_POINT('',(1.82E0,4.E-1,1.28E0));
#4702=VERTEX_POINT('',#4701);
#4703=CARTESIAN_POINT('',(1.82E0,-4.E-1,1.28E0));
#4704=VERTEX_POINT('',#4703);
#4705=CARTESIAN_POINT('',(1.8554E0,4.E-1,1.3E0));
#4706=VERTEX_POINT('',#4705);
#4707=CARTESIAN_POINT('',(1.8554E0,-4.E-1,1.3E0));
#4708=VERTEX_POINT('',#4707);
#4709=CARTESIAN_POINT('',(0.E0,0.E0,1.3E0));
#4710=DIRECTION('',(0.E0,0.E0,1.E0));
#4711=DIRECTION('',(1.E0,0.E0,0.E0));
#4712=AXIS2_PLACEMENT_3D('',#4709,#4710,#4711);
#4713=PLANE('',#4712);
#4715=ORIENTED_EDGE('',*,*,#4714,.F.);
#4717=ORIENTED_EDGE('',*,*,#4716,.T.);
#4719=ORIENTED_EDGE('',*,*,#4718,.F.);
#4721=ORIENTED_EDGE('',*,*,#4720,.T.);
#4723=ORIENTED_EDGE('',*,*,#4722,.T.);
#4725=ORIENTED_EDGE('',*,*,#4724,.T.);
#4727=ORIENTED_EDGE('',*,*,#4726,.F.);
#4729=ORIENTED_EDGE('',*,*,#4728,.T.);
#4731=ORIENTED_EDGE('',*,*,#4730,.F.);
#4733=ORIENTED_EDGE('',*,*,#4732,.T.);
#4735=ORIENTED_EDGE('',*,*,#4734,.T.);
#4737=ORIENTED_EDGE('',*,*,#4736,.F.);
#4739=ORIENTED_EDGE('',*,*,#4738,.F.);
#4741=ORIENTED_EDGE('',*,*,#4740,.F.);
#4743=ORIENTED_EDGE('',*,*,#4742,.T.);
#4745=ORIENTED_EDGE('',*,*,#4744,.T.);
#4747=ORIENTED_EDGE('',*,*,#4746,.F.);
#4749=ORIENTED_EDGE('',*,*,#4748,.F.);
#4751=ORIENTED_EDGE('',*,*,#4750,.F.);
#4753=ORIENTED_EDGE('',*,*,#4752,.F.);
#4755=ORIENTED_EDGE('',*,*,#4754,.F.);
#4757=ORIENTED_EDGE('',*,*,#4756,.T.);
#4759=ORIENTED_EDGE('',*,*,#4758,.F.);
#4761=ORIENTED_EDGE('',*,*,#4760,.T.);
#4763=ORIENTED_EDGE('',*,*,#4762,.F.);
#4765=ORIENTED_EDGE('',*,*,#4764,.T.);
#4767=ORIENTED_EDGE('',*,*,#4766,.F.);
#4769=ORIENTED_EDGE('',*,*,#4768,.T.);
#4771=ORIENTED_EDGE('',*,*,#4770,.F.);
#4773=ORIENTED_EDGE('',*,*,#4772,.T.);
#4775=ORIENTED_EDGE('',*,*,#4774,.F.);
#4777=ORIENTED_EDGE('',*,*,#4776,.T.);
#4779=ORIENTED_EDGE('',*,*,#4778,.T.);
#4781=ORIENTED_EDGE('',*,*,#4780,.F.);
#4783=ORIENTED_EDGE('',*,*,#4782,.T.);
#4785=ORIENTED_EDGE('',*,*,#4784,.F.);
#4787=ORIENTED_EDGE('',*,*,#4786,.T.);
#4789=ORIENTED_EDGE('',*,*,#4788,.F.);
#4791=ORIENTED_EDGE('',*,*,#4790,.F.);
#4793=ORIENTED_EDGE('',*,*,#4792,.F.);
#4795=ORIENTED_EDGE('',*,*,#4794,.T.);
#4797=ORIENTED_EDGE('',*,*,#4796,.F.);
#4799=ORIENTED_EDGE('',*,*,#4798,.F.);
#4801=ORIENTED_EDGE('',*,*,#4800,.T.);
#4802=EDGE_LOOP('',(#4715,#4717,#4719,#4721,#4723,#4725,#4727,#4729,#4731,#4733,
#4735,#4737,#4739,#4741,#4743,#4745,#4747,#4749,#4751,#4753,#4755,#4757,#4759,
#4761,#4763,#4765,#4767,#4769,#4771,#4773,#4775,#4777,#4779,#4781,#4783,#4785,
#4787,#4789,#4791,#4793,#4795,#4797,#4799,#4801));
#4803=FACE_OUTER_BOUND('',#4802,.F.);
#4805=ORIENTED_EDGE('',*,*,#4804,.T.);
#4807=ORIENTED_EDGE('',*,*,#4806,.T.);
#4808=EDGE_LOOP('',(#4805,#4807));
#4809=FACE_BOUND('',#4808,.F.);
#4810=ADVANCED_FACE('',(#4803,#4809),#4713,.F.);
#4811=FILL_AREA_STYLE_COLOUR('',#37);
#4812=FILL_AREA_STYLE('',(#4811));
#4813=SURFACE_STYLE_FILL_AREA(#4812);
#4814=SURFACE_SIDE_STYLE('',(#4813));
#4815=SURFACE_STYLE_USAGE(.POSITIVE.,#4814);
#4816=PRESENTATION_STYLE_ASSIGNMENT((#4815));
#4817=STYLED_ITEM('',(#4816),#4810);
#4818=CARTESIAN_POINT('',(0.E0,0.E0,1.3E0));
#4819=DIRECTION('',(0.E0,0.E0,1.E0));
#4820=DIRECTION('',(1.E0,0.E0,0.E0));
#4821=AXIS2_PLACEMENT_3D('',#4818,#4819,#4820);
#4822=CYLINDRICAL_SURFACE('',#4821,9.E-1);
#4823=ORIENTED_EDGE('',*,*,#4804,.F.);
#4825=ORIENTED_EDGE('',*,*,#4824,.T.);
#4827=ORIENTED_EDGE('',*,*,#4826,.T.);
#4829=ORIENTED_EDGE('',*,*,#4828,.F.);
#4830=EDGE_LOOP('',(#4823,#4825,#4827,#4829));
#4831=FACE_OUTER_BOUND('',#4830,.F.);
#4832=ADVANCED_FACE('',(#4831),#4822,.F.);
#4833=FILL_AREA_STYLE_COLOUR('',#37);
#4834=FILL_AREA_STYLE('',(#4833));
#4835=SURFACE_STYLE_FILL_AREA(#4834);
#4836=SURFACE_SIDE_STYLE('',(#4835));
#4837=SURFACE_STYLE_USAGE(.POSITIVE.,#4836);
#4838=PRESENTATION_STYLE_ASSIGNMENT((#4837));
#4839=STYLED_ITEM('',(#4838),#4832);
#4840=CARTESIAN_POINT('',(0.E0,0.E0,1.3E0));
#4841=DIRECTION('',(0.E0,0.E0,1.E0));
#4842=DIRECTION('',(1.E0,0.E0,0.E0));
#4843=AXIS2_PLACEMENT_3D('',#4840,#4841,#4842);
#4844=CYLINDRICAL_SURFACE('',#4843,9.E-1);
#4845=ORIENTED_EDGE('',*,*,#4806,.F.);
#4846=ORIENTED_EDGE('',*,*,#4828,.T.);
#4848=ORIENTED_EDGE('',*,*,#4847,.T.);
#4849=ORIENTED_EDGE('',*,*,#4824,.F.);
#4850=EDGE_LOOP('',(#4845,#4846,#4848,#4849));
#4851=FACE_OUTER_BOUND('',#4850,.F.);
#4852=ADVANCED_FACE('',(#4851),#4844,.F.);
#4853=FILL_AREA_STYLE_COLOUR('',#37);
#4854=FILL_AREA_STYLE('',(#4853));
#4855=SURFACE_STYLE_FILL_AREA(#4854);
#4856=SURFACE_SIDE_STYLE('',(#4855));
#4857=SURFACE_STYLE_USAGE(.POSITIVE.,#4856);
#4858=PRESENTATION_STYLE_ASSIGNMENT((#4857));
#4859=STYLED_ITEM('',(#4858),#4852);
#4860=CARTESIAN_POINT('',(0.E0,0.E0,1.5E0));
#4861=DIRECTION('',(0.E0,0.E0,1.E0));
#4862=DIRECTION('',(1.E0,0.E0,0.E0));
#4863=AXIS2_PLACEMENT_3D('',#4860,#4861,#4862);
#4864=PLANE('',#4863);
#4866=ORIENTED_EDGE('',*,*,#4865,.F.);
#4868=ORIENTED_EDGE('',*,*,#4867,.F.);
#4870=ORIENTED_EDGE('',*,*,#4869,.T.);
#4872=ORIENTED_EDGE('',*,*,#4871,.F.);
#4874=ORIENTED_EDGE('',*,*,#4873,.F.);
#4876=ORIENTED_EDGE('',*,*,#4875,.F.);
#4878=ORIENTED_EDGE('',*,*,#4877,.T.);
#4880=ORIENTED_EDGE('',*,*,#4879,.T.);
#4882=ORIENTED_EDGE('',*,*,#4881,.T.);
#4884=ORIENTED_EDGE('',*,*,#4883,.F.);
#4886=ORIENTED_EDGE('',*,*,#4885,.F.);
#4888=ORIENTED_EDGE('',*,*,#4887,.F.);
#4890=ORIENTED_EDGE('',*,*,#4889,.F.);
#4892=ORIENTED_EDGE('',*,*,#4891,.F.);
#4894=ORIENTED_EDGE('',*,*,#4893,.F.);
#4896=ORIENTED_EDGE('',*,*,#4895,.F.);
#4898=ORIENTED_EDGE('',*,*,#4897,.F.);
#4900=ORIENTED_EDGE('',*,*,#4899,.F.);
#4902=ORIENTED_EDGE('',*,*,#4901,.F.);
#4904=ORIENTED_EDGE('',*,*,#4903,.F.);
#4906=ORIENTED_EDGE('',*,*,#4905,.F.);
#4908=ORIENTED_EDGE('',*,*,#4907,.F.);
#4910=ORIENTED_EDGE('',*,*,#4909,.T.);
#4912=ORIENTED_EDGE('',*,*,#4911,.F.);
#4914=ORIENTED_EDGE('',*,*,#4913,.T.);
#4916=ORIENTED_EDGE('',*,*,#4915,.F.);
#4918=ORIENTED_EDGE('',*,*,#4917,.T.);
#4920=ORIENTED_EDGE('',*,*,#4919,.T.);
#4922=ORIENTED_EDGE('',*,*,#4921,.T.);
#4924=ORIENTED_EDGE('',*,*,#4923,.F.);
#4926=ORIENTED_EDGE('',*,*,#4925,.T.);
#4928=ORIENTED_EDGE('',*,*,#4927,.F.);
#4930=ORIENTED_EDGE('',*,*,#4929,.F.);
#4932=ORIENTED_EDGE('',*,*,#4931,.F.);
#4934=ORIENTED_EDGE('',*,*,#4933,.F.);
#4936=ORIENTED_EDGE('',*,*,#4935,.F.);
#4938=ORIENTED_EDGE('',*,*,#4937,.F.);
#4940=ORIENTED_EDGE('',*,*,#4939,.F.);
#4942=ORIENTED_EDGE('',*,*,#4941,.F.);
#4944=ORIENTED_EDGE('',*,*,#4943,.F.);
#4945=EDGE_LOOP('',(#4866,#4868,#4870,#4872,#4874,#4876,#4878,#4880,#4882,#4884,
#4886,#4888,#4890,#4892,#4894,#4896,#4898,#4900,#4902,#4904,#4906,#4908,#4910,
#4912,#4914,#4916,#4918,#4920,#4922,#4924,#4926,#4928,#4930,#4932,#4934,#4936,
#4938,#4940,#4942,#4944));
#4946=FACE_OUTER_BOUND('',#4945,.F.);
#4947=ORIENTED_EDGE('',*,*,#4826,.F.);
#4948=ORIENTED_EDGE('',*,*,#4847,.F.);
#4949=EDGE_LOOP('',(#4947,#4948));
#4950=FACE_BOUND('',#4949,.F.);
#4951=ADVANCED_FACE('',(#4946,#4950),#4864,.T.);
#4952=FILL_AREA_STYLE_COLOUR('',#37);
#4953=FILL_AREA_STYLE('',(#4952));
#4954=SURFACE_STYLE_FILL_AREA(#4953);
#4955=SURFACE_SIDE_STYLE('',(#4954));
#4956=SURFACE_STYLE_USAGE(.POSITIVE.,#4955);
#4957=PRESENTATION_STYLE_ASSIGNMENT((#4956));
#4958=STYLED_ITEM('',(#4957),#4951);
#4959=CARTESIAN_POINT('',(1.9E0,1.2E0,5.772036E0));
#4960=DIRECTION('',(0.E0,0.E0,-1.E0));
#4961=DIRECTION('',(0.E0,1.E0,0.E0));
#4962=AXIS2_PLACEMENT_3D('',#4959,#4960,#4961);
#4963=CYLINDRICAL_SURFACE('',#4962,1.E-1);
#4964=ORIENTED_EDGE('',*,*,#4714,.T.);
#4966=ORIENTED_EDGE('',*,*,#4965,.F.);
#4967=ORIENTED_EDGE('',*,*,#4865,.T.);
#4969=ORIENTED_EDGE('',*,*,#4968,.T.);
#4970=EDGE_LOOP('',(#4964,#4966,#4967,#4969));
#4971=FACE_OUTER_BOUND('',#4970,.F.);
#4972=ADVANCED_FACE('',(#4971),#4963,.T.);
#4973=FILL_AREA_STYLE_COLOUR('',#37);
#4974=FILL_AREA_STYLE('',(#4973));
#4975=SURFACE_STYLE_FILL_AREA(#4974);
#4976=SURFACE_SIDE_STYLE('',(#4975));
#4977=SURFACE_STYLE_USAGE(.POSITIVE.,#4976);
#4978=PRESENTATION_STYLE_ASSIGNMENT((#4977));
#4979=STYLED_ITEM('',(#4978),#4972);
#4980=CARTESIAN_POINT('',(2.E0,-1.3E0,1.3E0));
#4981=DIRECTION('',(1.E0,0.E0,0.E0));
#4982=DIRECTION('',(0.E0,1.E0,0.E0));
#4983=AXIS2_PLACEMENT_3D('',#4980,#4981,#4982);
#4984=PLANE('',#4983);
#4986=ORIENTED_EDGE('',*,*,#4985,.F.);
#4987=ORIENTED_EDGE('',*,*,#4891,.T.);
#4989=ORIENTED_EDGE('',*,*,#4988,.F.);
#4990=ORIENTED_EDGE('',*,*,#4776,.F.);
#4991=EDGE_LOOP('',(#4986,#4987,#4989,#4990));
#4992=FACE_OUTER_BOUND('',#4991,.F.);
#4993=ADVANCED_FACE('',(#4992),#4984,.T.);
#4994=FILL_AREA_STYLE_COLOUR('',#37);
#4995=FILL_AREA_STYLE('',(#4994));
#4996=SURFACE_STYLE_FILL_AREA(#4995);
#4997=SURFACE_SIDE_STYLE('',(#4996));
#4998=SURFACE_STYLE_USAGE(.POSITIVE.,#4997);
#4999=PRESENTATION_STYLE_ASSIGNMENT((#4998));
#5000=STYLED_ITEM('',(#4999),#4993);
#5001=CARTESIAN_POINT('',(2.E0,-1.3E0,1.3E0));
#5002=DIRECTION('',(1.E0,0.E0,0.E0));
#5003=DIRECTION('',(0.E0,1.E0,0.E0));
#5004=AXIS2_PLACEMENT_3D('',#5001,#5002,#5003);
#5005=PLANE('',#5004);
#5006=ORIENTED_EDGE('',*,*,#4965,.T.);
#5007=ORIENTED_EDGE('',*,*,#4800,.F.);
#5009=ORIENTED_EDGE('',*,*,#5008,.T.);
#5010=ORIENTED_EDGE('',*,*,#4867,.T.);
#5011=EDGE_LOOP('',(#5006,#5007,#5009,#5010));
#5012=FACE_OUTER_BOUND('',#5011,.F.);
#5013=ADVANCED_FACE('',(#5012),#5005,.T.);
#5014=FILL_AREA_STYLE_COLOUR('',#37);
#5015=FILL_AREA_STYLE('',(#5014));
#5016=SURFACE_STYLE_FILL_AREA(#5015);
#5017=SURFACE_SIDE_STYLE('',(#5016));
#5018=SURFACE_STYLE_USAGE(.POSITIVE.,#5017);
#5019=PRESENTATION_STYLE_ASSIGNMENT((#5018));
#5020=STYLED_ITEM('',(#5019),#5013);
#5021=CARTESIAN_POINT('',(1.9E0,-1.2E0,5.772036E0));
#5022=DIRECTION('',(0.E0,0.E0,-1.E0));
#5023=DIRECTION('',(1.E0,0.E0,0.E0));
#5024=AXIS2_PLACEMENT_3D('',#5021,#5022,#5023);
#5025=CYLINDRICAL_SURFACE('',#5024,1.E-1);
#5026=ORIENTED_EDGE('',*,*,#4774,.T.);
#5028=ORIENTED_EDGE('',*,*,#5027,.F.);
#5029=ORIENTED_EDGE('',*,*,#4893,.T.);
#5030=ORIENTED_EDGE('',*,*,#4985,.T.);
#5031=EDGE_LOOP('',(#5026,#5028,#5029,#5030));
#5032=FACE_OUTER_BOUND('',#5031,.F.);
#5033=ADVANCED_FACE('',(#5032),#5025,.T.);
#5034=FILL_AREA_STYLE_COLOUR('',#37);
#5035=FILL_AREA_STYLE('',(#5034));
#5036=SURFACE_STYLE_FILL_AREA(#5035);
#5037=SURFACE_SIDE_STYLE('',(#5036));
#5038=SURFACE_STYLE_USAGE(.POSITIVE.,#5037);
#5039=PRESENTATION_STYLE_ASSIGNMENT((#5038));
#5040=STYLED_ITEM('',(#5039),#5033);
#5041=CARTESIAN_POINT('',(-2.E0,-1.3E0,1.3E0));
#5042=DIRECTION('',(0.E0,-1.E0,0.E0));
#5043=DIRECTION('',(1.E0,0.E0,0.E0));
#5044=AXIS2_PLACEMENT_3D('',#5041,#5042,#5043);
#5045=PLANE('',#5044);
#5047=ORIENTED_EDGE('',*,*,#5046,.F.);
#5048=ORIENTED_EDGE('',*,*,#4903,.T.);
#5050=ORIENTED_EDGE('',*,*,#5049,.T.);
#5051=ORIENTED_EDGE('',*,*,#4760,.F.);
#5052=EDGE_LOOP('',(#5047,#5048,#5050,#5051));
#5053=FACE_OUTER_BOUND('',#5052,.F.);
#5054=ADVANCED_FACE('',(#5053),#5045,.T.);
#5055=FILL_AREA_STYLE_COLOUR('',#37);
#5056=FILL_AREA_STYLE('',(#5055));
#5057=SURFACE_STYLE_FILL_AREA(#5056);
#5058=SURFACE_SIDE_STYLE('',(#5057));
#5059=SURFACE_STYLE_USAGE(.POSITIVE.,#5058);
#5060=PRESENTATION_STYLE_ASSIGNMENT((#5059));
#5061=STYLED_ITEM('',(#5060),#5054);
#5062=CARTESIAN_POINT('',(-2.E0,-1.3E0,1.3E0));
#5063=DIRECTION('',(0.E0,-1.E0,0.E0));
#5064=DIRECTION('',(1.E0,0.E0,0.E0));
#5065=AXIS2_PLACEMENT_3D('',#5062,#5063,#5064);
#5066=PLANE('',#5065);
#5067=ORIENTED_EDGE('',*,*,#5027,.T.);
#5068=ORIENTED_EDGE('',*,*,#4772,.F.);
#5070=ORIENTED_EDGE('',*,*,#5069,.T.);
#5071=ORIENTED_EDGE('',*,*,#4895,.T.);
#5072=EDGE_LOOP('',(#5067,#5068,#5070,#5071));
#5073=FACE_OUTER_BOUND('',#5072,.F.);
#5074=ADVANCED_FACE('',(#5073),#5066,.T.);
#5075=FILL_AREA_STYLE_COLOUR('',#37);
#5076=FILL_AREA_STYLE('',(#5075));
#5077=SURFACE_STYLE_FILL_AREA(#5076);
#5078=SURFACE_SIDE_STYLE('',(#5077));
#5079=SURFACE_STYLE_USAGE(.POSITIVE.,#5078);
#5080=PRESENTATION_STYLE_ASSIGNMENT((#5079));
#5081=STYLED_ITEM('',(#5080),#5074);
#5082=CARTESIAN_POINT('',(-1.9E0,-1.2E0,5.772036E0));
#5083=DIRECTION('',(0.E0,0.E0,-1.E0));
#5084=DIRECTION('',(0.E0,-1.E0,0.E0));
#5085=AXIS2_PLACEMENT_3D('',#5082,#5083,#5084);
#5086=CYLINDRICAL_SURFACE('',#5085,1.E-1);
#5087=ORIENTED_EDGE('',*,*,#4758,.T.);
#5089=ORIENTED_EDGE('',*,*,#5088,.F.);
#5090=ORIENTED_EDGE('',*,*,#4905,.T.);
#5091=ORIENTED_EDGE('',*,*,#5046,.T.);
#5092=EDGE_LOOP('',(#5087,#5089,#5090,#5091));
#5093=FACE_OUTER_BOUND('',#5092,.F.);
#5094=ADVANCED_FACE('',(#5093),#5086,.T.);
#5095=FILL_AREA_STYLE_COLOUR('',#37);
#5096=FILL_AREA_STYLE('',(#5095));
#5097=SURFACE_STYLE_FILL_AREA(#5096);
#5098=SURFACE_SIDE_STYLE('',(#5097));
#5099=SURFACE_STYLE_USAGE(.POSITIVE.,#5098);
#5100=PRESENTATION_STYLE_ASSIGNMENT((#5099));
#5101=STYLED_ITEM('',(#5100),#5094);
#5102=CARTESIAN_POINT('',(-2.E0,1.3E0,1.3E0));
#5103=DIRECTION('',(-1.E0,0.E0,0.E0));
#5104=DIRECTION('',(0.E0,-1.E0,0.E0));
#5105=AXIS2_PLACEMENT_3D('',#5102,#5103,#5104);
#5106=PLANE('',#5105);
#5107=ORIENTED_EDGE('',*,*,#5088,.T.);
#5108=ORIENTED_EDGE('',*,*,#4756,.F.);
#5110=ORIENTED_EDGE('',*,*,#5109,.T.);
#5111=ORIENTED_EDGE('',*,*,#4907,.T.);
#5112=EDGE_LOOP('',(#5107,#5108,#5110,#5111));
#5113=FACE_OUTER_BOUND('',#5112,.F.);
#5114=ADVANCED_FACE('',(#5113),#5106,.T.);
#5115=FILL_AREA_STYLE_COLOUR('',#37);
#5116=FILL_AREA_STYLE('',(#5115));
#5117=SURFACE_STYLE_FILL_AREA(#5116);
#5118=SURFACE_SIDE_STYLE('',(#5117));
#5119=SURFACE_STYLE_USAGE(.POSITIVE.,#5118);
#5120=PRESENTATION_STYLE_ASSIGNMENT((#5119));
#5121=STYLED_ITEM('',(#5120),#5114);
#5122=CARTESIAN_POINT('',(-2.E0,1.3E0,1.3E0));
#5123=DIRECTION('',(-1.E0,0.E0,0.E0));
#5124=DIRECTION('',(0.E0,-1.E0,0.E0));
#5125=AXIS2_PLACEMENT_3D('',#5122,#5123,#5124);
#5126=PLANE('',#5125);
#5128=ORIENTED_EDGE('',*,*,#5127,.F.);
#5129=ORIENTED_EDGE('',*,*,#4931,.T.);
#5131=ORIENTED_EDGE('',*,*,#5130,.F.);
#5132=ORIENTED_EDGE('',*,*,#4732,.F.);
#5133=EDGE_LOOP('',(#5128,#5129,#5131,#5132));
#5134=FACE_OUTER_BOUND('',#5133,.F.);
#5135=ADVANCED_FACE('',(#5134),#5126,.T.);
#5136=FILL_AREA_STYLE_COLOUR('',#37);
#5137=FILL_AREA_STYLE('',(#5136));
#5138=SURFACE_STYLE_FILL_AREA(#5137);
#5139=SURFACE_SIDE_STYLE('',(#5138));
#5140=SURFACE_STYLE_USAGE(.POSITIVE.,#5139);
#5141=PRESENTATION_STYLE_ASSIGNMENT((#5140));
#5142=STYLED_ITEM('',(#5141),#5135);
#5143=CARTESIAN_POINT('',(-2.E0,-7.753E-1,1.5E0));
#5144=DIRECTION('',(0.E0,-1.E0,0.E0));
#5145=DIRECTION('',(1.E0,0.E0,0.E0));
#5146=AXIS2_PLACEMENT_3D('',#5143,#5144,#5145);
#5147=PLANE('',#5146);
#5149=ORIENTED_EDGE('',*,*,#5148,.F.);
#5150=ORIENTED_EDGE('',*,*,#4909,.F.);
#5151=ORIENTED_EDGE('',*,*,#5109,.F.);
#5152=ORIENTED_EDGE('',*,*,#4754,.T.);
#5153=EDGE_LOOP('',(#5149,#5150,#5151,#5152));
#5154=FACE_OUTER_BOUND('',#5153,.F.);
#5155=ADVANCED_FACE('',(#5154),#5147,.F.);
#5156=FILL_AREA_STYLE_COLOUR('',#37);
#5157=FILL_AREA_STYLE('',(#5156));
#5158=SURFACE_STYLE_FILL_AREA(#5157);
#5159=SURFACE_SIDE_STYLE('',(#5158));
#5160=SURFACE_STYLE_USAGE(.POSITIVE.,#5159);
#5161=PRESENTATION_STYLE_ASSIGNMENT((#5160));
#5162=STYLED_ITEM('',(#5161),#5155);
#5163=CARTESIAN_POINT('',(-1.8554E0,-6.453E-1,5.759E0));
#5164=DIRECTION('',(0.E0,0.E0,-1.E0));
#5165=DIRECTION('',(1.E0,0.E0,0.E0));
#5166=AXIS2_PLACEMENT_3D('',#5163,#5164,#5165);
#5167=CYLINDRICAL_SURFACE('',#5166,1.3E-1);
#5168=ORIENTED_EDGE('',*,*,#4911,.T.);
#5169=ORIENTED_EDGE('',*,*,#5148,.T.);
#5170=ORIENTED_EDGE('',*,*,#4752,.T.);
#5172=ORIENTED_EDGE('',*,*,#5171,.F.);
#5173=EDGE_LOOP('',(#5168,#5169,#5170,#5172));
#5174=FACE_OUTER_BOUND('',#5173,.F.);
#5175=ADVANCED_FACE('',(#5174),#5167,.F.);
#5176=FILL_AREA_STYLE_COLOUR('',#37);
#5177=FILL_AREA_STYLE('',(#5176));
#5178=SURFACE_STYLE_FILL_AREA(#5177);
#5179=SURFACE_SIDE_STYLE('',(#5178));
#5180=SURFACE_STYLE_USAGE(.POSITIVE.,#5179);
#5181=PRESENTATION_STYLE_ASSIGNMENT((#5180));
#5182=STYLED_ITEM('',(#5181),#5175);
#5183=CARTESIAN_POINT('',(-1.7254E0,-7.753E-1,1.5E0));
#5184=DIRECTION('',(1.E0,0.E0,0.E0));
#5185=DIRECTION('',(0.E0,1.E0,0.E0));
#5186=AXIS2_PLACEMENT_3D('',#5183,#5184,#5185);
#5187=PLANE('',#5186);
#5189=ORIENTED_EDGE('',*,*,#5188,.F.);
#5190=ORIENTED_EDGE('',*,*,#4913,.F.);
#5191=ORIENTED_EDGE('',*,*,#5171,.T.);
#5192=ORIENTED_EDGE('',*,*,#4750,.T.);
#5193=EDGE_LOOP('',(#5189,#5190,#5191,#5192));
#5194=FACE_OUTER_BOUND('',#5193,.F.);
#5195=ADVANCED_FACE('',(#5194),#5187,.F.);
#5196=FILL_AREA_STYLE_COLOUR('',#37);
#5197=FILL_AREA_STYLE('',(#5196));
#5198=SURFACE_STYLE_FILL_AREA(#5197);
#5199=SURFACE_SIDE_STYLE('',(#5198));
#5200=SURFACE_STYLE_USAGE(.POSITIVE.,#5199);
#5201=PRESENTATION_STYLE_ASSIGNMENT((#5200));
#5202=STYLED_ITEM('',(#5201),#5195);
#5203=CARTESIAN_POINT('',(-1.8554E0,-5.3E-1,5.759E0));
#5204=DIRECTION('',(0.E0,0.E0,-1.E0));
#5205=DIRECTION('',(0.E0,1.E0,0.E0));
#5206=AXIS2_PLACEMENT_3D('',#5203,#5204,#5205);
#5207=CYLINDRICAL_SURFACE('',#5206,1.3E-1);
#5209=ORIENTED_EDGE('',*,*,#5208,.F.);
#5210=ORIENTED_EDGE('',*,*,#4915,.T.);
#5211=ORIENTED_EDGE('',*,*,#5188,.T.);
#5212=ORIENTED_EDGE('',*,*,#4748,.T.);
#5213=EDGE_LOOP('',(#5209,#5210,#5211,#5212));
#5214=FACE_OUTER_BOUND('',#5213,.F.);
#5215=ADVANCED_FACE('',(#5214),#5207,.F.);
#5216=FILL_AREA_STYLE_COLOUR('',#37);
#5217=FILL_AREA_STYLE('',(#5216));
#5218=SURFACE_STYLE_FILL_AREA(#5217);
#5219=SURFACE_SIDE_STYLE('',(#5218));
#5220=SURFACE_STYLE_USAGE(.POSITIVE.,#5219);
#5221=PRESENTATION_STYLE_ASSIGNMENT((#5220));
#5222=STYLED_ITEM('',(#5221),#5215);
#5223=CARTESIAN_POINT('',(-1.7254E0,-4.E-1,1.5E0));
#5224=DIRECTION('',(0.E0,1.E0,0.E0));
#5225=DIRECTION('',(-1.E0,0.E0,0.E0));
#5226=AXIS2_PLACEMENT_3D('',#5223,#5224,#5225);
#5227=PLANE('',#5226);
#5229=ORIENTED_EDGE('',*,*,#5228,.F.);
#5230=ORIENTED_EDGE('',*,*,#4917,.F.);
#5231=ORIENTED_EDGE('',*,*,#5208,.T.);
#5232=ORIENTED_EDGE('',*,*,#4746,.T.);
#5234=ORIENTED_EDGE('',*,*,#5233,.F.);
#5236=ORIENTED_EDGE('',*,*,#5235,.F.);
#5238=ORIENTED_EDGE('',*,*,#5237,.T.);
#5240=ORIENTED_EDGE('',*,*,#5239,.F.);
#5242=ORIENTED_EDGE('',*,*,#5241,.F.);
#5243=EDGE_LOOP('',(#5229,#5230,#5231,#5232,#5234,#5236,#5238,#5240,#5242));
#5244=FACE_OUTER_BOUND('',#5243,.F.);
#5245=ADVANCED_FACE('',(#5244),#5227,.F.);
#5246=FILL_AREA_STYLE_COLOUR('',#37);
#5247=FILL_AREA_STYLE('',(#5246));
#5248=SURFACE_STYLE_FILL_AREA(#5247);
#5249=SURFACE_SIDE_STYLE('',(#5248));
#5250=SURFACE_STYLE_USAGE(.POSITIVE.,#5249);
#5251=PRESENTATION_STYLE_ASSIGNMENT((#5250));
#5252=STYLED_ITEM('',(#5251),#5245);
#5253=CARTESIAN_POINT('',(-1.910222714501E0,-5.23044E0,1.4E0));
#5254=DIRECTION('',(0.E0,1.E0,0.E0));
#5255=DIRECTION('',(-1.E0,0.E0,0.E0));
#5256=AXIS2_PLACEMENT_3D('',#5253,#5254,#5255);
#5257=CYLINDRICAL_SURFACE('',#5256,1.E-1);
#5259=ORIENTED_EDGE('',*,*,#5258,.T.);
#5260=ORIENTED_EDGE('',*,*,#4919,.F.);
#5261=ORIENTED_EDGE('',*,*,#5228,.T.);
#5263=ORIENTED_EDGE('',*,*,#5262,.T.);
#5264=EDGE_LOOP('',(#5259,#5260,#5261,#5263));
#5265=FACE_OUTER_BOUND('',#5264,.F.);
#5266=ADVANCED_FACE('',(#5265),#5257,.T.);
#5267=FILL_AREA_STYLE_COLOUR('',#37);
#5268=FILL_AREA_STYLE('',(#5267));
#5269=SURFACE_STYLE_FILL_AREA(#5268);
#5270=SURFACE_SIDE_STYLE('',(#5269));
#5271=SURFACE_STYLE_USAGE(.POSITIVE.,#5270);
#5272=PRESENTATION_STYLE_ASSIGNMENT((#5271));
#5273=STYLED_ITEM('',(#5272),#5266);
#5274=CARTESIAN_POINT('',(-2.E0,4.E-1,1.5E0));
#5275=DIRECTION('',(0.E0,-1.E0,0.E0));
#5276=DIRECTION('',(1.E0,0.E0,0.E0));
#5277=AXIS2_PLACEMENT_3D('',#5274,#5275,#5276);
#5278=PLANE('',#5277);
#5279=ORIENTED_EDGE('',*,*,#5258,.F.);
#5281=ORIENTED_EDGE('',*,*,#5280,.T.);
#5283=ORIENTED_EDGE('',*,*,#5282,.F.);
#5285=ORIENTED_EDGE('',*,*,#5284,.F.);
#5287=ORIENTED_EDGE('',*,*,#5286,.T.);
#5289=ORIENTED_EDGE('',*,*,#5288,.T.);
#5290=ORIENTED_EDGE('',*,*,#4742,.F.);
#5292=ORIENTED_EDGE('',*,*,#5291,.F.);
#5293=ORIENTED_EDGE('',*,*,#4921,.F.);
#5294=EDGE_LOOP('',(#5279,#5281,#5283,#5285,#5287,#5289,#5290,#5292,#5293));
#5295=FACE_OUTER_BOUND('',#5294,.F.);
#5296=ADVANCED_FACE('',(#5295),#5278,.F.);
#5297=FILL_AREA_STYLE_COLOUR('',#37);
#5298=FILL_AREA_STYLE('',(#5297));
#5299=SURFACE_STYLE_FILL_AREA(#5298);
#5300=SURFACE_SIDE_STYLE('',(#5299));
#5301=SURFACE_STYLE_USAGE(.POSITIVE.,#5300);
#5302=PRESENTATION_STYLE_ASSIGNMENT((#5301));
#5303=STYLED_ITEM('',(#5302),#5296);
#5304=CARTESIAN_POINT('',(-2.010222714501E0,4.E-1,1.5E0));
#5305=DIRECTION('',(-1.E0,0.E0,0.E0));
#5306=DIRECTION('',(0.E0,0.E0,-1.E0));
#5307=AXIS2_PLACEMENT_3D('',#5304,#5305,#5306);
#5308=PLANE('',#5307);
#5309=ORIENTED_EDGE('',*,*,#5262,.F.);
#5310=ORIENTED_EDGE('',*,*,#5241,.T.);
#5312=ORIENTED_EDGE('',*,*,#5311,.F.);
#5314=ORIENTED_EDGE('',*,*,#5313,.F.);
#5316=ORIENTED_EDGE('',*,*,#5315,.F.);
#5317=ORIENTED_EDGE('',*,*,#5280,.F.);
#5318=EDGE_LOOP('',(#5309,#5310,#5312,#5314,#5316,#5317));
#5319=FACE_OUTER_BOUND('',#5318,.F.);
#5320=ADVANCED_FACE('',(#5319),#5308,.T.);
#5321=FILL_AREA_STYLE_COLOUR('',#37);
#5322=FILL_AREA_STYLE('',(#5321));
#5323=SURFACE_STYLE_FILL_AREA(#5322);
#5324=SURFACE_SIDE_STYLE('',(#5323));
#5325=SURFACE_STYLE_USAGE(.POSITIVE.,#5324);
#5326=PRESENTATION_STYLE_ASSIGNMENT((#5325));
#5327=STYLED_ITEM('',(#5326),#5320);
#5328=CARTESIAN_POINT('',(-7.237949045126E0,-3.E-1,8.439577361481E-1));
#5329=DIRECTION('',(1.E0,0.E0,0.E0));
#5330=DIRECTION('',(0.E0,-1.E0,0.E0));
#5331=AXIS2_PLACEMENT_3D('',#5328,#5329,#5330);
#5332=CYLINDRICAL_SURFACE('',#5331,1.E-1);
#5334=ORIENTED_EDGE('',*,*,#5333,.F.);
#5335=ORIENTED_EDGE('',*,*,#5311,.T.);
#5336=ORIENTED_EDGE('',*,*,#5239,.T.);
#5338=ORIENTED_EDGE('',*,*,#5337,.T.);
#5339=EDGE_LOOP('',(#5334,#5335,#5336,#5338));
#5340=FACE_OUTER_BOUND('',#5339,.F.);
#5341=ADVANCED_FACE('',(#5340),#5332,.T.);
#5342=FILL_AREA_STYLE_COLOUR('',#37);
#5343=FILL_AREA_STYLE('',(#5342));
#5344=SURFACE_STYLE_FILL_AREA(#5343);
#5345=SURFACE_SIDE_STYLE('',(#5344));
#5346=SURFACE_STYLE_USAGE(.POSITIVE.,#5345);
#5347=PRESENTATION_STYLE_ASSIGNMENT((#5346));
#5348=STYLED_ITEM('',(#5347),#5341);
#5349=CARTESIAN_POINT('',(-2.010222714501E0,4.E-1,7.439577361481E-1));
#5350=DIRECTION('',(0.E0,0.E0,-1.E0));
#5351=DIRECTION('',(1.E0,0.E0,0.E0));
#5352=AXIS2_PLACEMENT_3D('',#5349,#5350,#5351);
#5353=PLANE('',#5352);
#5354=ORIENTED_EDGE('',*,*,#5333,.T.);
#5356=ORIENTED_EDGE('',*,*,#5355,.F.);
#5358=ORIENTED_EDGE('',*,*,#5357,.T.);
#5359=ORIENTED_EDGE('',*,*,#5313,.T.);
#5360=EDGE_LOOP('',(#5354,#5356,#5358,#5359));
#5361=FACE_OUTER_BOUND('',#5360,.F.);
#5362=ADVANCED_FACE('',(#5361),#5353,.T.);
#5363=FILL_AREA_STYLE_COLOUR('',#37);
#5364=FILL_AREA_STYLE('',(#5363));
#5365=SURFACE_STYLE_FILL_AREA(#5364);
#5366=SURFACE_SIDE_STYLE('',(#5365));
#5367=SURFACE_STYLE_USAGE(.POSITIVE.,#5366);
#5368=PRESENTATION_STYLE_ASSIGNMENT((#5367));
#5369=STYLED_ITEM('',(#5368),#5362);
#5370=CARTESIAN_POINT('',(-1.82E0,0.E0,0.E0));
#5371=DIRECTION('',(-1.E0,0.E0,0.E0));
#5372=DIRECTION('',(0.E0,-1.E0,0.E0));
#5373=AXIS2_PLACEMENT_3D('',#5370,#5371,#5372);
#5374=PLANE('',#5373);
#5375=ORIENTED_EDGE('',*,*,#5284,.T.);
#5377=ORIENTED_EDGE('',*,*,#5376,.F.);
#5378=ORIENTED_EDGE('',*,*,#5355,.T.);
#5379=ORIENTED_EDGE('',*,*,#5337,.F.);
#5380=ORIENTED_EDGE('',*,*,#5237,.F.);
#5382=ORIENTED_EDGE('',*,*,#5381,.T.);
#5384=ORIENTED_EDGE('',*,*,#5383,.F.);
#5386=ORIENTED_EDGE('',*,*,#5385,.F.);
#5388=ORIENTED_EDGE('',*,*,#5387,.F.);
#5390=ORIENTED_EDGE('',*,*,#5389,.T.);
#5391=EDGE_LOOP('',(#5375,#5377,#5378,#5379,#5380,#5382,#5384,#5386,#5388,
#5390));
#5392=FACE_OUTER_BOUND('',#5391,.F.);
#5393=ADVANCED_FACE('',(#5392),#5374,.T.);
#5394=FILL_AREA_STYLE_COLOUR('',#17);
#5395=FILL_AREA_STYLE('',(#5394));
#5396=SURFACE_STYLE_FILL_AREA(#5395);
#5397=SURFACE_SIDE_STYLE('',(#5396));
#5398=SURFACE_STYLE_USAGE(.POSITIVE.,#5397);
#5399=PRESENTATION_STYLE_ASSIGNMENT((#5398));
#5400=STYLED_ITEM('',(#5399),#5393);
#5401=CARTESIAN_POINT('',(7.218884197498E0,3.E-1,8.439577361481E-1));
#5402=DIRECTION('',(-1.E0,0.E0,0.E0));
#5403=DIRECTION('',(0.E0,1.E0,0.E0));
#5404=AXIS2_PLACEMENT_3D('',#5401,#5402,#5403);
#5405=CYLINDRICAL_SURFACE('',#5404,1.E-1);
#5406=ORIENTED_EDGE('',*,*,#5315,.T.);
#5407=ORIENTED_EDGE('',*,*,#5357,.F.);
#5408=ORIENTED_EDGE('',*,*,#5376,.T.);
#5409=ORIENTED_EDGE('',*,*,#5282,.T.);
#5410=EDGE_LOOP('',(#5406,#5407,#5408,#5409));
#5411=FACE_OUTER_BOUND('',#5410,.F.);
#5412=ADVANCED_FACE('',(#5411),#5405,.T.);
#5413=FILL_AREA_STYLE_COLOUR('',#37);
#5414=FILL_AREA_STYLE('',(#5413));
#5415=SURFACE_STYLE_FILL_AREA(#5414);
#5416=SURFACE_SIDE_STYLE('',(#5415));
#5417=SURFACE_STYLE_USAGE(.POSITIVE.,#5416);
#5418=PRESENTATION_STYLE_ASSIGNMENT((#5417));
#5419=STYLED_ITEM('',(#5418),#5412);
#5420=CARTESIAN_POINT('',(0.E0,0.E0,1.28E0));
#5421=DIRECTION('',(0.E0,0.E0,1.E0));
#5422=DIRECTION('',(1.E0,0.E0,0.E0));
#5423=AXIS2_PLACEMENT_3D('',#5420,#5421,#5422);
#5424=PLANE('',#5423);
#5426=ORIENTED_EDGE('',*,*,#5425,.T.);
#5428=ORIENTED_EDGE('',*,*,#5427,.T.);
#5430=ORIENTED_EDGE('',*,*,#5429,.F.);
#5432=ORIENTED_EDGE('',*,*,#5431,.T.);
#5434=ORIENTED_EDGE('',*,*,#5433,.F.);
#5436=ORIENTED_EDGE('',*,*,#5435,.F.);
#5438=ORIENTED_EDGE('',*,*,#5437,.F.);
#5440=ORIENTED_EDGE('',*,*,#5439,.T.);
#5442=ORIENTED_EDGE('',*,*,#5441,.F.);
#5444=ORIENTED_EDGE('',*,*,#5443,.F.);
#5446=ORIENTED_EDGE('',*,*,#5445,.F.);
#5448=ORIENTED_EDGE('',*,*,#5447,.F.);
#5450=ORIENTED_EDGE('',*,*,#5449,.T.);
#5451=ORIENTED_EDGE('',*,*,#5381,.F.);
#5452=ORIENTED_EDGE('',*,*,#5235,.T.);
#5454=ORIENTED_EDGE('',*,*,#5453,.F.);
#5455=ORIENTED_EDGE('',*,*,#5286,.F.);
#5456=ORIENTED_EDGE('',*,*,#5389,.F.);
#5458=ORIENTED_EDGE('',*,*,#5457,.F.);
#5460=ORIENTED_EDGE('',*,*,#5459,.F.);
#5462=ORIENTED_EDGE('',*,*,#5461,.F.);
#5464=ORIENTED_EDGE('',*,*,#5463,.T.);
#5466=ORIENTED_EDGE('',*,*,#5465,.T.);
#5468=ORIENTED_EDGE('',*,*,#5467,.F.);
#5470=ORIENTED_EDGE('',*,*,#5469,.F.);
#5472=ORIENTED_EDGE('',*,*,#5471,.F.);
#5474=ORIENTED_EDGE('',*,*,#5473,.T.);
#5476=ORIENTED_EDGE('',*,*,#5475,.T.);
#5477=EDGE_LOOP('',(#5426,#5428,#5430,#5432,#5434,#5436,#5438,#5440,#5442,#5444,
#5446,#5448,#5450,#5451,#5452,#5454,#5455,#5456,#5458,#5460,#5462,#5464,#5466,
#5468,#5470,#5472,#5474,#5476));
#5478=FACE_OUTER_BOUND('',#5477,.F.);
#5480=ORIENTED_EDGE('',*,*,#5479,.T.);
#5482=ORIENTED_EDGE('',*,*,#5481,.T.);
#5483=EDGE_LOOP('',(#5480,#5482));
#5484=FACE_BOUND('',#5483,.F.);
#5485=ADVANCED_FACE('',(#5478,#5484),#5424,.T.);
#5486=FILL_AREA_STYLE_COLOUR('',#17);
#5487=FILL_AREA_STYLE('',(#5486));
#5488=SURFACE_STYLE_FILL_AREA(#5487);
#5489=SURFACE_SIDE_STYLE('',(#5488));
#5490=SURFACE_STYLE_USAGE(.POSITIVE.,#5489);
#5491=PRESENTATION_STYLE_ASSIGNMENT((#5490));
#5492=STYLED_ITEM('',(#5491),#5485);
#5493=CARTESIAN_POINT('',(0.E0,0.E0,1.28E0));
#5494=DIRECTION('',(0.E0,0.E0,1.E0));
#5495=DIRECTION('',(1.E0,0.E0,0.E0));
#5496=AXIS2_PLACEMENT_3D('',#5493,#5494,#5495);
#5497=CYLINDRICAL_SURFACE('',#5496,8.5E-1);
#5499=ORIENTED_EDGE('',*,*,#5498,.T.);
#5501=ORIENTED_EDGE('',*,*,#5500,.F.);
#5502=ORIENTED_EDGE('',*,*,#5479,.F.);
#5504=ORIENTED_EDGE('',*,*,#5503,.T.);
#5505=EDGE_LOOP('',(#5499,#5501,#5502,#5504));
#5506=FACE_OUTER_BOUND('',#5505,.F.);
#5507=ADVANCED_FACE('',(#5506),#5497,.T.);
#5508=FILL_AREA_STYLE_COLOUR('',#17);
#5509=FILL_AREA_STYLE('',(#5508));
#5510=SURFACE_STYLE_FILL_AREA(#5509);
#5511=SURFACE_SIDE_STYLE('',(#5510));
#5512=SURFACE_STYLE_USAGE(.POSITIVE.,#5511);
#5513=PRESENTATION_STYLE_ASSIGNMENT((#5512));
#5514=STYLED_ITEM('',(#5513),#5507);
#5515=CARTESIAN_POINT('',(0.E0,0.E0,2.35E0));
#5516=DIRECTION('',(0.E0,0.E0,1.E0));
#5517=DIRECTION('',(9.999498353416E-1,-1.001632669049E-2,0.E0));
#5518=AXIS2_PLACEMENT_3D('',#5515,#5516,#5517);
#5519=TOROIDAL_SURFACE('',#5518,7.E-1,1.5E-1);
#5521=ORIENTED_EDGE('',*,*,#5520,.T.);
#5523=ORIENTED_EDGE('',*,*,#5522,.T.);
#5524=ORIENTED_EDGE('',*,*,#5498,.F.);
#5526=ORIENTED_EDGE('',*,*,#5525,.F.);
#5527=EDGE_LOOP('',(#5521,#5523,#5524,#5526));
#5528=FACE_OUTER_BOUND('',#5527,.F.);
#5529=ADVANCED_FACE('',(#5528),#5519,.T.);
#5530=FILL_AREA_STYLE_COLOUR('',#17);
#5531=FILL_AREA_STYLE('',(#5530));
#5532=SURFACE_STYLE_FILL_AREA(#5531);
#5533=SURFACE_SIDE_STYLE('',(#5532));
#5534=SURFACE_STYLE_USAGE(.POSITIVE.,#5533);
#5535=PRESENTATION_STYLE_ASSIGNMENT((#5534));
#5536=STYLED_ITEM('',(#5535),#5529);
#5537=CARTESIAN_POINT('',(0.E0,0.E0,2.5E0));
#5538=DIRECTION('',(0.E0,0.E0,1.E0));
#5539=DIRECTION('',(1.E0,0.E0,0.E0));
#5540=AXIS2_PLACEMENT_3D('',#5537,#5538,#5539);
#5541=PLANE('',#5540);
#5542=ORIENTED_EDGE('',*,*,#5520,.F.);
#5544=ORIENTED_EDGE('',*,*,#5543,.F.);
#5545=EDGE_LOOP('',(#5542,#5544));
#5546=FACE_OUTER_BOUND('',#5545,.F.);
#5547=ADVANCED_FACE('',(#5546),#5541,.T.);
#5548=FILL_AREA_STYLE_COLOUR('',#17);
#5549=FILL_AREA_STYLE('',(#5548));
#5550=SURFACE_STYLE_FILL_AREA(#5549);
#5551=SURFACE_SIDE_STYLE('',(#5550));
#5552=SURFACE_STYLE_USAGE(.POSITIVE.,#5551);
#5553=PRESENTATION_STYLE_ASSIGNMENT((#5552));
#5554=STYLED_ITEM('',(#5553),#5547);
#5555=CARTESIAN_POINT('',(0.E0,0.E0,2.35E0));
#5556=DIRECTION('',(0.E0,0.E0,1.E0));
#5557=DIRECTION('',(-9.999498353416E-1,1.001632669049E-2,0.E0));
#5558=AXIS2_PLACEMENT_3D('',#5555,#5556,#5557);
#5559=TOROIDAL_SURFACE('',#5558,7.E-1,1.5E-1);
#5560=ORIENTED_EDGE('',*,*,#5543,.T.);
#5561=ORIENTED_EDGE('',*,*,#5525,.T.);
#5563=ORIENTED_EDGE('',*,*,#5562,.F.);
#5564=ORIENTED_EDGE('',*,*,#5522,.F.);
#5565=EDGE_LOOP('',(#5560,#5561,#5563,#5564));
#5566=FACE_OUTER_BOUND('',#5565,.F.);
#5567=ADVANCED_FACE('',(#5566),#5559,.T.);
#5568=FILL_AREA_STYLE_COLOUR('',#17);
#5569=FILL_AREA_STYLE('',(#5568));
#5570=SURFACE_STYLE_FILL_AREA(#5569);
#5571=SURFACE_SIDE_STYLE('',(#5570));
#5572=SURFACE_STYLE_USAGE(.POSITIVE.,#5571);
#5573=PRESENTATION_STYLE_ASSIGNMENT((#5572));
#5574=STYLED_ITEM('',(#5573),#5567);
#5575=CARTESIAN_POINT('',(0.E0,0.E0,1.28E0));
#5576=DIRECTION('',(0.E0,0.E0,1.E0));
#5577=DIRECTION('',(1.E0,0.E0,0.E0));
#5578=AXIS2_PLACEMENT_3D('',#5575,#5576,#5577);
#5579=CYLINDRICAL_SURFACE('',#5578,8.5E-1);
#5580=ORIENTED_EDGE('',*,*,#5562,.T.);
#5581=ORIENTED_EDGE('',*,*,#5503,.F.);
#5582=ORIENTED_EDGE('',*,*,#5481,.F.);
#5583=ORIENTED_EDGE('',*,*,#5500,.T.);
#5584=EDGE_LOOP('',(#5580,#5581,#5582,#5583));
#5585=FACE_OUTER_BOUND('',#5584,.F.);
#5586=ADVANCED_FACE('',(#5585),#5579,.T.);
#5587=FILL_AREA_STYLE_COLOUR('',#17);
#5588=FILL_AREA_STYLE('',(#5587));
#5589=SURFACE_STYLE_FILL_AREA(#5588);
#5590=SURFACE_SIDE_STYLE('',(#5589));
#5591=SURFACE_STYLE_USAGE(.POSITIVE.,#5590);
#5592=PRESENTATION_STYLE_ASSIGNMENT((#5591));
#5593=STYLED_ITEM('',(#5592),#5586);
#5594=CARTESIAN_POINT('',(2.E0,4.E-1,1.5E0));
#5595=DIRECTION('',(0.E0,1.E0,0.E0));
#5596=DIRECTION('',(-1.E0,0.E0,0.E0));
#5597=AXIS2_PLACEMENT_3D('',#5594,#5595,#5596);
#5598=PLANE('',#5597);
#5600=ORIENTED_EDGE('',*,*,#5599,.F.);
#5601=ORIENTED_EDGE('',*,*,#4877,.F.);
#5603=ORIENTED_EDGE('',*,*,#5602,.F.);
#5604=ORIENTED_EDGE('',*,*,#4790,.T.);
#5606=ORIENTED_EDGE('',*,*,#5605,.F.);
#5607=ORIENTED_EDGE('',*,*,#5425,.F.);
#5609=ORIENTED_EDGE('',*,*,#5608,.T.);
#5611=ORIENTED_EDGE('',*,*,#5610,.F.);
#5613=ORIENTED_EDGE('',*,*,#5612,.F.);
#5614=EDGE_LOOP('',(#5600,#5601,#5603,#5604,#5606,#5607,#5609,#5611,#5613));
#5615=FACE_OUTER_BOUND('',#5614,.F.);
#5616=ADVANCED_FACE('',(#5615),#5598,.T.);
#5617=FILL_AREA_STYLE_COLOUR('',#37);
#5618=FILL_AREA_STYLE('',(#5617));
#5619=SURFACE_STYLE_FILL_AREA(#5618);
#5620=SURFACE_SIDE_STYLE('',(#5619));
#5621=SURFACE_STYLE_USAGE(.POSITIVE.,#5620);
#5622=PRESENTATION_STYLE_ASSIGNMENT((#5621));
#5623=STYLED_ITEM('',(#5622),#5616);
#5624=CARTESIAN_POINT('',(1.910222714501E0,5.23044E0,1.4E0));
#5625=DIRECTION('',(0.E0,-1.E0,0.E0));
#5626=DIRECTION('',(1.E0,0.E0,0.E0));
#5627=AXIS2_PLACEMENT_3D('',#5624,#5625,#5626);
#5628=CYLINDRICAL_SURFACE('',#5627,1.E-1);
#5630=ORIENTED_EDGE('',*,*,#5629,.T.);
#5631=ORIENTED_EDGE('',*,*,#4879,.F.);
#5632=ORIENTED_EDGE('',*,*,#5599,.T.);
#5634=ORIENTED_EDGE('',*,*,#5633,.T.);
#5635=EDGE_LOOP('',(#5630,#5631,#5632,#5634));
#5636=FACE_OUTER_BOUND('',#5635,.F.);
#5637=ADVANCED_FACE('',(#5636),#5628,.T.);
#5638=FILL_AREA_STYLE_COLOUR('',#37);
#5639=FILL_AREA_STYLE('',(#5638));
#5640=SURFACE_STYLE_FILL_AREA(#5639);
#5641=SURFACE_SIDE_STYLE('',(#5640));
#5642=SURFACE_STYLE_USAGE(.POSITIVE.,#5641);
#5643=PRESENTATION_STYLE_ASSIGNMENT((#5642));
#5644=STYLED_ITEM('',(#5643),#5637);
#5645=CARTESIAN_POINT('',(1.7254E0,-4.E-1,1.5E0));
#5646=DIRECTION('',(0.E0,-1.E0,0.E0));
#5647=DIRECTION('',(1.E0,0.E0,0.E0));
#5648=AXIS2_PLACEMENT_3D('',#5645,#5646,#5647);
#5649=PLANE('',#5648);
#5650=ORIENTED_EDGE('',*,*,#5629,.F.);
#5652=ORIENTED_EDGE('',*,*,#5651,.T.);
#5654=ORIENTED_EDGE('',*,*,#5653,.F.);
#5656=ORIENTED_EDGE('',*,*,#5655,.F.);
#5657=ORIENTED_EDGE('',*,*,#5429,.T.);
#5659=ORIENTED_EDGE('',*,*,#5658,.T.);
#5660=ORIENTED_EDGE('',*,*,#4786,.F.);
#5662=ORIENTED_EDGE('',*,*,#5661,.T.);
#5663=ORIENTED_EDGE('',*,*,#4881,.F.);
#5664=EDGE_LOOP('',(#5650,#5652,#5654,#5656,#5657,#5659,#5660,#5662,#5663));
#5665=FACE_OUTER_BOUND('',#5664,.F.);
#5666=ADVANCED_FACE('',(#5665),#5649,.T.);
#5667=FILL_AREA_STYLE_COLOUR('',#37);
#5668=FILL_AREA_STYLE('',(#5667));
#5669=SURFACE_STYLE_FILL_AREA(#5668);
#5670=SURFACE_SIDE_STYLE('',(#5669));
#5671=SURFACE_STYLE_USAGE(.POSITIVE.,#5670);
#5672=PRESENTATION_STYLE_ASSIGNMENT((#5671));
#5673=STYLED_ITEM('',(#5672),#5666);
#5674=CARTESIAN_POINT('',(2.010222714501E0,4.E-1,1.5E0));
#5675=DIRECTION('',(-1.E0,0.E0,0.E0));
#5676=DIRECTION('',(0.E0,0.E0,-1.E0));
#5677=AXIS2_PLACEMENT_3D('',#5674,#5675,#5676);
#5678=PLANE('',#5677);
#5679=ORIENTED_EDGE('',*,*,#5633,.F.);
#5680=ORIENTED_EDGE('',*,*,#5612,.T.);
#5682=ORIENTED_EDGE('',*,*,#5681,.F.);
#5684=ORIENTED_EDGE('',*,*,#5683,.T.);
#5686=ORIENTED_EDGE('',*,*,#5685,.F.);
#5687=ORIENTED_EDGE('',*,*,#5651,.F.);
#5688=EDGE_LOOP('',(#5679,#5680,#5682,#5684,#5686,#5687));
#5689=FACE_OUTER_BOUND('',#5688,.F.);
#5690=ADVANCED_FACE('',(#5689),#5678,.F.);
#5691=FILL_AREA_STYLE_COLOUR('',#37);
#5692=FILL_AREA_STYLE('',(#5691));
#5693=SURFACE_STYLE_FILL_AREA(#5692);
#5694=SURFACE_SIDE_STYLE('',(#5693));
#5695=SURFACE_STYLE_USAGE(.POSITIVE.,#5694);
#5696=PRESENTATION_STYLE_ASSIGNMENT((#5695));
#5697=STYLED_ITEM('',(#5696),#5690);
#5698=CARTESIAN_POINT('',(7.251275375750E0,3.E-1,8.439577361481E-1));
#5699=DIRECTION('',(-1.E0,0.E0,0.E0));
#5700=DIRECTION('',(0.E0,1.E0,0.E0));
#5701=AXIS2_PLACEMENT_3D('',#5698,#5699,#5700);
#5702=CYLINDRICAL_SURFACE('',#5701,1.E-1);
#5704=ORIENTED_EDGE('',*,*,#5703,.F.);
#5705=ORIENTED_EDGE('',*,*,#5681,.T.);
#5706=ORIENTED_EDGE('',*,*,#5610,.T.);
#5708=ORIENTED_EDGE('',*,*,#5707,.T.);
#5709=EDGE_LOOP('',(#5704,#5705,#5706,#5708));
#5710=FACE_OUTER_BOUND('',#5709,.F.);
#5711=ADVANCED_FACE('',(#5710),#5702,.T.);
#5712=FILL_AREA_STYLE_COLOUR('',#37);
#5713=FILL_AREA_STYLE('',(#5712));
#5714=SURFACE_STYLE_FILL_AREA(#5713);
#5715=SURFACE_SIDE_STYLE('',(#5714));
#5716=SURFACE_STYLE_USAGE(.POSITIVE.,#5715);
#5717=PRESENTATION_STYLE_ASSIGNMENT((#5716));
#5718=STYLED_ITEM('',(#5717),#5711);
#5719=CARTESIAN_POINT('',(2.010222714501E0,4.E-1,7.439577361481E-1));
#5720=DIRECTION('',(0.E0,0.E0,1.E0));
#5721=DIRECTION('',(-1.E0,0.E0,0.E0));
#5722=AXIS2_PLACEMENT_3D('',#5719,#5720,#5721);
#5723=PLANE('',#5722);
#5725=ORIENTED_EDGE('',*,*,#5724,.T.);
#5726=ORIENTED_EDGE('',*,*,#5683,.F.);
#5727=ORIENTED_EDGE('',*,*,#5703,.T.);
#5729=ORIENTED_EDGE('',*,*,#5728,.T.);
#5730=EDGE_LOOP('',(#5725,#5726,#5727,#5729));
#5731=FACE_OUTER_BOUND('',#5730,.F.);
#5732=ADVANCED_FACE('',(#5731),#5723,.F.);
#5733=FILL_AREA_STYLE_COLOUR('',#37);
#5734=FILL_AREA_STYLE('',(#5733));
#5735=SURFACE_STYLE_FILL_AREA(#5734);
#5736=SURFACE_SIDE_STYLE('',(#5735));
#5737=SURFACE_STYLE_USAGE(.POSITIVE.,#5736);
#5738=PRESENTATION_STYLE_ASSIGNMENT((#5737));
#5739=STYLED_ITEM('',(#5738),#5732);
#5740=CARTESIAN_POINT('',(-7.053125914923E0,-3.E-1,8.439577361481E-1));
#5741=DIRECTION('',(1.E0,0.E0,0.E0));
#5742=DIRECTION('',(0.E0,-1.E0,0.E0));
#5743=AXIS2_PLACEMENT_3D('',#5740,#5741,#5742);
#5744=CYLINDRICAL_SURFACE('',#5743,1.E-1);
#5745=ORIENTED_EDGE('',*,*,#5685,.T.);
#5746=ORIENTED_EDGE('',*,*,#5724,.F.);
#5748=ORIENTED_EDGE('',*,*,#5747,.T.);
#5749=ORIENTED_EDGE('',*,*,#5653,.T.);
#5750=EDGE_LOOP('',(#5745,#5746,#5748,#5749));
#5751=FACE_OUTER_BOUND('',#5750,.F.);
#5752=ADVANCED_FACE('',(#5751),#5744,.T.);
#5753=FILL_AREA_STYLE_COLOUR('',#37);
#5754=FILL_AREA_STYLE('',(#5753));
#5755=SURFACE_STYLE_FILL_AREA(#5754);
#5756=SURFACE_SIDE_STYLE('',(#5755));
#5757=SURFACE_STYLE_USAGE(.POSITIVE.,#5756);
#5758=PRESENTATION_STYLE_ASSIGNMENT((#5757));
#5759=STYLED_ITEM('',(#5758),#5752);
#5760=CARTESIAN_POINT('',(1.82E0,0.E0,0.E0));
#5761=DIRECTION('',(-1.E0,0.E0,0.E0));
#5762=DIRECTION('',(0.E0,-1.E0,0.E0));
#5763=AXIS2_PLACEMENT_3D('',#5760,#5761,#5762);
#5764=PLANE('',#5763);
#5765=ORIENTED_EDGE('',*,*,#5728,.F.);
#5766=ORIENTED_EDGE('',*,*,#5707,.F.);
#5767=ORIENTED_EDGE('',*,*,#5608,.F.);
#5768=ORIENTED_EDGE('',*,*,#5475,.F.);
#5770=ORIENTED_EDGE('',*,*,#5769,.T.);
#5772=ORIENTED_EDGE('',*,*,#5771,.T.);
#5774=ORIENTED_EDGE('',*,*,#5773,.T.);
#5775=ORIENTED_EDGE('',*,*,#5431,.F.);
#5776=ORIENTED_EDGE('',*,*,#5655,.T.);
#5777=ORIENTED_EDGE('',*,*,#5747,.F.);
#5778=EDGE_LOOP('',(#5765,#5766,#5767,#5768,#5770,#5772,#5774,#5775,#5776,
#5777));
#5779=FACE_OUTER_BOUND('',#5778,.F.);
#5780=ADVANCED_FACE('',(#5779),#5764,.F.);
#5781=FILL_AREA_STYLE_COLOUR('',#17);
#5782=FILL_AREA_STYLE('',(#5781));
#5783=SURFACE_STYLE_FILL_AREA(#5782);
#5784=SURFACE_SIDE_STYLE('',(#5783));
#5785=SURFACE_STYLE_USAGE(.POSITIVE.,#5784);
#5786=PRESENTATION_STYLE_ASSIGNMENT((#5785));
#5787=STYLED_ITEM('',(#5786),#5780);
#5788=CARTESIAN_POINT('',(2.E0,4.25E-1,1.28E0));
#5789=DIRECTION('',(0.E0,-1.E0,0.E0));
#5790=DIRECTION('',(0.E0,0.E0,-1.E0));
#5791=AXIS2_PLACEMENT_3D('',#5788,#5789,#5790);
#5792=PLANE('',#5791);
#5793=ORIENTED_EDGE('',*,*,#5769,.F.);
#5794=ORIENTED_EDGE('',*,*,#5473,.F.);
#5796=ORIENTED_EDGE('',*,*,#5795,.T.);
#5798=ORIENTED_EDGE('',*,*,#5797,.T.);
#5799=EDGE_LOOP('',(#5793,#5794,#5796,#5798));
#5800=FACE_OUTER_BOUND('',#5799,.F.);
#5801=ADVANCED_FACE('',(#5800),#5792,.T.);
#5802=FILL_AREA_STYLE_COLOUR('',#17);
#5803=FILL_AREA_STYLE('',(#5802));
#5804=SURFACE_STYLE_FILL_AREA(#5803);
#5805=SURFACE_SIDE_STYLE('',(#5804));
#5806=SURFACE_STYLE_USAGE(.POSITIVE.,#5805);
#5807=PRESENTATION_STYLE_ASSIGNMENT((#5806));
#5808=STYLED_ITEM('',(#5807),#5801);
#5809=CARTESIAN_POINT('',(2.E0,-1.45E0,0.E0));
#5810=DIRECTION('',(1.E0,0.E0,0.E0));
#5811=DIRECTION('',(0.E0,1.E0,0.E0));
#5812=AXIS2_PLACEMENT_3D('',#5809,#5810,#5811);
#5813=PLANE('',#5812);
#5815=ORIENTED_EDGE('',*,*,#5814,.F.);
#5817=ORIENTED_EDGE('',*,*,#5816,.F.);
#5819=ORIENTED_EDGE('',*,*,#5818,.F.);
#5821=ORIENTED_EDGE('',*,*,#5820,.T.);
#5823=ORIENTED_EDGE('',*,*,#5822,.F.);
#5825=ORIENTED_EDGE('',*,*,#5824,.F.);
#5826=ORIENTED_EDGE('',*,*,#5435,.T.);
#5828=ORIENTED_EDGE('',*,*,#5827,.T.);
#5830=ORIENTED_EDGE('',*,*,#5829,.F.);
#5831=ORIENTED_EDGE('',*,*,#5795,.F.);
#5832=ORIENTED_EDGE('',*,*,#5471,.T.);
#5834=ORIENTED_EDGE('',*,*,#5833,.F.);
#5836=ORIENTED_EDGE('',*,*,#5835,.F.);
#5838=ORIENTED_EDGE('',*,*,#5837,.F.);
#5840=ORIENTED_EDGE('',*,*,#5839,.F.);
#5842=ORIENTED_EDGE('',*,*,#5841,.T.);
#5843=EDGE_LOOP('',(#5815,#5817,#5819,#5821,#5823,#5825,#5826,#5828,#5830,#5831,
#5832,#5834,#5836,#5838,#5840,#5842));
#5844=FACE_OUTER_BOUND('',#5843,.F.);
#5845=ADVANCED_FACE('',(#5844),#5813,.T.);
#5846=FILL_AREA_STYLE_COLOUR('',#17);
#5847=FILL_AREA_STYLE('',(#5846));
#5848=SURFACE_STYLE_FILL_AREA(#5847);
#5849=SURFACE_SIDE_STYLE('',(#5848));
#5850=SURFACE_STYLE_USAGE(.POSITIVE.,#5849);
#5851=PRESENTATION_STYLE_ASSIGNMENT((#5850));
#5852=STYLED_ITEM('',(#5851),#5845);
#5853=CARTESIAN_POINT('',(2.E0,-7.E-1,1.5E-1));
#5854=DIRECTION('',(0.E0,0.E0,-1.E0));
#5855=DIRECTION('',(0.E0,1.E0,0.E0));
#5856=AXIS2_PLACEMENT_3D('',#5853,#5854,#5855);
#5857=PLANE('',#5856);
#5859=ORIENTED_EDGE('',*,*,#5858,.F.);
#5860=ORIENTED_EDGE('',*,*,#5814,.T.);
#5862=ORIENTED_EDGE('',*,*,#5861,.T.);
#5864=ORIENTED_EDGE('',*,*,#5863,.F.);
#5865=EDGE_LOOP('',(#5859,#5860,#5862,#5864));
#5866=FACE_OUTER_BOUND('',#5865,.F.);
#5867=ADVANCED_FACE('',(#5866),#5857,.T.);
#5868=FILL_AREA_STYLE_COLOUR('',#17);
#5869=FILL_AREA_STYLE('',(#5868));
#5870=SURFACE_STYLE_FILL_AREA(#5869);
#5871=SURFACE_SIDE_STYLE('',(#5870));
#5872=SURFACE_STYLE_USAGE(.POSITIVE.,#5871);
#5873=PRESENTATION_STYLE_ASSIGNMENT((#5872));
#5874=STYLED_ITEM('',(#5873),#5867);
#5875=CARTESIAN_POINT('',(2.E0,-7.E-1,-1.5E-1));
#5876=DIRECTION('',(0.E0,1.E0,0.E0));
#5877=DIRECTION('',(0.E0,0.E0,1.E0));
#5878=AXIS2_PLACEMENT_3D('',#5875,#5876,#5877);
#5879=PLANE('',#5878);
#5881=ORIENTED_EDGE('',*,*,#5880,.F.);
#5883=ORIENTED_EDGE('',*,*,#5882,.F.);
#5884=ORIENTED_EDGE('',*,*,#5816,.T.);
#5885=ORIENTED_EDGE('',*,*,#5858,.T.);
#5886=EDGE_LOOP('',(#5881,#5883,#5884,#5885));
#5887=FACE_OUTER_BOUND('',#5886,.F.);
#5888=ADVANCED_FACE('',(#5887),#5879,.T.);
#5889=FILL_AREA_STYLE_COLOUR('',#17);
#5890=FILL_AREA_STYLE('',(#5889));
#5891=SURFACE_STYLE_FILL_AREA(#5890);
#5892=SURFACE_SIDE_STYLE('',(#5891));
#5893=SURFACE_STYLE_USAGE(.POSITIVE.,#5892);
#5894=PRESENTATION_STYLE_ASSIGNMENT((#5893));
#5895=STYLED_ITEM('',(#5894),#5888);
#5896=CARTESIAN_POINT('',(1.7E0,0.E0,0.E0));
#5897=DIRECTION('',(-1.E0,0.E0,0.E0));
#5898=DIRECTION('',(0.E0,1.E0,0.E0));
#5899=AXIS2_PLACEMENT_3D('',#5896,#5897,#5898);
#5900=PLANE('',#5899);
#5902=ORIENTED_EDGE('',*,*,#5901,.T.);
#5904=ORIENTED_EDGE('',*,*,#5903,.T.);
#5906=ORIENTED_EDGE('',*,*,#5905,.F.);
#5908=ORIENTED_EDGE('',*,*,#5907,.F.);
#5909=ORIENTED_EDGE('',*,*,#5880,.T.);
#5910=ORIENTED_EDGE('',*,*,#5863,.T.);
#5912=ORIENTED_EDGE('',*,*,#5911,.T.);
#5914=ORIENTED_EDGE('',*,*,#5913,.F.);
#5915=EDGE_LOOP('',(#5902,#5904,#5906,#5908,#5909,#5910,#5912,#5914));
#5916=FACE_OUTER_BOUND('',#5915,.F.);
#5917=ADVANCED_FACE('',(#5916),#5900,.F.);
#5918=FILL_AREA_STYLE_COLOUR('',#17);
#5919=FILL_AREA_STYLE('',(#5918));
#5920=SURFACE_STYLE_FILL_AREA(#5919);
#5921=SURFACE_SIDE_STYLE('',(#5920));
#5922=SURFACE_STYLE_USAGE(.POSITIVE.,#5921);
#5923=PRESENTATION_STYLE_ASSIGNMENT((#5922));
#5924=STYLED_ITEM('',(#5923),#5917);
#5925=CARTESIAN_POINT('',(0.E0,6.5E-1,0.E0));
#5926=DIRECTION('',(0.E0,-1.E0,0.E0));
#5927=DIRECTION('',(1.E0,0.E0,0.E0));
#5928=AXIS2_PLACEMENT_3D('',#5925,#5926,#5927);
#5929=PLANE('',#5928);
#5931=ORIENTED_EDGE('',*,*,#5930,.T.);
#5933=ORIENTED_EDGE('',*,*,#5932,.T.);
#5935=ORIENTED_EDGE('',*,*,#5934,.T.);
#5937=ORIENTED_EDGE('',*,*,#5936,.T.);
#5939=ORIENTED_EDGE('',*,*,#5938,.T.);
#5941=ORIENTED_EDGE('',*,*,#5940,.F.);
#5942=EDGE_LOOP('',(#5931,#5933,#5935,#5937,#5939,#5941));
#5943=FACE_OUTER_BOUND('',#5942,.F.);
#5944=ADVANCED_FACE('',(#5943),#5929,.F.);
#5945=FILL_AREA_STYLE_COLOUR('',#37);
#5946=FILL_AREA_STYLE('',(#5945));
#5947=SURFACE_STYLE_FILL_AREA(#5946);
#5948=SURFACE_SIDE_STYLE('',(#5947));
#5949=SURFACE_STYLE_USAGE(.POSITIVE.,#5948);
#5950=PRESENTATION_STYLE_ASSIGNMENT((#5949));
#5951=STYLED_ITEM('',(#5950),#5944);
#5952=CARTESIAN_POINT('',(0.E0,6.5E-1,0.E0));
#5953=DIRECTION('',(0.E0,-1.E0,0.E0));
#5954=DIRECTION('',(1.E0,0.E0,0.E0));
#5955=AXIS2_PLACEMENT_3D('',#5952,#5953,#5954);
#5956=PLANE('',#5955);
#5957=ORIENTED_EDGE('',*,*,#5901,.F.);
#5959=ORIENTED_EDGE('',*,*,#5958,.F.);
#5961=ORIENTED_EDGE('',*,*,#5960,.T.);
#5963=ORIENTED_EDGE('',*,*,#5962,.T.);
#5965=ORIENTED_EDGE('',*,*,#5964,.T.);
#5967=ORIENTED_EDGE('',*,*,#5966,.T.);
#5968=EDGE_LOOP('',(#5957,#5959,#5961,#5963,#5965,#5967));
#5969=FACE_OUTER_BOUND('',#5968,.F.);
#5970=ADVANCED_FACE('',(#5969),#5956,.F.);
#5971=FILL_AREA_STYLE_COLOUR('',#37);
#5972=FILL_AREA_STYLE('',(#5971));
#5973=SURFACE_STYLE_FILL_AREA(#5972);
#5974=SURFACE_SIDE_STYLE('',(#5973));
#5975=SURFACE_STYLE_USAGE(.POSITIVE.,#5974);
#5976=PRESENTATION_STYLE_ASSIGNMENT((#5975));
#5977=STYLED_ITEM('',(#5976),#5970);
#5978=CARTESIAN_POINT('',(-1.7E0,0.E0,0.E0));
#5979=DIRECTION('',(-1.E0,0.E0,0.E0));
#5980=DIRECTION('',(0.E0,1.E0,0.E0));
#5981=AXIS2_PLACEMENT_3D('',#5978,#5979,#5980);
#5982=PLANE('',#5981);
#5983=ORIENTED_EDGE('',*,*,#5930,.F.);
#5985=ORIENTED_EDGE('',*,*,#5984,.T.);
#5987=ORIENTED_EDGE('',*,*,#5986,.F.);
#5989=ORIENTED_EDGE('',*,*,#5988,.F.);
#5991=ORIENTED_EDGE('',*,*,#5990,.F.);
#5993=ORIENTED_EDGE('',*,*,#5992,.T.);
#5995=ORIENTED_EDGE('',*,*,#5994,.T.);
#5997=ORIENTED_EDGE('',*,*,#5996,.F.);
#5998=EDGE_LOOP('',(#5983,#5985,#5987,#5989,#5991,#5993,#5995,#5997));
#5999=FACE_OUTER_BOUND('',#5998,.F.);
#6000=ADVANCED_FACE('',(#5999),#5982,.T.);
#6001=FILL_AREA_STYLE_COLOUR('',#17);
#6002=FILL_AREA_STYLE('',(#6001));
#6003=SURFACE_STYLE_FILL_AREA(#6002);
#6004=SURFACE_SIDE_STYLE('',(#6003));
#6005=SURFACE_STYLE_USAGE(.POSITIVE.,#6004);
#6006=PRESENTATION_STYLE_ASSIGNMENT((#6005));
#6007=STYLED_ITEM('',(#6006),#6000);
#6008=CARTESIAN_POINT('',(0.E0,0.E0,0.E0));
#6009=DIRECTION('',(0.E0,0.E0,1.E0));
#6010=DIRECTION('',(1.E0,0.E0,0.E0));
#6011=AXIS2_PLACEMENT_3D('',#6008,#6009,#6010);
#6012=PLANE('',#6011);
#6013=ORIENTED_EDGE('',*,*,#5992,.F.);
#6015=ORIENTED_EDGE('',*,*,#6014,.F.);
#6017=ORIENTED_EDGE('',*,*,#6016,.T.);
#6019=ORIENTED_EDGE('',*,*,#6018,.T.);
#6021=ORIENTED_EDGE('',*,*,#6020,.F.);
#6023=ORIENTED_EDGE('',*,*,#6022,.F.);
#6025=ORIENTED_EDGE('',*,*,#6024,.T.);
#6027=ORIENTED_EDGE('',*,*,#6026,.T.);
#6029=ORIENTED_EDGE('',*,*,#6028,.F.);
#6031=ORIENTED_EDGE('',*,*,#6030,.F.);
#6032=ORIENTED_EDGE('',*,*,#5818,.T.);
#6033=ORIENTED_EDGE('',*,*,#5882,.T.);
#6034=ORIENTED_EDGE('',*,*,#5907,.T.);
#6036=ORIENTED_EDGE('',*,*,#6035,.F.);
#6038=ORIENTED_EDGE('',*,*,#6037,.F.);
#6039=ORIENTED_EDGE('',*,*,#5958,.T.);
#6040=ORIENTED_EDGE('',*,*,#5913,.T.);
#6042=ORIENTED_EDGE('',*,*,#6041,.F.);
#6043=ORIENTED_EDGE('',*,*,#5839,.T.);
#6045=ORIENTED_EDGE('',*,*,#6044,.T.);
#6047=ORIENTED_EDGE('',*,*,#6046,.F.);
#6049=ORIENTED_EDGE('',*,*,#6048,.F.);
#6051=ORIENTED_EDGE('',*,*,#6050,.T.);
#6053=ORIENTED_EDGE('',*,*,#6052,.T.);
#6055=ORIENTED_EDGE('',*,*,#6054,.F.);
#6057=ORIENTED_EDGE('',*,*,#6056,.F.);
#6059=ORIENTED_EDGE('',*,*,#6058,.T.);
#6061=ORIENTED_EDGE('',*,*,#6060,.T.);
#6062=ORIENTED_EDGE('',*,*,#5984,.F.);
#6063=ORIENTED_EDGE('',*,*,#5940,.T.);
#6065=ORIENTED_EDGE('',*,*,#6064,.T.);
#6067=ORIENTED_EDGE('',*,*,#6066,.F.);
#6068=EDGE_LOOP('',(#6013,#6015,#6017,#6019,#6021,#6023,#6025,#6027,#6029,#6031,
#6032,#6033,#6034,#6036,#6038,#6039,#6040,#6042,#6043,#6045,#6047,#6049,#6051,
#6053,#6055,#6057,#6059,#6061,#6062,#6063,#6065,#6067));
#6069=FACE_OUTER_BOUND('',#6068,.F.);
#6071=ORIENTED_EDGE('',*,*,#6070,.T.);
#6073=ORIENTED_EDGE('',*,*,#6072,.T.);
#6075=ORIENTED_EDGE('',*,*,#6074,.T.);
#6077=ORIENTED_EDGE('',*,*,#6076,.T.);
#6078=EDGE_LOOP('',(#6071,#6073,#6075,#6077));
#6079=FACE_BOUND('',#6078,.F.);
#6081=ORIENTED_EDGE('',*,*,#6080,.T.);
#6083=ORIENTED_EDGE('',*,*,#6082,.T.);
#6085=ORIENTED_EDGE('',*,*,#6084,.T.);
#6087=ORIENTED_EDGE('',*,*,#6086,.T.);
#6089=ORIENTED_EDGE('',*,*,#6088,.T.);
#6091=ORIENTED_EDGE('',*,*,#6090,.T.);
#6092=EDGE_LOOP('',(#6081,#6083,#6085,#6087,#6089,#6091));
#6093=FACE_BOUND('',#6092,.F.);
#6095=ORIENTED_EDGE('',*,*,#6094,.T.);
#6097=ORIENTED_EDGE('',*,*,#6096,.T.);
#6099=ORIENTED_EDGE('',*,*,#6098,.T.);
#6101=ORIENTED_EDGE('',*,*,#6100,.T.);
#6103=ORIENTED_EDGE('',*,*,#6102,.T.);
#6105=ORIENTED_EDGE('',*,*,#6104,.T.);
#6107=ORIENTED_EDGE('',*,*,#6106,.T.);
#6109=ORIENTED_EDGE('',*,*,#6108,.T.);
#6111=ORIENTED_EDGE('',*,*,#6110,.T.);
#6113=ORIENTED_EDGE('',*,*,#6112,.T.);
#6115=ORIENTED_EDGE('',*,*,#6114,.T.);
#6117=ORIENTED_EDGE('',*,*,#6116,.T.);
#6119=ORIENTED_EDGE('',*,*,#6118,.T.);
#6121=ORIENTED_EDGE('',*,*,#6120,.T.);
#6123=ORIENTED_EDGE('',*,*,#6122,.T.);
#6125=ORIENTED_EDGE('',*,*,#6124,.T.);
#6127=ORIENTED_EDGE('',*,*,#6126,.T.);
#6129=ORIENTED_EDGE('',*,*,#6128,.T.);
#6131=ORIENTED_EDGE('',*,*,#6130,.T.);
#6133=ORIENTED_EDGE('',*,*,#6132,.T.);
#6135=ORIENTED_EDGE('',*,*,#6134,.T.);
#6137=ORIENTED_EDGE('',*,*,#6136,.T.);
#6139=ORIENTED_EDGE('',*,*,#6138,.T.);
#6141=ORIENTED_EDGE('',*,*,#6140,.T.);
#6143=ORIENTED_EDGE('',*,*,#6142,.T.);
#6145=ORIENTED_EDGE('',*,*,#6144,.T.);
#6147=ORIENTED_EDGE('',*,*,#6146,.T.);
#6149=ORIENTED_EDGE('',*,*,#6148,.T.);
#6151=ORIENTED_EDGE('',*,*,#6150,.T.);
#6153=ORIENTED_EDGE('',*,*,#6152,.T.);
#6155=ORIENTED_EDGE('',*,*,#6154,.T.);
#6157=ORIENTED_EDGE('',*,*,#6156,.T.);
#6159=ORIENTED_EDGE('',*,*,#6158,.T.);
#6161=ORIENTED_EDGE('',*,*,#6160,.T.);
#6163=ORIENTED_EDGE('',*,*,#6162,.T.);
#6165=ORIENTED_EDGE('',*,*,#6164,.T.);
#6167=ORIENTED_EDGE('',*,*,#6166,.T.);
#6169=ORIENTED_EDGE('',*,*,#6168,.T.);
#6171=ORIENTED_EDGE('',*,*,#6170,.T.);
#6173=ORIENTED_EDGE('',*,*,#6172,.T.);
#6174=EDGE_LOOP('',(#6095,#6097,#6099,#6101,#6103,#6105,#6107,#6109,#6111,#6113,
#6115,#6117,#6119,#6121,#6123,#6125,#6127,#6129,#6131,#6133,#6135,#6137,#6139,
#6141,#6143,#6145,#6147,#6149,#6151,#6153,#6155,#6157,#6159,#6161,#6163,#6165,
#6167,#6169,#6171,#6173));
#6175=FACE_BOUND('',#6174,.F.);
#6177=ORIENTED_EDGE('',*,*,#6176,.T.);
#6179=ORIENTED_EDGE('',*,*,#6178,.T.);
#6181=ORIENTED_EDGE('',*,*,#6180,.T.);
#6183=ORIENTED_EDGE('',*,*,#6182,.T.);
#6185=ORIENTED_EDGE('',*,*,#6184,.T.);
#6187=ORIENTED_EDGE('',*,*,#6186,.T.);
#6189=ORIENTED_EDGE('',*,*,#6188,.T.);
#6191=ORIENTED_EDGE('',*,*,#6190,.T.);
#6193=ORIENTED_EDGE('',*,*,#6192,.T.);
#6195=ORIENTED_EDGE('',*,*,#6194,.T.);
#6197=ORIENTED_EDGE('',*,*,#6196,.T.);
#6199=ORIENTED_EDGE('',*,*,#6198,.T.);
#6200=EDGE_LOOP('',(#6177,#6179,#6181,#6183,#6185,#6187,#6189,#6191,#6193,#6195,
#6197,#6199));
#6201=FACE_BOUND('',#6200,.F.);
#6203=ORIENTED_EDGE('',*,*,#6202,.T.);
#6205=ORIENTED_EDGE('',*,*,#6204,.T.);
#6207=ORIENTED_EDGE('',*,*,#6206,.T.);
#6209=ORIENTED_EDGE('',*,*,#6208,.T.);
#6211=ORIENTED_EDGE('',*,*,#6210,.T.);
#6213=ORIENTED_EDGE('',*,*,#6212,.T.);
#6215=ORIENTED_EDGE('',*,*,#6214,.T.);
#6217=ORIENTED_EDGE('',*,*,#6216,.T.);
#6219=ORIENTED_EDGE('',*,*,#6218,.T.);
#6221=ORIENTED_EDGE('',*,*,#6220,.T.);
#6223=ORIENTED_EDGE('',*,*,#6222,.T.);
#6225=ORIENTED_EDGE('',*,*,#6224,.T.);
#6227=ORIENTED_EDGE('',*,*,#6226,.T.);
#6229=ORIENTED_EDGE('',*,*,#6228,.T.);
#6230=EDGE_LOOP('',(#6203,#6205,#6207,#6209,#6211,#6213,#6215,#6217,#6219,#6221,
#6223,#6225,#6227,#6229));
#6231=FACE_BOUND('',#6230,.F.);
#6233=ORIENTED_EDGE('',*,*,#6232,.T.);
#6235=ORIENTED_EDGE('',*,*,#6234,.T.);
#6237=ORIENTED_EDGE('',*,*,#6236,.T.);
#6239=ORIENTED_EDGE('',*,*,#6238,.T.);
#6241=ORIENTED_EDGE('',*,*,#6240,.T.);
#6243=ORIENTED_EDGE('',*,*,#6242,.T.);
#6245=ORIENTED_EDGE('',*,*,#6244,.T.);
#6247=ORIENTED_EDGE('',*,*,#6246,.T.);
#6248=EDGE_LOOP('',(#6233,#6235,#6237,#6239,#6241,#6243,#6245,#6247));
#6249=FACE_BOUND('',#6248,.F.);
#6250=ADVANCED_FACE('',(#6069,#6079,#6093,#6175,#6201,#6231,#6249),#6012,.F.);
#6251=FILL_AREA_STYLE_COLOUR('',#17);
#6252=FILL_AREA_STYLE('',(#6251));
#6253=SURFACE_STYLE_FILL_AREA(#6252);
#6254=SURFACE_SIDE_STYLE('',(#6253));
#6255=SURFACE_STYLE_USAGE(.POSITIVE.,#6254);
#6256=PRESENTATION_STYLE_ASSIGNMENT((#6255));
#6257=STYLED_ITEM('',(#6256),#6250);
#6258=CARTESIAN_POINT('',(0.E0,0.E0,0.E0));
#6259=DIRECTION('',(0.E0,0.E0,1.E0));
#6260=DIRECTION('',(1.E0,0.E0,0.E0));
#6261=AXIS2_PLACEMENT_3D('',#6258,#6259,#6260);
#6262=PLANE('',#6261);
#6264=ORIENTED_EDGE('',*,*,#6263,.T.);
#6266=ORIENTED_EDGE('',*,*,#6265,.T.);
#6268=ORIENTED_EDGE('',*,*,#6267,.T.);
#6270=ORIENTED_EDGE('',*,*,#6269,.T.);
#6272=ORIENTED_EDGE('',*,*,#6271,.T.);
#6274=ORIENTED_EDGE('',*,*,#6273,.T.);
#6276=ORIENTED_EDGE('',*,*,#6275,.T.);
#6278=ORIENTED_EDGE('',*,*,#6277,.T.);
#6280=ORIENTED_EDGE('',*,*,#6279,.T.);
#6282=ORIENTED_EDGE('',*,*,#6281,.T.);
#6284=ORIENTED_EDGE('',*,*,#6283,.T.);
#6286=ORIENTED_EDGE('',*,*,#6285,.T.);
#6287=EDGE_LOOP('',(#6264,#6266,#6268,#6270,#6272,#6274,#6276,#6278,#6280,#6282,
#6284,#6286));
#6288=FACE_OUTER_BOUND('',#6287,.F.);
#6289=ADVANCED_FACE('',(#6288),#6262,.F.);
#6290=FILL_AREA_STYLE_COLOUR('',#17);
#6291=FILL_AREA_STYLE('',(#6290));
#6292=SURFACE_STYLE_FILL_AREA(#6291);
#6293=SURFACE_SIDE_STYLE('',(#6292));
#6294=SURFACE_STYLE_USAGE(.POSITIVE.,#6293);
#6295=PRESENTATION_STYLE_ASSIGNMENT((#6294));
#6296=STYLED_ITEM('',(#6295),#6289);
#6297=CARTESIAN_POINT('',(0.E0,0.E0,0.E0));
#6298=DIRECTION('',(0.E0,0.E0,1.E0));
#6299=DIRECTION('',(1.E0,0.E0,0.E0));
#6300=AXIS2_PLACEMENT_3D('',#6297,#6298,#6299);
#6301=PLANE('',#6300);
#6303=ORIENTED_EDGE('',*,*,#6302,.T.);
#6305=ORIENTED_EDGE('',*,*,#6304,.T.);
#6307=ORIENTED_EDGE('',*,*,#6306,.T.);
#6308=EDGE_LOOP('',(#6303,#6305,#6307));
#6309=FACE_OUTER_BOUND('',#6308,.F.);
#6310=ADVANCED_FACE('',(#6309),#6301,.F.);
#6311=FILL_AREA_STYLE_COLOUR('',#17);
#6312=FILL_AREA_STYLE('',(#6311));
#6313=SURFACE_STYLE_FILL_AREA(#6312);
#6314=SURFACE_SIDE_STYLE('',(#6313));
#6315=SURFACE_STYLE_USAGE(.POSITIVE.,#6314);
#6316=PRESENTATION_STYLE_ASSIGNMENT((#6315));
#6317=STYLED_ITEM('',(#6316),#6310);
#6318=CARTESIAN_POINT('',(1.163694748225E0,4.902114769375E-1,0.E0));
#6319=DIRECTION('',(0.E0,0.E0,-1.E0));
#6320=DIRECTION('',(1.E0,0.E0,0.E0));
#6321=AXIS2_PLACEMENT_3D('',#6318,#6319,#6320);
#6322=CYLINDRICAL_SURFACE('',#6321,3.5E-1);
#6324=ORIENTED_EDGE('',*,*,#6323,.T.);
#6326=ORIENTED_EDGE('',*,*,#6325,.T.);
#6328=ORIENTED_EDGE('',*,*,#6327,.F.);
#6330=ORIENTED_EDGE('',*,*,#6329,.T.);
#6332=ORIENTED_EDGE('',*,*,#6331,.T.);
#6334=ORIENTED_EDGE('',*,*,#6333,.T.);
#6336=ORIENTED_EDGE('',*,*,#6335,.T.);
#6337=ORIENTED_EDGE('',*,*,#6070,.F.);
#6338=EDGE_LOOP('',(#6324,#6326,#6328,#6330,#6332,#6334,#6336,#6337));
#6339=FACE_OUTER_BOUND('',#6338,.F.);
#6340=ADVANCED_FACE('',(#6339),#6322,.F.);
#6341=FILL_AREA_STYLE_COLOUR('',#17);
#6342=FILL_AREA_STYLE('',(#6341));
#6343=SURFACE_STYLE_FILL_AREA(#6342);
#6344=SURFACE_SIDE_STYLE('',(#6343));
#6345=SURFACE_STYLE_USAGE(.POSITIVE.,#6344);
#6346=PRESENTATION_STYLE_ASSIGNMENT((#6345));
#6347=STYLED_ITEM('',(#6346),#6340);
#6348=CARTESIAN_POINT('',(-1.291490911640E0,-9.678373223773E-2,0.E0));
#6349=DIRECTION('',(-3.651318954713E-1,9.309557985799E-1,0.E0));
#6350=DIRECTION('',(9.309557985799E-1,3.651318954713E-1,0.E0));
#6351=AXIS2_PLACEMENT_3D('',#6348,#6349,#6350);
#6352=PLANE('',#6351);
#6354=ORIENTED_EDGE('',*,*,#6353,.F.);
#6356=ORIENTED_EDGE('',*,*,#6355,.T.);
#6358=ORIENTED_EDGE('',*,*,#6357,.F.);
#6360=ORIENTED_EDGE('',*,*,#6359,.T.);
#6362=ORIENTED_EDGE('',*,*,#6361,.T.);
#6364=ORIENTED_EDGE('',*,*,#6363,.T.);
#6366=ORIENTED_EDGE('',*,*,#6365,.F.);
#6368=ORIENTED_EDGE('',*,*,#6367,.T.);
#6370=ORIENTED_EDGE('',*,*,#6369,.T.);
#6372=ORIENTED_EDGE('',*,*,#6371,.T.);
#6373=ORIENTED_EDGE('',*,*,#6323,.F.);
#6374=ORIENTED_EDGE('',*,*,#6076,.F.);
#6375=EDGE_LOOP('',(#6354,#6356,#6358,#6360,#6362,#6364,#6366,#6368,#6370,#6372,
#6373,#6374));
#6376=FACE_OUTER_BOUND('',#6375,.F.);
#6377=ADVANCED_FACE('',(#6376),#6352,.F.);
#6378=FILL_AREA_STYLE_COLOUR('',#17);
#6379=FILL_AREA_STYLE('',(#6378));
#6380=SURFACE_STYLE_FILL_AREA(#6379);
#6381=SURFACE_SIDE_STYLE('',(#6380));
#6382=SURFACE_STYLE_USAGE(.POSITIVE.,#6381);
#6383=PRESENTATION_STYLE_ASSIGNMENT((#6382));
#6384=STYLED_ITEM('',(#6383),#6377);
#6385=CARTESIAN_POINT('',(-1.163694748225E0,-4.226182617407E-1,0.E0));
#6386=DIRECTION('',(0.E0,0.E0,-1.E0));
#6387=DIRECTION('',(1.E0,0.E0,0.E0));
#6388=AXIS2_PLACEMENT_3D('',#6385,#6386,#6387);
#6389=CYLINDRICAL_SURFACE('',#6388,3.5E-1);
#6391=ORIENTED_EDGE('',*,*,#6390,.T.);
#6393=ORIENTED_EDGE('',*,*,#6392,.T.);
#6395=ORIENTED_EDGE('',*,*,#6394,.T.);
#6396=ORIENTED_EDGE('',*,*,#6353,.T.);
#6397=ORIENTED_EDGE('',*,*,#6074,.F.);
#6399=ORIENTED_EDGE('',*,*,#6398,.T.);
#6401=ORIENTED_EDGE('',*,*,#6400,.T.);
#6403=ORIENTED_EDGE('',*,*,#6402,.F.);
#6404=EDGE_LOOP('',(#6391,#6393,#6395,#6396,#6397,#6399,#6401,#6403));
#6405=FACE_OUTER_BOUND('',#6404,.F.);
#6406=ADVANCED_FACE('',(#6405),#6389,.F.);
#6407=FILL_AREA_STYLE_COLOUR('',#17);
#6408=FILL_AREA_STYLE('',(#6407));
#6409=SURFACE_STYLE_FILL_AREA(#6408);
#6410=SURFACE_SIDE_STYLE('',(#6409));
#6411=SURFACE_STYLE_USAGE(.POSITIVE.,#6410);
#6412=PRESENTATION_STYLE_ASSIGNMENT((#6411));
#6413=STYLED_ITEM('',(#6412),#6406);
#6414=CARTESIAN_POINT('',(0.E0,0.E0,5.E-2));
#6415=DIRECTION('',(0.E0,0.E0,-1.E0));
#6416=DIRECTION('',(1.E0,0.E0,0.E0));
#6417=AXIS2_PLACEMENT_3D('',#6414,#6415,#6416);
#6418=PLANE('',#6417);
#6420=ORIENTED_EDGE('',*,*,#6419,.T.);
#6422=ORIENTED_EDGE('',*,*,#6421,.T.);
#6424=ORIENTED_EDGE('',*,*,#6423,.F.);
#6426=ORIENTED_EDGE('',*,*,#6425,.T.);
#6428=ORIENTED_EDGE('',*,*,#6427,.T.);
#6429=ORIENTED_EDGE('',*,*,#6329,.F.);
#6431=ORIENTED_EDGE('',*,*,#6430,.T.);
#6433=ORIENTED_EDGE('',*,*,#6432,.T.);
#6434=ORIENTED_EDGE('',*,*,#6367,.F.);
#6436=ORIENTED_EDGE('',*,*,#6435,.T.);
#6438=ORIENTED_EDGE('',*,*,#6437,.T.);
#6440=ORIENTED_EDGE('',*,*,#6439,.T.);
#6441=ORIENTED_EDGE('',*,*,#6359,.F.);
#6443=ORIENTED_EDGE('',*,*,#6442,.T.);
#6445=ORIENTED_EDGE('',*,*,#6444,.T.);
#6446=ORIENTED_EDGE('',*,*,#6390,.F.);
#6448=ORIENTED_EDGE('',*,*,#6447,.T.);
#6450=ORIENTED_EDGE('',*,*,#6449,.T.);
#6452=ORIENTED_EDGE('',*,*,#6451,.F.);
#6454=ORIENTED_EDGE('',*,*,#6453,.T.);
#6455=EDGE_LOOP('',(#6420,#6422,#6424,#6426,#6428,#6429,#6431,#6433,#6434,#6436,
#6438,#6440,#6441,#6443,#6445,#6446,#6448,#6450,#6452,#6454));
#6456=FACE_OUTER_BOUND('',#6455,.F.);
#6457=ADVANCED_FACE('',(#6456),#6418,.T.);
#6458=FILL_AREA_STYLE_COLOUR('',#17);
#6459=FILL_AREA_STYLE('',(#6458));
#6460=SURFACE_STYLE_FILL_AREA(#6459);
#6461=SURFACE_SIDE_STYLE('',(#6460));
#6462=SURFACE_STYLE_USAGE(.POSITIVE.,#6461);
#6463=PRESENTATION_STYLE_ASSIGNMENT((#6462));
#6464=STYLED_ITEM('',(#6463),#6457);
#6465=CARTESIAN_POINT('',(-1.962257600979E-1,-1.505819461274E-1,5.E-2));
#6466=DIRECTION('',(-3.651318954713E-1,9.309557985799E-1,0.E0));
#6467=DIRECTION('',(9.309557985799E-1,3.651318954713E-1,0.E0));
#6468=AXIS2_PLACEMENT_3D('',#6465,#6466,#6467);
#6469=PLANE('',#6468);
#6470=ORIENTED_EDGE('',*,*,#6419,.F.);
#6472=ORIENTED_EDGE('',*,*,#6471,.T.);
#6474=ORIENTED_EDGE('',*,*,#6473,.T.);
#6476=ORIENTED_EDGE('',*,*,#6475,.F.);
#6477=EDGE_LOOP('',(#6470,#6472,#6474,#6476));
#6478=FACE_OUTER_BOUND('',#6477,.F.);
#6479=ADVANCED_FACE('',(#6478),#6469,.F.);
#6480=FILL_AREA_STYLE_COLOUR('',#17);
#6481=FILL_AREA_STYLE('',(#6480));
#6482=SURFACE_STYLE_FILL_AREA(#6481);
#6483=SURFACE_SIDE_STYLE('',(#6482));
#6484=SURFACE_STYLE_USAGE(.POSITIVE.,#6483);
#6485=PRESENTATION_STYLE_ASSIGNMENT((#6484));
#6486=STYLED_ITEM('',(#6485),#6479);
#6487=CARTESIAN_POINT('',(-1.049427862300E-1,-3.833208957724E-1,5.E-2));
#6488=DIRECTION('',(-9.309557985799E-1,-3.651318954713E-1,0.E0));
#6489=DIRECTION('',(-3.651318954713E-1,9.309557985799E-1,0.E0));
#6490=AXIS2_PLACEMENT_3D('',#6487,#6488,#6489);
#6491=PLANE('',#6490);
#6492=ORIENTED_EDGE('',*,*,#6453,.F.);
#6494=ORIENTED_EDGE('',*,*,#6493,.T.);
#6496=ORIENTED_EDGE('',*,*,#6495,.T.);
#6497=ORIENTED_EDGE('',*,*,#6471,.F.);
#6498=EDGE_LOOP('',(#6492,#6494,#6496,#6497));
#6499=FACE_OUTER_BOUND('',#6498,.F.);
#6500=ADVANCED_FACE('',(#6499),#6491,.F.);
#6501=FILL_AREA_STYLE_COLOUR('',#17);
#6502=FILL_AREA_STYLE('',(#6501));
#6503=SURFACE_STYLE_FILL_AREA(#6502);
#6504=SURFACE_SIDE_STYLE('',(#6503));
#6505=SURFACE_STYLE_USAGE(.POSITIVE.,#6504);
#6506=PRESENTATION_STYLE_ASSIGNMENT((#6505));
#6507=STYLED_ITEM('',(#6506),#6500);
#6508=CARTESIAN_POINT('',(1.291490911640E0,1.643769474345E-1,0.E0));
#6509=DIRECTION('',(3.651318954713E-1,-9.309557985799E-1,0.E0));
#6510=DIRECTION('',(-9.309557985799E-1,-3.651318954713E-1,0.E0));
#6511=AXIS2_PLACEMENT_3D('',#6508,#6509,#6510);
#6512=PLANE('',#6511);
#6513=ORIENTED_EDGE('',*,*,#6451,.T.);
#6515=ORIENTED_EDGE('',*,*,#6514,.T.);
#6517=ORIENTED_EDGE('',*,*,#6516,.T.);
#6518=ORIENTED_EDGE('',*,*,#6398,.F.);
#6519=ORIENTED_EDGE('',*,*,#6072,.F.);
#6520=ORIENTED_EDGE('',*,*,#6335,.F.);
#6522=ORIENTED_EDGE('',*,*,#6521,.T.);
#6524=ORIENTED_EDGE('',*,*,#6523,.F.);
#6525=ORIENTED_EDGE('',*,*,#6423,.T.);
#6527=ORIENTED_EDGE('',*,*,#6526,.T.);
#6529=ORIENTED_EDGE('',*,*,#6528,.T.);
#6530=ORIENTED_EDGE('',*,*,#6493,.F.);
#6531=EDGE_LOOP('',(#6513,#6515,#6517,#6518,#6519,#6520,#6522,#6524,#6525,#6527,
#6529,#6530));
#6532=FACE_OUTER_BOUND('',#6531,.F.);
#6533=ADVANCED_FACE('',(#6532),#6512,.F.);
#6534=FILL_AREA_STYLE_COLOUR('',#17);
#6535=FILL_AREA_STYLE('',(#6534));
#6536=SURFACE_STYLE_FILL_AREA(#6535);
#6537=SURFACE_SIDE_STYLE('',(#6536));
#6538=SURFACE_STYLE_USAGE(.POSITIVE.,#6537);
#6539=PRESENTATION_STYLE_ASSIGNMENT((#6538));
#6540=STYLED_ITEM('',(#6539),#6533);
#6541=CARTESIAN_POINT('',(-9.690121684990E-1,-4.536779325581E-1,5.E-2));
#6542=DIRECTION('',(9.309557985799E-1,3.651318954713E-1,0.E0));
#6543=DIRECTION('',(3.651318954713E-1,-9.309557985799E-1,0.E0));
#6544=AXIS2_PLACEMENT_3D('',#6541,#6542,#6543);
#6545=PLANE('',#6544);
#6546=ORIENTED_EDGE('',*,*,#6449,.F.);
#6548=ORIENTED_EDGE('',*,*,#6547,.T.);
#6550=ORIENTED_EDGE('',*,*,#6549,.T.);
#6551=ORIENTED_EDGE('',*,*,#6514,.F.);
#6552=EDGE_LOOP('',(#6546,#6548,#6550,#6551));
#6553=FACE_OUTER_BOUND('',#6552,.F.);
#6554=ADVANCED_FACE('',(#6553),#6545,.F.);
#6555=FILL_AREA_STYLE_COLOUR('',#17);
#6556=FILL_AREA_STYLE('',(#6555));
#6557=SURFACE_STYLE_FILL_AREA(#6556);
#6558=SURFACE_SIDE_STYLE('',(#6557));
#6559=SURFACE_STYLE_USAGE(.POSITIVE.,#6558);
#6560=PRESENTATION_STYLE_ASSIGNMENT((#6559));
#6561=STYLED_ITEM('',(#6560),#6554);
#6562=CARTESIAN_POINT('',(-1.439433626129E0,-6.381828024528E-1,5.E-2));
#6563=DIRECTION('',(-3.651318954713E-1,9.309557985799E-1,0.E0));
#6564=DIRECTION('',(9.309557985799E-1,3.651318954713E-1,0.E0));
#6565=AXIS2_PLACEMENT_3D('',#6562,#6563,#6564);
#6566=PLANE('',#6565);
#6567=ORIENTED_EDGE('',*,*,#6447,.F.);
#6568=ORIENTED_EDGE('',*,*,#6402,.T.);
#6570=ORIENTED_EDGE('',*,*,#6569,.T.);
#6571=ORIENTED_EDGE('',*,*,#6547,.F.);
#6572=EDGE_LOOP('',(#6567,#6568,#6570,#6571));
#6573=FACE_OUTER_BOUND('',#6572,.F.);
#6574=ADVANCED_FACE('',(#6573),#6566,.F.);
#6575=FILL_AREA_STYLE_COLOUR('',#17);
#6576=FILL_AREA_STYLE('',(#6575));
#6577=SURFACE_STYLE_FILL_AREA(#6576);
#6578=SURFACE_SIDE_STYLE('',(#6577));
#6579=SURFACE_STYLE_USAGE(.POSITIVE.,#6578);
#6580=PRESENTATION_STYLE_ASSIGNMENT((#6579));
#6581=STYLED_ITEM('',(#6580),#6574);
#6582=CARTESIAN_POINT('',(0.E0,0.E0,1.5E-1));
#6583=DIRECTION('',(0.E0,0.E0,-1.E0));
#6584=DIRECTION('',(1.E0,0.E0,0.E0));
#6585=AXIS2_PLACEMENT_3D('',#6582,#6583,#6584);
#6586=PLANE('',#6585);
#6587=ORIENTED_EDGE('',*,*,#6473,.F.);
#6588=ORIENTED_EDGE('',*,*,#6495,.F.);
#6589=ORIENTED_EDGE('',*,*,#6528,.F.);
#6591=ORIENTED_EDGE('',*,*,#6590,.F.);
#6592=EDGE_LOOP('',(#6587,#6588,#6589,#6591));
#6593=FACE_OUTER_BOUND('',#6592,.F.);
#6594=ADVANCED_FACE('',(#6593),#6586,.T.);
#6595=FILL_AREA_STYLE_COLOUR('',#17);
#6596=FILL_AREA_STYLE('',(#6595));
#6597=SURFACE_STYLE_FILL_AREA(#6596);
#6598=SURFACE_SIDE_STYLE('',(#6597));
#6599=SURFACE_STYLE_USAGE(.POSITIVE.,#6598);
#6600=PRESENTATION_STYLE_ASSIGNMENT((#6599));
#6601=STYLED_ITEM('',(#6600),#6594);
#6602=CARTESIAN_POINT('',(0.E0,0.E0,1.5E-1));
#6603=DIRECTION('',(0.E0,0.E0,-1.E0));
#6604=DIRECTION('',(1.E0,0.E0,0.E0));
#6605=AXIS2_PLACEMENT_3D('',#6602,#6603,#6604);
#6606=PLANE('',#6605);
#6608=ORIENTED_EDGE('',*,*,#6607,.F.);
#6610=ORIENTED_EDGE('',*,*,#6609,.F.);
#6612=ORIENTED_EDGE('',*,*,#6611,.F.);
#6613=ORIENTED_EDGE('',*,*,#6363,.F.);
#6614=EDGE_LOOP('',(#6608,#6610,#6612,#6613));
#6615=FACE_OUTER_BOUND('',#6614,.F.);
#6616=ADVANCED_FACE('',(#6615),#6606,.T.);
#6617=FILL_AREA_STYLE_COLOUR('',#17);
#6618=FILL_AREA_STYLE('',(#6617));
#6619=SURFACE_STYLE_FILL_AREA(#6618);
#6620=SURFACE_SIDE_STYLE('',(#6619));
#6621=SURFACE_STYLE_USAGE(.POSITIVE.,#6620);
#6622=PRESENTATION_STYLE_ASSIGNMENT((#6621));
#6623=STYLED_ITEM('',(#6622),#6616);
#6624=CARTESIAN_POINT('',(0.E0,0.E0,1.5E-1));
#6625=DIRECTION('',(0.E0,0.E0,-1.E0));
#6626=DIRECTION('',(1.E0,0.E0,0.E0));
#6627=AXIS2_PLACEMENT_3D('',#6624,#6625,#6626);
#6628=PLANE('',#6627);
#6629=ORIENTED_EDGE('',*,*,#6516,.F.);
#6630=ORIENTED_EDGE('',*,*,#6549,.F.);
#6631=ORIENTED_EDGE('',*,*,#6569,.F.);
#6632=ORIENTED_EDGE('',*,*,#6400,.F.);
#6633=EDGE_LOOP('',(#6629,#6630,#6631,#6632));
#6634=FACE_OUTER_BOUND('',#6633,.F.);
#6635=ADVANCED_FACE('',(#6634),#6628,.T.);
#6636=FILL_AREA_STYLE_COLOUR('',#17);
#6637=FILL_AREA_STYLE('',(#6636));
#6638=SURFACE_STYLE_FILL_AREA(#6637);
#6639=SURFACE_SIDE_STYLE('',(#6638));
#6640=SURFACE_STYLE_USAGE(.POSITIVE.,#6639);
#6641=PRESENTATION_STYLE_ASSIGNMENT((#6640));
#6642=STYLED_ITEM('',(#6641),#6635);
#6643=CARTESIAN_POINT('',(0.E0,0.E0,1.5E-1));
#6644=DIRECTION('',(0.E0,0.E0,-1.E0));
#6645=DIRECTION('',(1.E0,0.E0,0.E0));
#6646=AXIS2_PLACEMENT_3D('',#6643,#6644,#6645);
#6647=PLANE('',#6646);
#6649=ORIENTED_EDGE('',*,*,#6648,.F.);
#6650=ORIENTED_EDGE('',*,*,#6355,.F.);
#6651=ORIENTED_EDGE('',*,*,#6394,.F.);
#6653=ORIENTED_EDGE('',*,*,#6652,.F.);
#6654=EDGE_LOOP('',(#6649,#6650,#6651,#6653));
#6655=FACE_OUTER_BOUND('',#6654,.F.);
#6656=ADVANCED_FACE('',(#6655),#6647,.T.);
#6657=FILL_AREA_STYLE_COLOUR('',#17);
#6658=FILL_AREA_STYLE('',(#6657));
#6659=SURFACE_STYLE_FILL_AREA(#6658);
#6660=SURFACE_SIDE_STYLE('',(#6659));
#6661=SURFACE_STYLE_USAGE(.POSITIVE.,#6660);
#6662=PRESENTATION_STYLE_ASSIGNMENT((#6661));
#6663=STYLED_ITEM('',(#6662),#6656);
#6664=CARTESIAN_POINT('',(0.E0,0.E0,1.5E-1));
#6665=DIRECTION('',(0.E0,0.E0,-1.E0));
#6666=DIRECTION('',(1.E0,0.E0,0.E0));
#6667=AXIS2_PLACEMENT_3D('',#6664,#6665,#6666);
#6668=PLANE('',#6667);
#6670=ORIENTED_EDGE('',*,*,#6669,.F.);
#6671=ORIENTED_EDGE('',*,*,#6521,.F.);
#6672=ORIENTED_EDGE('',*,*,#6333,.F.);
#6674=ORIENTED_EDGE('',*,*,#6673,.F.);
#6675=EDGE_LOOP('',(#6670,#6671,#6672,#6674));
#6676=FACE_OUTER_BOUND('',#6675,.F.);
#6677=ADVANCED_FACE('',(#6676),#6668,.T.);
#6678=FILL_AREA_STYLE_COLOUR('',#17);
#6679=FILL_AREA_STYLE('',(#6678));
#6680=SURFACE_STYLE_FILL_AREA(#6679);
#6681=SURFACE_SIDE_STYLE('',(#6680));
#6682=SURFACE_STYLE_USAGE(.POSITIVE.,#6681);
#6683=PRESENTATION_STYLE_ASSIGNMENT((#6682));
#6684=STYLED_ITEM('',(#6683),#6677);
#6685=CARTESIAN_POINT('',(0.E0,0.E0,1.5E-1));
#6686=DIRECTION('',(0.E0,0.E0,-1.E0));
#6687=DIRECTION('',(1.E0,0.E0,0.E0));
#6688=AXIS2_PLACEMENT_3D('',#6685,#6686,#6687);
#6689=PLANE('',#6688);
#6690=ORIENTED_EDGE('',*,*,#6371,.F.);
#6692=ORIENTED_EDGE('',*,*,#6691,.F.);
#6694=ORIENTED_EDGE('',*,*,#6693,.F.);
#6695=ORIENTED_EDGE('',*,*,#6325,.F.);
#6696=EDGE_LOOP('',(#6690,#6692,#6694,#6695));
#6697=FACE_OUTER_BOUND('',#6696,.F.);
#6698=ADVANCED_FACE('',(#6697),#6689,.T.);
#6699=FILL_AREA_STYLE_COLOUR('',#17);
#6700=FILL_AREA_STYLE('',(#6699));
#6701=SURFACE_STYLE_FILL_AREA(#6700);
#6702=SURFACE_SIDE_STYLE('',(#6701));
#6703=SURFACE_STYLE_USAGE(.POSITIVE.,#6702);
#6704=PRESENTATION_STYLE_ASSIGNMENT((#6703));
#6705=STYLED_ITEM('',(#6704),#6698);
#6706=CARTESIAN_POINT('',(2.692521391921E-1,3.198400160821E-2,5.E-2));
#6707=DIRECTION('',(9.309557985799E-1,3.651318954713E-1,0.E0));
#6708=DIRECTION('',(3.651318954713E-1,-9.309557985799E-1,0.E0));
#6709=AXIS2_PLACEMENT_3D('',#6706,#6707,#6708);
#6710=PLANE('',#6709);
#6711=ORIENTED_EDGE('',*,*,#6421,.F.);
#6712=ORIENTED_EDGE('',*,*,#6475,.T.);
#6713=ORIENTED_EDGE('',*,*,#6590,.T.);
#6714=ORIENTED_EDGE('',*,*,#6526,.F.);
#6715=EDGE_LOOP('',(#6711,#6712,#6713,#6714));
#6716=FACE_OUTER_BOUND('',#6715,.F.);
#6717=ADVANCED_FACE('',(#6716),#6710,.F.);
#6718=FILL_AREA_STYLE_COLOUR('',#17);
#6719=FILL_AREA_STYLE('',(#6718));
#6720=SURFACE_STYLE_FILL_AREA(#6719);
#6721=SURFACE_SIDE_STYLE('',(#6720));
#6722=SURFACE_STYLE_USAGE(.POSITIVE.,#6721);
#6723=PRESENTATION_STYLE_ASSIGNMENT((#6722));
#6724=STYLED_ITEM('',(#6723),#6717);
#6725=CARTESIAN_POINT('',(-2.692521391921E-1,3.560921358856E-2,5.E-2));
#6726=DIRECTION('',(-9.309557985799E-1,-3.651318954713E-1,0.E0));
#6727=DIRECTION('',(-3.651318954713E-1,9.309557985799E-1,0.E0));
#6728=AXIS2_PLACEMENT_3D('',#6725,#6726,#6727);
#6729=PLANE('',#6728);
#6730=ORIENTED_EDGE('',*,*,#6439,.F.);
#6732=ORIENTED_EDGE('',*,*,#6731,.T.);
#6733=ORIENTED_EDGE('',*,*,#6607,.T.);
#6734=ORIENTED_EDGE('',*,*,#6361,.F.);
#6735=EDGE_LOOP('',(#6730,#6732,#6733,#6734));
#6736=FACE_OUTER_BOUND('',#6735,.F.);
#6737=ADVANCED_FACE('',(#6736),#6729,.F.);
#6738=FILL_AREA_STYLE_COLOUR('',#17);
#6739=FILL_AREA_STYLE('',(#6738));
#6740=SURFACE_STYLE_FILL_AREA(#6739);
#6741=SURFACE_SIDE_STYLE('',(#6740));
#6742=SURFACE_STYLE_USAGE(.POSITIVE.,#6741);
#6743=PRESENTATION_STYLE_ASSIGNMENT((#6742));
#6744=STYLED_ITEM('',(#6743),#6737);
#6745=CARTESIAN_POINT('',(1.962257600979E-1,2.181751613242E-1,5.E-2));
#6746=DIRECTION('',(3.651318954713E-1,-9.309557985799E-1,0.E0));
#6747=DIRECTION('',(-9.309557985799E-1,-3.651318954713E-1,0.E0));
#6748=AXIS2_PLACEMENT_3D('',#6745,#6746,#6747);
#6749=PLANE('',#6748);
#6750=ORIENTED_EDGE('',*,*,#6437,.F.);
#6752=ORIENTED_EDGE('',*,*,#6751,.T.);
#6753=ORIENTED_EDGE('',*,*,#6609,.T.);
#6754=ORIENTED_EDGE('',*,*,#6731,.F.);
#6755=EDGE_LOOP('',(#6750,#6752,#6753,#6754));
#6756=FACE_OUTER_BOUND('',#6755,.F.);
#6757=ADVANCED_FACE('',(#6756),#6749,.F.);
#6758=FILL_AREA_STYLE_COLOUR('',#17);
#6759=FILL_AREA_STYLE('',(#6758));
#6760=SURFACE_STYLE_FILL_AREA(#6759);
#6761=SURFACE_SIDE_STYLE('',(#6760));
#6762=SURFACE_STYLE_USAGE(.POSITIVE.,#6761);
#6763=PRESENTATION_STYLE_ASSIGNMENT((#6762));
#6764=STYLED_ITEM('',(#6763),#6757);
#6765=CARTESIAN_POINT('',(1.049427862300E-1,4.509141109692E-1,5.E-2));
#6766=DIRECTION('',(9.309557985799E-1,3.651318954713E-1,0.E0));
#6767=DIRECTION('',(3.651318954713E-1,-9.309557985799E-1,0.E0));
#6768=AXIS2_PLACEMENT_3D('',#6765,#6766,#6767);
#6769=PLANE('',#6768);
#6770=ORIENTED_EDGE('',*,*,#6435,.F.);
#6771=ORIENTED_EDGE('',*,*,#6365,.T.);
#6772=ORIENTED_EDGE('',*,*,#6611,.T.);
#6773=ORIENTED_EDGE('',*,*,#6751,.F.);
#6774=EDGE_LOOP('',(#6770,#6771,#6772,#6773));
#6775=FACE_OUTER_BOUND('',#6774,.F.);
#6776=ADVANCED_FACE('',(#6775),#6769,.F.);
#6777=FILL_AREA_STYLE_COLOUR('',#17);
#6778=FILL_AREA_STYLE('',(#6777));
#6779=SURFACE_STYLE_FILL_AREA(#6778);
#6780=SURFACE_SIDE_STYLE('',(#6779));
#6781=SURFACE_STYLE_USAGE(.POSITIVE.,#6780);
#6782=PRESENTATION_STYLE_ASSIGNMENT((#6781));
#6783=STYLED_ITEM('',(#6782),#6776);
#6784=CARTESIAN_POINT('',(-1.133321521461E0,-3.474782319716E-2,5.E-2));
#6785=DIRECTION('',(9.309557985799E-1,3.651318954713E-1,0.E0));
#6786=DIRECTION('',(3.651318954713E-1,-9.309557985799E-1,0.E0));
#6787=AXIS2_PLACEMENT_3D('',#6784,#6785,#6786);
#6788=PLANE('',#6787);
#6789=ORIENTED_EDGE('',*,*,#6442,.F.);
#6790=ORIENTED_EDGE('',*,*,#6357,.T.);
#6791=ORIENTED_EDGE('',*,*,#6648,.T.);
#6793=ORIENTED_EDGE('',*,*,#6792,.F.);
#6794=EDGE_LOOP('',(#6789,#6790,#6791,#6793));
#6795=FACE_OUTER_BOUND('',#6794,.F.);
#6796=ADVANCED_FACE('',(#6795),#6788,.F.);
#6797=FILL_AREA_STYLE_COLOUR('',#17);
#6798=FILL_AREA_STYLE('',(#6797));
#6799=SURFACE_STYLE_FILL_AREA(#6798);
#6800=SURFACE_SIDE_STYLE('',(#6799));
#6801=SURFACE_STYLE_USAGE(.POSITIVE.,#6800);
#6802=PRESENTATION_STYLE_ASSIGNMENT((#6801));
#6803=STYLED_ITEM('',(#6802),#6796);
#6804=CARTESIAN_POINT('',(-1.042038547593E0,-2.674867728421E-1,5.E-2));
#6805=DIRECTION('',(3.651318954713E-1,-9.309557985799E-1,0.E0));
#6806=DIRECTION('',(-9.309557985799E-1,-3.651318954713E-1,0.E0));
#6807=AXIS2_PLACEMENT_3D('',#6804,#6805,#6806);
#6808=PLANE('',#6807);
#6809=ORIENTED_EDGE('',*,*,#6444,.F.);
#6810=ORIENTED_EDGE('',*,*,#6792,.T.);
#6811=ORIENTED_EDGE('',*,*,#6652,.T.);
#6812=ORIENTED_EDGE('',*,*,#6392,.F.);
#6813=EDGE_LOOP('',(#6809,#6810,#6811,#6812));
#6814=FACE_OUTER_BOUND('',#6813,.F.);
#6815=ADVANCED_FACE('',(#6814),#6808,.F.);
#6816=FILL_AREA_STYLE_COLOUR('',#17);
#6817=FILL_AREA_STYLE('',(#6816));
#6818=SURFACE_STYLE_FILL_AREA(#6817);
#6819=SURFACE_SIDE_STYLE('',(#6818));
#6820=SURFACE_STYLE_USAGE(.POSITIVE.,#6819);
#6821=PRESENTATION_STYLE_ASSIGNMENT((#6820));
#6822=STYLED_ITEM('',(#6821),#6815);
#6823=CARTESIAN_POINT('',(1.133321521461E0,1.023410383939E-1,5.E-2));
#6824=DIRECTION('',(-9.309557985799E-1,-3.651318954713E-1,0.E0));
#6825=DIRECTION('',(-3.651318954713E-1,9.309557985799E-1,0.E0));
#6826=AXIS2_PLACEMENT_3D('',#6823,#6824,#6825);
#6827=PLANE('',#6826);
#6828=ORIENTED_EDGE('',*,*,#6425,.F.);
#6829=ORIENTED_EDGE('',*,*,#6523,.T.);
#6830=ORIENTED_EDGE('',*,*,#6669,.T.);
#6832=ORIENTED_EDGE('',*,*,#6831,.F.);
#6833=EDGE_LOOP('',(#6828,#6829,#6830,#6832));
#6834=FACE_OUTER_BOUND('',#6833,.F.);
#6835=ADVANCED_FACE('',(#6834),#6827,.F.);
#6836=FILL_AREA_STYLE_COLOUR('',#17);
#6837=FILL_AREA_STYLE('',(#6836));
#6838=SURFACE_STYLE_FILL_AREA(#6837);
#6839=SURFACE_SIDE_STYLE('',(#6838));
#6840=SURFACE_STYLE_USAGE(.POSITIVE.,#6839);
#6841=PRESENTATION_STYLE_ASSIGNMENT((#6840));
#6842=STYLED_ITEM('',(#6841),#6835);
#6843=CARTESIAN_POINT('',(1.042038547593E0,3.350799880389E-1,5.E-2));
#6844=DIRECTION('',(-3.651318954713E-1,9.309557985799E-1,0.E0));
#6845=DIRECTION('',(9.309557985799E-1,3.651318954713E-1,0.E0));
#6846=AXIS2_PLACEMENT_3D('',#6843,#6844,#6845);
#6847=PLANE('',#6846);
#6848=ORIENTED_EDGE('',*,*,#6427,.F.);
#6849=ORIENTED_EDGE('',*,*,#6831,.T.);
#6850=ORIENTED_EDGE('',*,*,#6673,.T.);
#6851=ORIENTED_EDGE('',*,*,#6331,.F.);
#6852=EDGE_LOOP('',(#6848,#6849,#6850,#6851));
#6853=FACE_OUTER_BOUND('',#6852,.F.);
#6854=ADVANCED_FACE('',(#6853),#6847,.F.);
#6855=FILL_AREA_STYLE_COLOUR('',#17);
#6856=FILL_AREA_STYLE('',(#6855));
#6857=SURFACE_STYLE_FILL_AREA(#6856);
#6858=SURFACE_SIDE_STYLE('',(#6857));
#6859=SURFACE_STYLE_USAGE(.POSITIVE.,#6858);
#6860=PRESENTATION_STYLE_ASSIGNMENT((#6859));
#6861=STYLED_ITEM('',(#6860),#6854);
#6862=CARTESIAN_POINT('',(9.690121684990E-1,5.212711477549E-1,5.E-2));
#6863=DIRECTION('',(-9.309557985799E-1,-3.651318954713E-1,0.E0));
#6864=DIRECTION('',(-3.651318954713E-1,9.309557985799E-1,0.E0));
#6865=AXIS2_PLACEMENT_3D('',#6862,#6863,#6864);
#6866=PLANE('',#6865);
#6867=ORIENTED_EDGE('',*,*,#6432,.F.);
#6869=ORIENTED_EDGE('',*,*,#6868,.T.);
#6870=ORIENTED_EDGE('',*,*,#6691,.T.);
#6871=ORIENTED_EDGE('',*,*,#6369,.F.);
#6872=EDGE_LOOP('',(#6867,#6869,#6870,#6871));
#6873=FACE_OUTER_BOUND('',#6872,.F.);
#6874=ADVANCED_FACE('',(#6873),#6866,.F.);
#6875=FILL_AREA_STYLE_COLOUR('',#17);
#6876=FILL_AREA_STYLE('',(#6875));
#6877=SURFACE_STYLE_FILL_AREA(#6876);
#6878=SURFACE_SIDE_STYLE('',(#6877));
#6879=SURFACE_STYLE_USAGE(.POSITIVE.,#6878);
#6880=PRESENTATION_STYLE_ASSIGNMENT((#6879));
#6881=STYLED_ITEM('',(#6880),#6874);
#6882=CARTESIAN_POINT('',(1.439433626129E0,7.057760176495E-1,5.E-2));
#6883=DIRECTION('',(3.651318954713E-1,-9.309557985799E-1,0.E0));
#6884=DIRECTION('',(-9.309557985799E-1,-3.651318954713E-1,0.E0));
#6885=AXIS2_PLACEMENT_3D('',#6882,#6883,#6884);
#6886=PLANE('',#6885);
#6887=ORIENTED_EDGE('',*,*,#6430,.F.);
#6888=ORIENTED_EDGE('',*,*,#6327,.T.);
#6889=ORIENTED_EDGE('',*,*,#6693,.T.);
#6890=ORIENTED_EDGE('',*,*,#6868,.F.);
#6891=EDGE_LOOP('',(#6887,#6888,#6889,#6890));
#6892=FACE_OUTER_BOUND('',#6891,.F.);
#6893=ADVANCED_FACE('',(#6892),#6886,.F.);
#6894=FILL_AREA_STYLE_COLOUR('',#17);
#6895=FILL_AREA_STYLE('',(#6894));
#6896=SURFACE_STYLE_FILL_AREA(#6895);
#6897=SURFACE_SIDE_STYLE('',(#6896));
#6898=SURFACE_STYLE_USAGE(.POSITIVE.,#6897);
#6899=PRESENTATION_STYLE_ASSIGNMENT((#6898));
#6900=STYLED_ITEM('',(#6899),#6893);
#6901=CARTESIAN_POINT('',(-2.E0,-7.E-1,-1.5E-1));
#6902=DIRECTION('',(0.E0,-1.E0,0.E0));
#6903=DIRECTION('',(0.E0,0.E0,1.E0));
#6904=AXIS2_PLACEMENT_3D('',#6901,#6902,#6903);
#6905=PLANE('',#6904);
#6906=ORIENTED_EDGE('',*,*,#6014,.T.);
#6907=ORIENTED_EDGE('',*,*,#5990,.T.);
#6909=ORIENTED_EDGE('',*,*,#6908,.F.);
#6911=ORIENTED_EDGE('',*,*,#6910,.F.);
#6912=EDGE_LOOP('',(#6906,#6907,#6909,#6911));
#6913=FACE_OUTER_BOUND('',#6912,.F.);
#6914=ADVANCED_FACE('',(#6913),#6905,.F.);
#6915=FILL_AREA_STYLE_COLOUR('',#17);
#6916=FILL_AREA_STYLE('',(#6915));
#6917=SURFACE_STYLE_FILL_AREA(#6916);
#6918=SURFACE_SIDE_STYLE('',(#6917));
#6919=SURFACE_STYLE_USAGE(.POSITIVE.,#6918);
#6920=PRESENTATION_STYLE_ASSIGNMENT((#6919));
#6921=STYLED_ITEM('',(#6920),#6914);
#6922=CARTESIAN_POINT('',(-2.E0,-7.E-1,1.5E-1));
#6923=DIRECTION('',(0.E0,0.E0,1.E0));
#6924=DIRECTION('',(0.E0,1.E0,0.E0));
#6925=AXIS2_PLACEMENT_3D('',#6922,#6923,#6924);
#6926=PLANE('',#6925);
#6928=ORIENTED_EDGE('',*,*,#6927,.F.);
#6929=ORIENTED_EDGE('',*,*,#6908,.T.);
#6930=ORIENTED_EDGE('',*,*,#5988,.T.);
#6932=ORIENTED_EDGE('',*,*,#6931,.F.);
#6933=EDGE_LOOP('',(#6928,#6929,#6930,#6932));
#6934=FACE_OUTER_BOUND('',#6933,.F.);
#6935=ADVANCED_FACE('',(#6934),#6926,.F.);
#6936=FILL_AREA_STYLE_COLOUR('',#17);
#6937=FILL_AREA_STYLE('',(#6936));
#6938=SURFACE_STYLE_FILL_AREA(#6937);
#6939=SURFACE_SIDE_STYLE('',(#6938));
#6940=SURFACE_STYLE_USAGE(.POSITIVE.,#6939);
#6941=PRESENTATION_STYLE_ASSIGNMENT((#6940));
#6942=STYLED_ITEM('',(#6941),#6935);
#6943=CARTESIAN_POINT('',(-2.E0,1.45E0,0.E0));
#6944=DIRECTION('',(-1.E0,0.E0,0.E0));
#6945=DIRECTION('',(0.E0,-1.E0,0.E0));
#6946=AXIS2_PLACEMENT_3D('',#6943,#6944,#6945);
#6947=PLANE('',#6946);
#6948=ORIENTED_EDGE('',*,*,#6927,.T.);
#6950=ORIENTED_EDGE('',*,*,#6949,.F.);
#6951=ORIENTED_EDGE('',*,*,#6058,.F.);
#6953=ORIENTED_EDGE('',*,*,#6952,.T.);
#6955=ORIENTED_EDGE('',*,*,#6954,.F.);
#6957=ORIENTED_EDGE('',*,*,#6956,.F.);
#6958=ORIENTED_EDGE('',*,*,#5459,.T.);
#6960=ORIENTED_EDGE('',*,*,#6959,.T.);
#6962=ORIENTED_EDGE('',*,*,#6961,.T.);
#6964=ORIENTED_EDGE('',*,*,#6963,.F.);
#6965=ORIENTED_EDGE('',*,*,#5447,.T.);
#6967=ORIENTED_EDGE('',*,*,#6966,.F.);
#6969=ORIENTED_EDGE('',*,*,#6968,.F.);
#6971=ORIENTED_EDGE('',*,*,#6970,.F.);
#6972=ORIENTED_EDGE('',*,*,#6016,.F.);
#6973=ORIENTED_EDGE('',*,*,#6910,.T.);
#6974=EDGE_LOOP('',(#6948,#6950,#6951,#6953,#6955,#6957,#6958,#6960,#6962,#6964,
#6965,#6967,#6969,#6971,#6972,#6973));
#6975=FACE_OUTER_BOUND('',#6974,.F.);
#6976=ADVANCED_FACE('',(#6975),#6947,.T.);
#6977=FILL_AREA_STYLE_COLOUR('',#17);
#6978=FILL_AREA_STYLE('',(#6977));
#6979=SURFACE_STYLE_FILL_AREA(#6978);
#6980=SURFACE_SIDE_STYLE('',(#6979));
#6981=SURFACE_STYLE_USAGE(.POSITIVE.,#6980);
#6982=PRESENTATION_STYLE_ASSIGNMENT((#6981));
#6983=STYLED_ITEM('',(#6982),#6976);
#6984=CARTESIAN_POINT('',(-2.E0,7.E-1,1.5E-1));
#6985=DIRECTION('',(0.E0,1.E0,0.E0));
#6986=DIRECTION('',(0.E0,0.E0,-1.E0));
#6987=AXIS2_PLACEMENT_3D('',#6984,#6985,#6986);
#6988=PLANE('',#6987);
#6989=ORIENTED_EDGE('',*,*,#6060,.F.);
#6990=ORIENTED_EDGE('',*,*,#6949,.T.);
#6991=ORIENTED_EDGE('',*,*,#6931,.T.);
#6992=ORIENTED_EDGE('',*,*,#5986,.T.);
#6993=EDGE_LOOP('',(#6989,#6990,#6991,#6992));
#6994=FACE_OUTER_BOUND('',#6993,.F.);
#6995=ADVANCED_FACE('',(#6994),#6988,.F.);
#6996=FILL_AREA_STYLE_COLOUR('',#17);
#6997=FILL_AREA_STYLE('',(#6996));
#6998=SURFACE_STYLE_FILL_AREA(#6997);
#6999=SURFACE_SIDE_STYLE('',(#6998));
#7000=SURFACE_STYLE_USAGE(.POSITIVE.,#6999);
#7001=PRESENTATION_STYLE_ASSIGNMENT((#7000));
#7002=STYLED_ITEM('',(#7001),#6995);
#7003=CARTESIAN_POINT('',(-1.5E0,9.5E-1,0.E0));
#7004=DIRECTION('',(0.E0,-1.E0,0.E0));
#7005=DIRECTION('',(-1.E0,0.E0,0.E0));
#7006=AXIS2_PLACEMENT_3D('',#7003,#7004,#7005);
#7007=PLANE('',#7006);
#7008=ORIENTED_EDGE('',*,*,#6056,.T.);
#7010=ORIENTED_EDGE('',*,*,#7009,.T.);
#7012=ORIENTED_EDGE('',*,*,#7011,.T.);
#7013=ORIENTED_EDGE('',*,*,#6952,.F.);
#7014=EDGE_LOOP('',(#7008,#7010,#7012,#7013));
#7015=FACE_OUTER_BOUND('',#7014,.F.);
#7016=ADVANCED_FACE('',(#7015),#7007,.F.);
#7017=FILL_AREA_STYLE_COLOUR('',#17);
#7018=FILL_AREA_STYLE('',(#7017));
#7019=SURFACE_STYLE_FILL_AREA(#7018);
#7020=SURFACE_SIDE_STYLE('',(#7019));
#7021=SURFACE_STYLE_USAGE(.POSITIVE.,#7020);
#7022=PRESENTATION_STYLE_ASSIGNMENT((#7021));
#7023=STYLED_ITEM('',(#7022),#7016);
#7024=CARTESIAN_POINT('',(-9.E-1,3.55E-1,0.E0));
#7025=DIRECTION('',(0.E0,0.E0,-1.E0));
#7026=DIRECTION('',(1.E0,0.E0,0.E0));
#7027=AXIS2_PLACEMENT_3D('',#7024,#7025,#7026);
#7028=CYLINDRICAL_SURFACE('',#7027,8.45E-1);
#7030=ORIENTED_EDGE('',*,*,#7029,.T.);
#7031=ORIENTED_EDGE('',*,*,#7009,.F.);
#7032=ORIENTED_EDGE('',*,*,#6054,.T.);
#7034=ORIENTED_EDGE('',*,*,#7033,.T.);
#7035=EDGE_LOOP('',(#7030,#7031,#7032,#7034));
#7036=FACE_OUTER_BOUND('',#7035,.F.);
#7037=ADVANCED_FACE('',(#7036),#7028,.T.);
#7038=FILL_AREA_STYLE_COLOUR('',#17);
#7039=FILL_AREA_STYLE('',(#7038));
#7040=SURFACE_STYLE_FILL_AREA(#7039);
#7041=SURFACE_SIDE_STYLE('',(#7040));
#7042=SURFACE_STYLE_USAGE(.POSITIVE.,#7041);
#7043=PRESENTATION_STYLE_ASSIGNMENT((#7042));
#7044=STYLED_ITEM('',(#7043),#7037);
#7045=CARTESIAN_POINT('',(0.E0,0.E0,4.3E-1));
#7046=DIRECTION('',(0.E0,0.E0,-1.E0));
#7047=DIRECTION('',(1.E0,0.E0,0.E0));
#7048=AXIS2_PLACEMENT_3D('',#7045,#7046,#7047);
#7049=PLANE('',#7048);
#7051=ORIENTED_EDGE('',*,*,#7050,.T.);
#7053=ORIENTED_EDGE('',*,*,#7052,.F.);
#7055=ORIENTED_EDGE('',*,*,#7054,.F.);
#7056=ORIENTED_EDGE('',*,*,#6968,.T.);
#7058=ORIENTED_EDGE('',*,*,#7057,.T.);
#7060=ORIENTED_EDGE('',*,*,#7059,.T.);
#7061=EDGE_LOOP('',(#7051,#7053,#7055,#7056,#7058,#7060));
#7062=FACE_OUTER_BOUND('',#7061,.F.);
#7063=ADVANCED_FACE('',(#7062),#7049,.T.);
#7064=FILL_AREA_STYLE_COLOUR('',#17);
#7065=FILL_AREA_STYLE('',(#7064));
#7066=SURFACE_STYLE_FILL_AREA(#7065);
#7067=SURFACE_SIDE_STYLE('',(#7066));
#7068=SURFACE_STYLE_USAGE(.POSITIVE.,#7067);
#7069=PRESENTATION_STYLE_ASSIGNMENT((#7068));
#7070=STYLED_ITEM('',(#7069),#7063);
#7071=CARTESIAN_POINT('',(0.E0,0.E0,4.3E-1));
#7072=DIRECTION('',(0.E0,0.E0,-1.E0));
#7073=DIRECTION('',(1.E0,0.E0,0.E0));
#7074=AXIS2_PLACEMENT_3D('',#7071,#7072,#7073);
#7075=PLANE('',#7074);
#7077=ORIENTED_EDGE('',*,*,#7076,.T.);
#7079=ORIENTED_EDGE('',*,*,#7078,.F.);
#7081=ORIENTED_EDGE('',*,*,#7080,.T.);
#7082=ORIENTED_EDGE('',*,*,#5822,.T.);
#7084=ORIENTED_EDGE('',*,*,#7083,.F.);
#7086=ORIENTED_EDGE('',*,*,#7085,.F.);
#7087=EDGE_LOOP('',(#7077,#7079,#7081,#7082,#7084,#7086));
#7088=FACE_OUTER_BOUND('',#7087,.F.);
#7089=ADVANCED_FACE('',(#7088),#7075,.T.);
#7090=FILL_AREA_STYLE_COLOUR('',#17);
#7091=FILL_AREA_STYLE('',(#7090));
#7092=SURFACE_STYLE_FILL_AREA(#7091);
#7093=SURFACE_SIDE_STYLE('',(#7092));
#7094=SURFACE_STYLE_USAGE(.POSITIVE.,#7093);
#7095=PRESENTATION_STYLE_ASSIGNMENT((#7094));
#7096=STYLED_ITEM('',(#7095),#7089);
#7097=CARTESIAN_POINT('',(0.E0,0.E0,4.3E-1));
#7098=DIRECTION('',(0.E0,0.E0,-1.E0));
#7099=DIRECTION('',(1.E0,0.E0,0.E0));
#7100=AXIS2_PLACEMENT_3D('',#7097,#7098,#7099);
#7101=PLANE('',#7100);
#7103=ORIENTED_EDGE('',*,*,#7102,.F.);
#7105=ORIENTED_EDGE('',*,*,#7104,.F.);
#7107=ORIENTED_EDGE('',*,*,#7106,.T.);
#7108=ORIENTED_EDGE('',*,*,#6954,.T.);
#7109=ORIENTED_EDGE('',*,*,#7011,.F.);
#7110=ORIENTED_EDGE('',*,*,#7029,.F.);
#7111=EDGE_LOOP('',(#7103,#7105,#7107,#7108,#7109,#7110));
#7112=FACE_OUTER_BOUND('',#7111,.F.);
#7113=ADVANCED_FACE('',(#7112),#7101,.T.);
#7114=FILL_AREA_STYLE_COLOUR('',#17);
#7115=FILL_AREA_STYLE('',(#7114));
#7116=SURFACE_STYLE_FILL_AREA(#7115);
#7117=SURFACE_SIDE_STYLE('',(#7116));
#7118=SURFACE_STYLE_USAGE(.POSITIVE.,#7117);
#7119=PRESENTATION_STYLE_ASSIGNMENT((#7118));
#7120=STYLED_ITEM('',(#7119),#7113);
#7121=CARTESIAN_POINT('',(0.E0,0.E0,4.3E-1));
#7122=DIRECTION('',(0.E0,0.E0,-1.E0));
#7123=DIRECTION('',(1.E0,0.E0,0.E0));
#7124=AXIS2_PLACEMENT_3D('',#7121,#7122,#7123);
#7125=PLANE('',#7124);
#7127=ORIENTED_EDGE('',*,*,#7126,.F.);
#7129=ORIENTED_EDGE('',*,*,#7128,.F.);
#7131=ORIENTED_EDGE('',*,*,#7130,.F.);
#7132=ORIENTED_EDGE('',*,*,#5835,.T.);
#7134=ORIENTED_EDGE('',*,*,#7133,.T.);
#7136=ORIENTED_EDGE('',*,*,#7135,.T.);
#7137=EDGE_LOOP('',(#7127,#7129,#7131,#7132,#7134,#7136));
#7138=FACE_OUTER_BOUND('',#7137,.F.);
#7139=ADVANCED_FACE('',(#7138),#7125,.T.);
#7140=FILL_AREA_STYLE_COLOUR('',#17);
#7141=FILL_AREA_STYLE('',(#7140));
#7142=SURFACE_STYLE_FILL_AREA(#7141);
#7143=SURFACE_SIDE_STYLE('',(#7142));
#7144=SURFACE_STYLE_USAGE(.POSITIVE.,#7143);
#7145=PRESENTATION_STYLE_ASSIGNMENT((#7144));
#7146=STYLED_ITEM('',(#7145),#7139);
#7147=CARTESIAN_POINT('',(0.E0,-1.2E0,0.E0));
#7148=DIRECTION('',(0.E0,-1.E0,0.E0));
#7149=DIRECTION('',(1.E0,0.E0,0.E0));
#7150=AXIS2_PLACEMENT_3D('',#7147,#7148,#7149);
#7151=PLANE('',#7150);
#7152=ORIENTED_EDGE('',*,*,#5441,.T.);
#7154=ORIENTED_EDGE('',*,*,#7153,.F.);
#7155=ORIENTED_EDGE('',*,*,#7076,.F.);
#7157=ORIENTED_EDGE('',*,*,#7156,.F.);
#7158=ORIENTED_EDGE('',*,*,#7050,.F.);
#7160=ORIENTED_EDGE('',*,*,#7159,.F.);
#7161=EDGE_LOOP('',(#7152,#7154,#7155,#7157,#7158,#7160));
#7162=FACE_OUTER_BOUND('',#7161,.F.);
#7163=ADVANCED_FACE('',(#7162),#7151,.T.);
#7164=FILL_AREA_STYLE_COLOUR('',#17);
#7165=FILL_AREA_STYLE('',(#7164));
#7166=SURFACE_STYLE_FILL_AREA(#7165);
#7167=SURFACE_SIDE_STYLE('',(#7166));
#7168=SURFACE_STYLE_USAGE(.POSITIVE.,#7167);
#7169=PRESENTATION_STYLE_ASSIGNMENT((#7168));
#7170=STYLED_ITEM('',(#7169),#7163);
#7171=CARTESIAN_POINT('',(1.3E0,-1.45E0,4.3E-1));
#7172=DIRECTION('',(1.E0,0.E0,0.E0));
#7173=DIRECTION('',(0.E0,0.E0,1.E0));
#7174=AXIS2_PLACEMENT_3D('',#7171,#7172,#7173);
#7175=PLANE('',#7174);
#7176=ORIENTED_EDGE('',*,*,#5439,.F.);
#7178=ORIENTED_EDGE('',*,*,#7177,.T.);
#7179=ORIENTED_EDGE('',*,*,#7078,.T.);
#7180=ORIENTED_EDGE('',*,*,#7153,.T.);
#7181=EDGE_LOOP('',(#7176,#7178,#7179,#7180));
#7182=FACE_OUTER_BOUND('',#7181,.F.);
#7183=ADVANCED_FACE('',(#7182),#7175,.F.);
#7184=FILL_AREA_STYLE_COLOUR('',#17);
#7185=FILL_AREA_STYLE('',(#7184));
#7186=SURFACE_STYLE_FILL_AREA(#7185);
#7187=SURFACE_SIDE_STYLE('',(#7186));
#7188=SURFACE_STYLE_USAGE(.POSITIVE.,#7187);
#7189=PRESENTATION_STYLE_ASSIGNMENT((#7188));
#7190=STYLED_ITEM('',(#7189),#7183);
#7191=CARTESIAN_POINT('',(0.E0,-1.375E0,8.55E-1));
#7192=DIRECTION('',(0.E0,-9.847835588179E-1,1.737853339090E-1));
#7193=DIRECTION('',(0.E0,-1.737853339090E-1,-9.847835588179E-1));
#7194=AXIS2_PLACEMENT_3D('',#7191,#7192,#7193);
#7195=PLANE('',#7194);
#7197=ORIENTED_EDGE('',*,*,#7196,.T.);
#7198=ORIENTED_EDGE('',*,*,#7057,.F.);
#7199=ORIENTED_EDGE('',*,*,#6966,.T.);
#7200=ORIENTED_EDGE('',*,*,#5445,.T.);
#7201=EDGE_LOOP('',(#7197,#7198,#7199,#7200));
#7202=FACE_OUTER_BOUND('',#7201,.F.);
#7203=ADVANCED_FACE('',(#7202),#7195,.T.);
#7204=FILL_AREA_STYLE_COLOUR('',#17);
#7205=FILL_AREA_STYLE('',(#7204));
#7206=SURFACE_STYLE_FILL_AREA(#7205);
#7207=SURFACE_SIDE_STYLE('',(#7206));
#7208=SURFACE_STYLE_USAGE(.POSITIVE.,#7207);
#7209=PRESENTATION_STYLE_ASSIGNMENT((#7208));
#7210=STYLED_ITEM('',(#7209),#7203);
#7211=CARTESIAN_POINT('',(0.E0,-1.375E0,8.55E-1));
#7212=DIRECTION('',(0.E0,-9.847835588179E-1,1.737853339090E-1));
#7213=DIRECTION('',(0.E0,-1.737853339090E-1,-9.847835588179E-1));
#7214=AXIS2_PLACEMENT_3D('',#7211,#7212,#7213);
#7215=PLANE('',#7214);
#7216=ORIENTED_EDGE('',*,*,#7177,.F.);
#7217=ORIENTED_EDGE('',*,*,#5437,.T.);
#7218=ORIENTED_EDGE('',*,*,#5824,.T.);
#7219=ORIENTED_EDGE('',*,*,#7080,.F.);
#7220=EDGE_LOOP('',(#7216,#7217,#7218,#7219));
#7221=FACE_OUTER_BOUND('',#7220,.F.);
#7222=ADVANCED_FACE('',(#7221),#7215,.T.);
#7223=FILL_AREA_STYLE_COLOUR('',#17);
#7224=FILL_AREA_STYLE('',(#7223));
#7225=SURFACE_STYLE_FILL_AREA(#7224);
#7226=SURFACE_SIDE_STYLE('',(#7225));
#7227=SURFACE_STYLE_USAGE(.POSITIVE.,#7226);
#7228=PRESENTATION_STYLE_ASSIGNMENT((#7227));
#7229=STYLED_ITEM('',(#7228),#7222);
#7230=CARTESIAN_POINT('',(-1.3E0,-1.45E0,1.28E0));
#7231=DIRECTION('',(-1.E0,0.E0,0.E0));
#7232=DIRECTION('',(0.E0,0.E0,-1.E0));
#7233=AXIS2_PLACEMENT_3D('',#7230,#7231,#7232);
#7234=PLANE('',#7233);
#7235=ORIENTED_EDGE('',*,*,#5443,.T.);
#7236=ORIENTED_EDGE('',*,*,#7159,.T.);
#7237=ORIENTED_EDGE('',*,*,#7059,.F.);
#7238=ORIENTED_EDGE('',*,*,#7196,.F.);
#7239=EDGE_LOOP('',(#7235,#7236,#7237,#7238));
#7240=FACE_OUTER_BOUND('',#7239,.F.);
#7241=ADVANCED_FACE('',(#7240),#7234,.F.);
#7242=FILL_AREA_STYLE_COLOUR('',#17);
#7243=FILL_AREA_STYLE('',(#7242));
#7244=SURFACE_STYLE_FILL_AREA(#7243);
#7245=SURFACE_SIDE_STYLE('',(#7244));
#7246=SURFACE_STYLE_USAGE(.POSITIVE.,#7245);
#7247=PRESENTATION_STYLE_ASSIGNMENT((#7246));
#7248=STYLED_ITEM('',(#7247),#7241);
#7249=CARTESIAN_POINT('',(-1.3E0,-1.45E0,4.3E-1));
#7250=DIRECTION('',(0.E0,0.E0,-1.E0));
#7251=DIRECTION('',(1.E0,0.E0,0.E0));
#7252=AXIS2_PLACEMENT_3D('',#7249,#7250,#7251);
#7253=PLANE('',#7252);
#7255=ORIENTED_EDGE('',*,*,#7254,.F.);
#7257=ORIENTED_EDGE('',*,*,#7256,.F.);
#7258=ORIENTED_EDGE('',*,*,#7156,.T.);
#7260=ORIENTED_EDGE('',*,*,#7259,.F.);
#7261=EDGE_LOOP('',(#7255,#7257,#7258,#7260));
#7262=FACE_OUTER_BOUND('',#7261,.F.);
#7263=ADVANCED_FACE('',(#7262),#7253,.F.);
#7264=FILL_AREA_STYLE_COLOUR('',#17);
#7265=FILL_AREA_STYLE('',(#7264));
#7266=SURFACE_STYLE_FILL_AREA(#7265);
#7267=SURFACE_SIDE_STYLE('',(#7266));
#7268=SURFACE_STYLE_USAGE(.POSITIVE.,#7267);
#7269=PRESENTATION_STYLE_ASSIGNMENT((#7268));
#7270=STYLED_ITEM('',(#7269),#7263);
#7271=CARTESIAN_POINT('',(-2.E0,-1.45E0,0.E0));
#7272=DIRECTION('',(0.E0,-1.E0,0.E0));
#7273=DIRECTION('',(1.E0,0.E0,0.E0));
#7274=AXIS2_PLACEMENT_3D('',#7271,#7272,#7273);
#7275=PLANE('',#7274);
#7276=ORIENTED_EDGE('',*,*,#7254,.T.);
#7278=ORIENTED_EDGE('',*,*,#7277,.F.);
#7279=ORIENTED_EDGE('',*,*,#6024,.F.);
#7281=ORIENTED_EDGE('',*,*,#7280,.T.);
#7282=EDGE_LOOP('',(#7276,#7278,#7279,#7281));
#7283=FACE_OUTER_BOUND('',#7282,.F.);
#7284=ADVANCED_FACE('',(#7283),#7275,.T.);
#7285=FILL_AREA_STYLE_COLOUR('',#17);
#7286=FILL_AREA_STYLE('',(#7285));
#7287=SURFACE_STYLE_FILL_AREA(#7286);
#7288=SURFACE_SIDE_STYLE('',(#7287));
#7289=SURFACE_STYLE_USAGE(.POSITIVE.,#7288);
#7290=PRESENTATION_STYLE_ASSIGNMENT((#7289));
#7291=STYLED_ITEM('',(#7290),#7284);
#7292=CARTESIAN_POINT('',(9.E-1,-1.45E0,0.E0));
#7293=DIRECTION('',(-1.E0,0.E0,0.E0));
#7294=DIRECTION('',(0.E0,1.E0,0.E0));
#7295=AXIS2_PLACEMENT_3D('',#7292,#7293,#7294);
#7296=PLANE('',#7295);
#7297=ORIENTED_EDGE('',*,*,#7259,.T.);
#7299=ORIENTED_EDGE('',*,*,#7298,.F.);
#7300=ORIENTED_EDGE('',*,*,#6026,.F.);
#7301=ORIENTED_EDGE('',*,*,#7277,.T.);
#7302=EDGE_LOOP('',(#7297,#7299,#7300,#7301));
#7303=FACE_OUTER_BOUND('',#7302,.F.);
#7304=ADVANCED_FACE('',(#7303),#7296,.F.);
#7305=FILL_AREA_STYLE_COLOUR('',#17);
#7306=FILL_AREA_STYLE('',(#7305));
#7307=SURFACE_STYLE_FILL_AREA(#7306);
#7308=SURFACE_SIDE_STYLE('',(#7307));
#7309=SURFACE_STYLE_USAGE(.POSITIVE.,#7308);
#7310=PRESENTATION_STYLE_ASSIGNMENT((#7309));
#7311=STYLED_ITEM('',(#7310),#7304);
#7312=CARTESIAN_POINT('',(9.E-1,-3.55E-1,0.E0));
#7313=DIRECTION('',(0.E0,0.E0,-1.E0));
#7314=DIRECTION('',(1.E0,0.E0,0.E0));
#7315=AXIS2_PLACEMENT_3D('',#7312,#7313,#7314);
#7316=CYLINDRICAL_SURFACE('',#7315,8.45E-1);
#7317=ORIENTED_EDGE('',*,*,#7085,.T.);
#7319=ORIENTED_EDGE('',*,*,#7318,.F.);
#7320=ORIENTED_EDGE('',*,*,#6028,.T.);
#7321=ORIENTED_EDGE('',*,*,#7298,.T.);
#7322=EDGE_LOOP('',(#7317,#7319,#7320,#7321));
#7323=FACE_OUTER_BOUND('',#7322,.F.);
#7324=ADVANCED_FACE('',(#7323),#7316,.T.);
#7325=FILL_AREA_STYLE_COLOUR('',#17);
#7326=FILL_AREA_STYLE('',(#7325));
#7327=SURFACE_STYLE_FILL_AREA(#7326);
#7328=SURFACE_SIDE_STYLE('',(#7327));
#7329=SURFACE_STYLE_USAGE(.POSITIVE.,#7328);
#7330=PRESENTATION_STYLE_ASSIGNMENT((#7329));
#7331=STYLED_ITEM('',(#7330),#7324);
#7332=CARTESIAN_POINT('',(1.5E0,-9.5E-1,0.E0));
#7333=DIRECTION('',(0.E0,1.E0,0.E0));
#7334=DIRECTION('',(1.E0,0.E0,0.E0));
#7335=AXIS2_PLACEMENT_3D('',#7332,#7333,#7334);
#7336=PLANE('',#7335);
#7337=ORIENTED_EDGE('',*,*,#6030,.T.);
#7338=ORIENTED_EDGE('',*,*,#7318,.T.);
#7339=ORIENTED_EDGE('',*,*,#7083,.T.);
#7340=ORIENTED_EDGE('',*,*,#5820,.F.);
#7341=EDGE_LOOP('',(#7337,#7338,#7339,#7340));
#7342=FACE_OUTER_BOUND('',#7341,.F.);
#7343=ADVANCED_FACE('',(#7342),#7336,.F.);
#7344=FILL_AREA_STYLE_COLOUR('',#17);
#7345=FILL_AREA_STYLE('',(#7344));
#7346=SURFACE_STYLE_FILL_AREA(#7345);
#7347=SURFACE_SIDE_STYLE('',(#7346));
#7348=SURFACE_STYLE_USAGE(.POSITIVE.,#7347);
#7349=PRESENTATION_STYLE_ASSIGNMENT((#7348));
#7350=STYLED_ITEM('',(#7349),#7343);
#7351=CARTESIAN_POINT('',(-9.E-1,-1.2E0,0.E0));
#7352=DIRECTION('',(1.E0,0.E0,0.E0));
#7353=DIRECTION('',(0.E0,-1.E0,0.E0));
#7354=AXIS2_PLACEMENT_3D('',#7351,#7352,#7353);
#7355=PLANE('',#7354);
#7356=ORIENTED_EDGE('',*,*,#7256,.T.);
#7357=ORIENTED_EDGE('',*,*,#7280,.F.);
#7358=ORIENTED_EDGE('',*,*,#6022,.T.);
#7360=ORIENTED_EDGE('',*,*,#7359,.T.);
#7361=EDGE_LOOP('',(#7356,#7357,#7358,#7360));
#7362=FACE_OUTER_BOUND('',#7361,.F.);
#7363=ADVANCED_FACE('',(#7362),#7355,.F.);
#7364=FILL_AREA_STYLE_COLOUR('',#17);
#7365=FILL_AREA_STYLE('',(#7364));
#7366=SURFACE_STYLE_FILL_AREA(#7365);
#7367=SURFACE_SIDE_STYLE('',(#7366));
#7368=SURFACE_STYLE_USAGE(.POSITIVE.,#7367);
#7369=PRESENTATION_STYLE_ASSIGNMENT((#7368));
#7370=STYLED_ITEM('',(#7369),#7363);
#7371=CARTESIAN_POINT('',(-9.E-1,-3.55E-1,0.E0));
#7372=DIRECTION('',(0.E0,0.E0,-1.E0));
#7373=DIRECTION('',(1.E0,0.E0,0.E0));
#7374=AXIS2_PLACEMENT_3D('',#7371,#7372,#7373);
#7375=CYLINDRICAL_SURFACE('',#7374,8.45E-1);
#7376=ORIENTED_EDGE('',*,*,#7052,.T.);
#7377=ORIENTED_EDGE('',*,*,#7359,.F.);
#7378=ORIENTED_EDGE('',*,*,#6020,.T.);
#7380=ORIENTED_EDGE('',*,*,#7379,.T.);
#7381=EDGE_LOOP('',(#7376,#7377,#7378,#7380));
#7382=FACE_OUTER_BOUND('',#7381,.F.);
#7383=ADVANCED_FACE('',(#7382),#7375,.T.);
#7384=FILL_AREA_STYLE_COLOUR('',#17);
#7385=FILL_AREA_STYLE('',(#7384));
#7386=SURFACE_STYLE_FILL_AREA(#7385);
#7387=SURFACE_SIDE_STYLE('',(#7386));
#7388=SURFACE_STYLE_USAGE(.POSITIVE.,#7387);
#7389=PRESENTATION_STYLE_ASSIGNMENT((#7388));
#7390=STYLED_ITEM('',(#7389),#7383);
#7391=CARTESIAN_POINT('',(-2.E0,-9.5E-1,0.E0));
#7392=DIRECTION('',(0.E0,1.E0,0.E0));
#7393=DIRECTION('',(1.E0,0.E0,0.E0));
#7394=AXIS2_PLACEMENT_3D('',#7391,#7392,#7393);
#7395=PLANE('',#7394);
#7396=ORIENTED_EDGE('',*,*,#6018,.F.);
#7397=ORIENTED_EDGE('',*,*,#6970,.T.);
#7398=ORIENTED_EDGE('',*,*,#7054,.T.);
#7399=ORIENTED_EDGE('',*,*,#7379,.F.);
#7400=EDGE_LOOP('',(#7396,#7397,#7398,#7399));
#7401=FACE_OUTER_BOUND('',#7400,.F.);
#7402=ADVANCED_FACE('',(#7401),#7395,.F.);
#7403=FILL_AREA_STYLE_COLOUR('',#17);
#7404=FILL_AREA_STYLE('',(#7403));
#7405=SURFACE_STYLE_FILL_AREA(#7404);
#7406=SURFACE_SIDE_STYLE('',(#7405));
#7407=SURFACE_STYLE_USAGE(.POSITIVE.,#7406);
#7408=PRESENTATION_STYLE_ASSIGNMENT((#7407));
#7409=STYLED_ITEM('',(#7408),#7402);
#7410=CARTESIAN_POINT('',(0.E0,1.2E0,0.E0));
#7411=DIRECTION('',(0.E0,-1.E0,0.E0));
#7412=DIRECTION('',(1.E0,0.E0,0.E0));
#7413=AXIS2_PLACEMENT_3D('',#7410,#7411,#7412);
#7414=PLANE('',#7413);
#7416=ORIENTED_EDGE('',*,*,#7415,.T.);
#7417=ORIENTED_EDGE('',*,*,#7102,.T.);
#7419=ORIENTED_EDGE('',*,*,#7418,.T.);
#7420=ORIENTED_EDGE('',*,*,#7126,.T.);
#7422=ORIENTED_EDGE('',*,*,#7421,.T.);
#7423=ORIENTED_EDGE('',*,*,#5465,.F.);
#7424=EDGE_LOOP('',(#7416,#7417,#7419,#7420,#7422,#7423));
#7425=FACE_OUTER_BOUND('',#7424,.F.);
#7426=ADVANCED_FACE('',(#7425),#7414,.F.);
#7427=FILL_AREA_STYLE_COLOUR('',#17);
#7428=FILL_AREA_STYLE('',(#7427));
#7429=SURFACE_STYLE_FILL_AREA(#7428);
#7430=SURFACE_SIDE_STYLE('',(#7429));
#7431=SURFACE_STYLE_USAGE(.POSITIVE.,#7430);
#7432=PRESENTATION_STYLE_ASSIGNMENT((#7431));
#7433=STYLED_ITEM('',(#7432),#7426);
#7434=CARTESIAN_POINT('',(-1.3E0,1.45E0,1.28E0));
#7435=DIRECTION('',(1.E0,0.E0,0.E0));
#7436=DIRECTION('',(0.E0,0.E0,-1.E0));
#7437=AXIS2_PLACEMENT_3D('',#7434,#7435,#7436);
#7438=PLANE('',#7437);
#7439=ORIENTED_EDGE('',*,*,#7415,.F.);
#7440=ORIENTED_EDGE('',*,*,#5463,.F.);
#7442=ORIENTED_EDGE('',*,*,#7441,.T.);
#7443=ORIENTED_EDGE('',*,*,#7104,.T.);
#7444=EDGE_LOOP('',(#7439,#7440,#7442,#7443));
#7445=FACE_OUTER_BOUND('',#7444,.F.);
#7446=ADVANCED_FACE('',(#7445),#7438,.T.);
#7447=FILL_AREA_STYLE_COLOUR('',#17);
#7448=FILL_AREA_STYLE('',(#7447));
#7449=SURFACE_STYLE_FILL_AREA(#7448);
#7450=SURFACE_SIDE_STYLE('',(#7449));
#7451=SURFACE_STYLE_USAGE(.POSITIVE.,#7450);
#7452=PRESENTATION_STYLE_ASSIGNMENT((#7451));
#7453=STYLED_ITEM('',(#7452),#7446);
#7454=CARTESIAN_POINT('',(0.E0,1.375E0,8.55E-1));
#7455=DIRECTION('',(0.E0,9.847835588179E-1,1.737853339090E-1));
#7456=DIRECTION('',(0.E0,1.737853339090E-1,-9.847835588179E-1));
#7457=AXIS2_PLACEMENT_3D('',#7454,#7455,#7456);
#7458=PLANE('',#7457);
#7459=ORIENTED_EDGE('',*,*,#7441,.F.);
#7460=ORIENTED_EDGE('',*,*,#5461,.T.);
#7461=ORIENTED_EDGE('',*,*,#6956,.T.);
#7462=ORIENTED_EDGE('',*,*,#7106,.F.);
#7463=EDGE_LOOP('',(#7459,#7460,#7461,#7462));
#7464=FACE_OUTER_BOUND('',#7463,.F.);
#7465=ADVANCED_FACE('',(#7464),#7458,.T.);
#7466=FILL_AREA_STYLE_COLOUR('',#17);
#7467=FILL_AREA_STYLE('',(#7466));
#7468=SURFACE_STYLE_FILL_AREA(#7467);
#7469=SURFACE_SIDE_STYLE('',(#7468));
#7470=SURFACE_STYLE_USAGE(.POSITIVE.,#7469);
#7471=PRESENTATION_STYLE_ASSIGNMENT((#7470));
#7472=STYLED_ITEM('',(#7471),#7465);
#7473=CARTESIAN_POINT('',(0.E0,1.375E0,8.55E-1));
#7474=DIRECTION('',(0.E0,9.847835588179E-1,1.737853339090E-1));
#7475=DIRECTION('',(0.E0,1.737853339090E-1,-9.847835588179E-1));
#7476=AXIS2_PLACEMENT_3D('',#7473,#7474,#7475);
#7477=PLANE('',#7476);
#7479=ORIENTED_EDGE('',*,*,#7478,.T.);
#7480=ORIENTED_EDGE('',*,*,#7133,.F.);
#7481=ORIENTED_EDGE('',*,*,#5833,.T.);
#7482=ORIENTED_EDGE('',*,*,#5469,.T.);
#7483=EDGE_LOOP('',(#7479,#7480,#7481,#7482));
#7484=FACE_OUTER_BOUND('',#7483,.F.);
#7485=ADVANCED_FACE('',(#7484),#7477,.T.);
#7486=FILL_AREA_STYLE_COLOUR('',#17);
#7487=FILL_AREA_STYLE('',(#7486));
#7488=SURFACE_STYLE_FILL_AREA(#7487);
#7489=SURFACE_SIDE_STYLE('',(#7488));
#7490=SURFACE_STYLE_USAGE(.POSITIVE.,#7489);
#7491=PRESENTATION_STYLE_ASSIGNMENT((#7490));
#7492=STYLED_ITEM('',(#7491),#7485);
#7493=CARTESIAN_POINT('',(1.3E0,1.45E0,4.3E-1));
#7494=DIRECTION('',(-1.E0,0.E0,0.E0));
#7495=DIRECTION('',(0.E0,0.E0,1.E0));
#7496=AXIS2_PLACEMENT_3D('',#7493,#7494,#7495);
#7497=PLANE('',#7496);
#7498=ORIENTED_EDGE('',*,*,#7421,.F.);
#7499=ORIENTED_EDGE('',*,*,#7135,.F.);
#7500=ORIENTED_EDGE('',*,*,#7478,.F.);
#7501=ORIENTED_EDGE('',*,*,#5467,.T.);
#7502=EDGE_LOOP('',(#7498,#7499,#7500,#7501));
#7503=FACE_OUTER_BOUND('',#7502,.F.);
#7504=ADVANCED_FACE('',(#7503),#7497,.T.);
#7505=FILL_AREA_STYLE_COLOUR('',#17);
#7506=FILL_AREA_STYLE('',(#7505));
#7507=SURFACE_STYLE_FILL_AREA(#7506);
#7508=SURFACE_SIDE_STYLE('',(#7507));
#7509=SURFACE_STYLE_USAGE(.POSITIVE.,#7508);
#7510=PRESENTATION_STYLE_ASSIGNMENT((#7509));
#7511=STYLED_ITEM('',(#7510),#7504);
#7512=CARTESIAN_POINT('',(-1.3E0,1.45E0,4.3E-1));
#7513=DIRECTION('',(0.E0,0.E0,1.E0));
#7514=DIRECTION('',(1.E0,0.E0,0.E0));
#7515=AXIS2_PLACEMENT_3D('',#7512,#7513,#7514);
#7516=PLANE('',#7515);
#7517=ORIENTED_EDGE('',*,*,#7418,.F.);
#7519=ORIENTED_EDGE('',*,*,#7518,.F.);
#7521=ORIENTED_EDGE('',*,*,#7520,.F.);
#7523=ORIENTED_EDGE('',*,*,#7522,.F.);
#7524=EDGE_LOOP('',(#7517,#7519,#7521,#7523));
#7525=FACE_OUTER_BOUND('',#7524,.F.);
#7526=ADVANCED_FACE('',(#7525),#7516,.T.);
#7527=FILL_AREA_STYLE_COLOUR('',#17);
#7528=FILL_AREA_STYLE('',(#7527));
#7529=SURFACE_STYLE_FILL_AREA(#7528);
#7530=SURFACE_SIDE_STYLE('',(#7529));
#7531=SURFACE_STYLE_USAGE(.POSITIVE.,#7530);
#7532=PRESENTATION_STYLE_ASSIGNMENT((#7531));
#7533=STYLED_ITEM('',(#7532),#7526);
#7534=CARTESIAN_POINT('',(-9.E-1,1.45E0,0.E0));
#7535=DIRECTION('',(1.E0,0.E0,0.E0));
#7536=DIRECTION('',(0.E0,-1.E0,0.E0));
#7537=AXIS2_PLACEMENT_3D('',#7534,#7535,#7536);
#7538=PLANE('',#7537);
#7539=ORIENTED_EDGE('',*,*,#7518,.T.);
#7540=ORIENTED_EDGE('',*,*,#7033,.F.);
#7541=ORIENTED_EDGE('',*,*,#6052,.F.);
#7543=ORIENTED_EDGE('',*,*,#7542,.T.);
#7544=EDGE_LOOP('',(#7539,#7540,#7541,#7543));
#7545=FACE_OUTER_BOUND('',#7544,.F.);
#7546=ADVANCED_FACE('',(#7545),#7538,.F.);
#7547=FILL_AREA_STYLE_COLOUR('',#17);
#7548=FILL_AREA_STYLE('',(#7547));
#7549=SURFACE_STYLE_FILL_AREA(#7548);
#7550=SURFACE_SIDE_STYLE('',(#7549));
#7551=SURFACE_STYLE_USAGE(.POSITIVE.,#7550);
#7552=PRESENTATION_STYLE_ASSIGNMENT((#7551));
#7553=STYLED_ITEM('',(#7552),#7546);
#7554=CARTESIAN_POINT('',(2.E0,1.45E0,0.E0));
#7555=DIRECTION('',(0.E0,1.E0,0.E0));
#7556=DIRECTION('',(-1.E0,0.E0,0.E0));
#7557=AXIS2_PLACEMENT_3D('',#7554,#7555,#7556);
#7558=PLANE('',#7557);
#7559=ORIENTED_EDGE('',*,*,#7520,.T.);
#7560=ORIENTED_EDGE('',*,*,#7542,.F.);
#7561=ORIENTED_EDGE('',*,*,#6050,.F.);
#7563=ORIENTED_EDGE('',*,*,#7562,.T.);
#7564=EDGE_LOOP('',(#7559,#7560,#7561,#7563));
#7565=FACE_OUTER_BOUND('',#7564,.F.);
#7566=ADVANCED_FACE('',(#7565),#7558,.T.);
#7567=FILL_AREA_STYLE_COLOUR('',#17);
#7568=FILL_AREA_STYLE('',(#7567));
#7569=SURFACE_STYLE_FILL_AREA(#7568);
#7570=SURFACE_SIDE_STYLE('',(#7569));
#7571=SURFACE_STYLE_USAGE(.POSITIVE.,#7570);
#7572=PRESENTATION_STYLE_ASSIGNMENT((#7571));
#7573=STYLED_ITEM('',(#7572),#7566);
#7574=CARTESIAN_POINT('',(9.E-1,1.2E0,0.E0));
#7575=DIRECTION('',(-1.E0,0.E0,0.E0));
#7576=DIRECTION('',(0.E0,1.E0,0.E0));
#7577=AXIS2_PLACEMENT_3D('',#7574,#7575,#7576);
#7578=PLANE('',#7577);
#7579=ORIENTED_EDGE('',*,*,#7522,.T.);
#7580=ORIENTED_EDGE('',*,*,#7562,.F.);
#7581=ORIENTED_EDGE('',*,*,#6048,.T.);
#7583=ORIENTED_EDGE('',*,*,#7582,.T.);
#7584=EDGE_LOOP('',(#7579,#7580,#7581,#7583));
#7585=FACE_OUTER_BOUND('',#7584,.F.);
#7586=ADVANCED_FACE('',(#7585),#7578,.F.);
#7587=FILL_AREA_STYLE_COLOUR('',#17);
#7588=FILL_AREA_STYLE('',(#7587));
#7589=SURFACE_STYLE_FILL_AREA(#7588);
#7590=SURFACE_SIDE_STYLE('',(#7589));
#7591=SURFACE_STYLE_USAGE(.POSITIVE.,#7590);
#7592=PRESENTATION_STYLE_ASSIGNMENT((#7591));
#7593=STYLED_ITEM('',(#7592),#7586);
#7594=CARTESIAN_POINT('',(9.E-1,3.55E-1,0.E0));
#7595=DIRECTION('',(0.E0,0.E0,-1.E0));
#7596=DIRECTION('',(1.E0,0.E0,0.E0));
#7597=AXIS2_PLACEMENT_3D('',#7594,#7595,#7596);
#7598=CYLINDRICAL_SURFACE('',#7597,8.45E-1);
#7599=ORIENTED_EDGE('',*,*,#7128,.T.);
#7600=ORIENTED_EDGE('',*,*,#7582,.F.);
#7601=ORIENTED_EDGE('',*,*,#6046,.T.);
#7603=ORIENTED_EDGE('',*,*,#7602,.T.);
#7604=EDGE_LOOP('',(#7599,#7600,#7601,#7603));
#7605=FACE_OUTER_BOUND('',#7604,.F.);
#7606=ADVANCED_FACE('',(#7605),#7598,.T.);
#7607=FILL_AREA_STYLE_COLOUR('',#17);
#7608=FILL_AREA_STYLE('',(#7607));
#7609=SURFACE_STYLE_FILL_AREA(#7608);
#7610=SURFACE_SIDE_STYLE('',(#7609));
#7611=SURFACE_STYLE_USAGE(.POSITIVE.,#7610);
#7612=PRESENTATION_STYLE_ASSIGNMENT((#7611));
#7613=STYLED_ITEM('',(#7612),#7606);
#7614=CARTESIAN_POINT('',(2.E0,9.5E-1,0.E0));
#7615=DIRECTION('',(0.E0,-1.E0,0.E0));
#7616=DIRECTION('',(-1.E0,0.E0,0.E0));
#7617=AXIS2_PLACEMENT_3D('',#7614,#7615,#7616);
#7618=PLANE('',#7617);
#7619=ORIENTED_EDGE('',*,*,#6044,.F.);
#7620=ORIENTED_EDGE('',*,*,#5837,.T.);
#7621=ORIENTED_EDGE('',*,*,#7130,.T.);
#7622=ORIENTED_EDGE('',*,*,#7602,.F.);
#7623=EDGE_LOOP('',(#7619,#7620,#7621,#7622));
#7624=FACE_OUTER_BOUND('',#7623,.F.);
#7625=ADVANCED_FACE('',(#7624),#7618,.F.);
#7626=FILL_AREA_STYLE_COLOUR('',#17);
#7627=FILL_AREA_STYLE('',(#7626));
#7628=SURFACE_STYLE_FILL_AREA(#7627);
#7629=SURFACE_SIDE_STYLE('',(#7628));
#7630=SURFACE_STYLE_USAGE(.POSITIVE.,#7629);
#7631=PRESENTATION_STYLE_ASSIGNMENT((#7630));
#7632=STYLED_ITEM('',(#7631),#7625);
#7633=CARTESIAN_POINT('',(-2.E0,4.25E-1,1.28E0));
#7634=DIRECTION('',(0.E0,1.E0,0.E0));
#7635=DIRECTION('',(0.E0,0.E0,-1.E0));
#7636=AXIS2_PLACEMENT_3D('',#7633,#7634,#7635);
#7637=PLANE('',#7636);
#7638=ORIENTED_EDGE('',*,*,#5457,.T.);
#7639=ORIENTED_EDGE('',*,*,#5387,.T.);
#7641=ORIENTED_EDGE('',*,*,#7640,.F.);
#7642=ORIENTED_EDGE('',*,*,#6959,.F.);
#7643=EDGE_LOOP('',(#7638,#7639,#7641,#7642));
#7644=FACE_OUTER_BOUND('',#7643,.F.);
#7645=ADVANCED_FACE('',(#7644),#7637,.F.);
#7646=FILL_AREA_STYLE_COLOUR('',#17);
#7647=FILL_AREA_STYLE('',(#7646));
#7648=SURFACE_STYLE_FILL_AREA(#7647);
#7649=SURFACE_SIDE_STYLE('',(#7648));
#7650=SURFACE_STYLE_USAGE(.POSITIVE.,#7649);
#7651=PRESENTATION_STYLE_ASSIGNMENT((#7650));
#7652=STYLED_ITEM('',(#7651),#7645);
#7653=CARTESIAN_POINT('',(-2.E0,4.25E-1,7.2E-1));
#7654=DIRECTION('',(0.E0,0.E0,-1.E0));
#7655=DIRECTION('',(0.E0,-1.E0,0.E0));
#7656=AXIS2_PLACEMENT_3D('',#7653,#7654,#7655);
#7657=PLANE('',#7656);
#7658=ORIENTED_EDGE('',*,*,#6961,.F.);
#7659=ORIENTED_EDGE('',*,*,#7640,.T.);
#7660=ORIENTED_EDGE('',*,*,#5385,.T.);
#7662=ORIENTED_EDGE('',*,*,#7661,.F.);
#7663=EDGE_LOOP('',(#7658,#7659,#7660,#7662));
#7664=FACE_OUTER_BOUND('',#7663,.F.);
#7665=ADVANCED_FACE('',(#7664),#7657,.F.);
#7666=FILL_AREA_STYLE_COLOUR('',#17);
#7667=FILL_AREA_STYLE('',(#7666));
#7668=SURFACE_STYLE_FILL_AREA(#7667);
#7669=SURFACE_SIDE_STYLE('',(#7668));
#7670=SURFACE_STYLE_USAGE(.POSITIVE.,#7669);
#7671=PRESENTATION_STYLE_ASSIGNMENT((#7670));
#7672=STYLED_ITEM('',(#7671),#7665);
#7673=CARTESIAN_POINT('',(-2.E0,-4.25E-1,7.2E-1));
#7674=DIRECTION('',(0.E0,-1.E0,0.E0));
#7675=DIRECTION('',(0.E0,0.E0,1.E0));
#7676=AXIS2_PLACEMENT_3D('',#7673,#7674,#7675);
#7677=PLANE('',#7676);
#7678=ORIENTED_EDGE('',*,*,#5449,.F.);
#7679=ORIENTED_EDGE('',*,*,#6963,.T.);
#7680=ORIENTED_EDGE('',*,*,#7661,.T.);
#7681=ORIENTED_EDGE('',*,*,#5383,.T.);
#7682=EDGE_LOOP('',(#7678,#7679,#7680,#7681));
#7683=FACE_OUTER_BOUND('',#7682,.F.);
#7684=ADVANCED_FACE('',(#7683),#7677,.F.);
#7685=FILL_AREA_STYLE_COLOUR('',#17);
#7686=FILL_AREA_STYLE('',(#7685));
#7687=SURFACE_STYLE_FILL_AREA(#7686);
#7688=SURFACE_SIDE_STYLE('',(#7687));
#7689=SURFACE_STYLE_USAGE(.POSITIVE.,#7688);
#7690=PRESENTATION_STYLE_ASSIGNMENT((#7689));
#7691=STYLED_ITEM('',(#7690),#7684);
#7692=CARTESIAN_POINT('',(0.E0,-6.5E-1,0.E0));
#7693=DIRECTION('',(0.E0,-1.E0,0.E0));
#7694=DIRECTION('',(1.E0,0.E0,0.E0));
#7695=AXIS2_PLACEMENT_3D('',#7692,#7693,#7694);
#7696=PLANE('',#7695);
#7697=ORIENTED_EDGE('',*,*,#5994,.F.);
#7698=ORIENTED_EDGE('',*,*,#6066,.T.);
#7700=ORIENTED_EDGE('',*,*,#7699,.F.);
#7702=ORIENTED_EDGE('',*,*,#7701,.F.);
#7704=ORIENTED_EDGE('',*,*,#7703,.F.);
#7706=ORIENTED_EDGE('',*,*,#7705,.F.);
#7707=EDGE_LOOP('',(#7697,#7698,#7700,#7702,#7704,#7706));
#7708=FACE_OUTER_BOUND('',#7707,.F.);
#7709=ADVANCED_FACE('',(#7708),#7696,.T.);
#7710=FILL_AREA_STYLE_COLOUR('',#37);
#7711=FILL_AREA_STYLE('',(#7710));
#7712=SURFACE_STYLE_FILL_AREA(#7711);
#7713=SURFACE_SIDE_STYLE('',(#7712));
#7714=SURFACE_STYLE_USAGE(.POSITIVE.,#7713);
#7715=PRESENTATION_STYLE_ASSIGNMENT((#7714));
#7716=STYLED_ITEM('',(#7715),#7709);
#7717=CARTESIAN_POINT('',(0.E0,-6.5E-1,0.E0));
#7718=DIRECTION('',(0.E0,-1.E0,0.E0));
#7719=DIRECTION('',(1.E0,0.E0,0.E0));
#7720=AXIS2_PLACEMENT_3D('',#7717,#7718,#7719);
#7721=PLANE('',#7720);
#7722=ORIENTED_EDGE('',*,*,#5905,.T.);
#7724=ORIENTED_EDGE('',*,*,#7723,.F.);
#7726=ORIENTED_EDGE('',*,*,#7725,.F.);
#7728=ORIENTED_EDGE('',*,*,#7727,.F.);
#7730=ORIENTED_EDGE('',*,*,#7729,.F.);
#7731=ORIENTED_EDGE('',*,*,#6035,.T.);
#7732=EDGE_LOOP('',(#7722,#7724,#7726,#7728,#7730,#7731));
#7733=FACE_OUTER_BOUND('',#7732,.F.);
#7734=ADVANCED_FACE('',(#7733),#7721,.T.);
#7735=FILL_AREA_STYLE_COLOUR('',#37);
#7736=FILL_AREA_STYLE('',(#7735));
#7737=SURFACE_STYLE_FILL_AREA(#7736);
#7738=SURFACE_SIDE_STYLE('',(#7737));
#7739=SURFACE_STYLE_USAGE(.POSITIVE.,#7738);
#7740=PRESENTATION_STYLE_ASSIGNMENT((#7739));
#7741=STYLED_ITEM('',(#7740),#7734);
#7742=CARTESIAN_POINT('',(-1.6E0,6.5E-1,-1.E-2));
#7743=DIRECTION('',(1.E0,0.E0,0.E0));
#7744=DIRECTION('',(0.E0,0.E0,1.E0));
#7745=AXIS2_PLACEMENT_3D('',#7742,#7743,#7744);
#7746=PLANE('',#7745);
#7747=ORIENTED_EDGE('',*,*,#5938,.F.);
#7749=ORIENTED_EDGE('',*,*,#7748,.T.);
#7750=ORIENTED_EDGE('',*,*,#7699,.T.);
#7751=ORIENTED_EDGE('',*,*,#6064,.F.);
#7752=EDGE_LOOP('',(#7747,#7749,#7750,#7751));
#7753=FACE_OUTER_BOUND('',#7752,.F.);
#7754=ADVANCED_FACE('',(#7753),#7746,.T.);
#7755=CARTESIAN_POINT('',(-2.5E0,6.5E-1,-1.E-2));
#7756=DIRECTION('',(0.E0,0.E0,-1.E0));
#7757=DIRECTION('',(1.E0,0.E0,0.E0));
#7758=AXIS2_PLACEMENT_3D('',#7755,#7756,#7757);
#7759=PLANE('',#7758);
#7760=ORIENTED_EDGE('',*,*,#5936,.F.);
#7762=ORIENTED_EDGE('',*,*,#7761,.T.);
#7763=ORIENTED_EDGE('',*,*,#7701,.T.);
#7764=ORIENTED_EDGE('',*,*,#7748,.F.);
#7765=EDGE_LOOP('',(#7760,#7762,#7763,#7764));
#7766=FACE_OUTER_BOUND('',#7765,.F.);
#7767=ADVANCED_FACE('',(#7766),#7759,.T.);
#7768=FILL_AREA_STYLE_COLOUR('',#37);
#7769=FILL_AREA_STYLE('',(#7768));
#7770=SURFACE_STYLE_FILL_AREA(#7769);
#7771=SURFACE_SIDE_STYLE('',(#7770));
#7772=SURFACE_STYLE_USAGE(.POSITIVE.,#7771);
#7773=PRESENTATION_STYLE_ASSIGNMENT((#7772));
#7774=STYLED_ITEM('',(#7773),#7767);
#7775=CARTESIAN_POINT('',(-2.5E0,6.5E-1,9.E-2));
#7776=DIRECTION('',(-1.E0,0.E0,0.E0));
#7777=DIRECTION('',(0.E0,0.E0,-1.E0));
#7778=AXIS2_PLACEMENT_3D('',#7775,#7776,#7777);
#7779=PLANE('',#7778);
#7780=ORIENTED_EDGE('',*,*,#5934,.F.);
#7782=ORIENTED_EDGE('',*,*,#7781,.T.);
#7783=ORIENTED_EDGE('',*,*,#7703,.T.);
#7784=ORIENTED_EDGE('',*,*,#7761,.F.);
#7785=EDGE_LOOP('',(#7780,#7782,#7783,#7784));
#7786=FACE_OUTER_BOUND('',#7785,.F.);
#7787=ADVANCED_FACE('',(#7786),#7779,.T.);
#7788=FILL_AREA_STYLE_COLOUR('',#37);
#7789=FILL_AREA_STYLE('',(#7788));
#7790=SURFACE_STYLE_FILL_AREA(#7789);
#7791=SURFACE_SIDE_STYLE('',(#7790));
#7792=SURFACE_STYLE_USAGE(.POSITIVE.,#7791);
#7793=PRESENTATION_STYLE_ASSIGNMENT((#7792));
#7794=STYLED_ITEM('',(#7793),#7787);
#7795=CARTESIAN_POINT('',(-1.6E0,6.5E-1,9.E-2));
#7796=DIRECTION('',(0.E0,0.E0,1.E0));
#7797=DIRECTION('',(-1.E0,0.E0,0.E0));
#7798=AXIS2_PLACEMENT_3D('',#7795,#7796,#7797);
#7799=PLANE('',#7798);
#7800=ORIENTED_EDGE('',*,*,#5996,.T.);
#7801=ORIENTED_EDGE('',*,*,#7705,.T.);
#7802=ORIENTED_EDGE('',*,*,#7781,.F.);
#7803=ORIENTED_EDGE('',*,*,#5932,.F.);
#7804=EDGE_LOOP('',(#7800,#7801,#7802,#7803));
#7805=FACE_OUTER_BOUND('',#7804,.F.);
#7806=ADVANCED_FACE('',(#7805),#7799,.T.);
#7807=FILL_AREA_STYLE_COLOUR('',#37);
#7808=FILL_AREA_STYLE('',(#7807));
#7809=SURFACE_STYLE_FILL_AREA(#7808);
#7810=SURFACE_SIDE_STYLE('',(#7809));
#7811=SURFACE_STYLE_USAGE(.POSITIVE.,#7810);
#7812=PRESENTATION_STYLE_ASSIGNMENT((#7811));
#7813=STYLED_ITEM('',(#7812),#7806);
#7814=CARTESIAN_POINT('',(2.5E0,6.5E-1,9.E-2));
#7815=DIRECTION('',(0.E0,0.E0,1.E0));
#7816=DIRECTION('',(-1.E0,0.E0,0.E0));
#7817=AXIS2_PLACEMENT_3D('',#7814,#7815,#7816);
#7818=PLANE('',#7817);
#7819=ORIENTED_EDGE('',*,*,#5903,.F.);
#7820=ORIENTED_EDGE('',*,*,#5966,.F.);
#7822=ORIENTED_EDGE('',*,*,#7821,.T.);
#7823=ORIENTED_EDGE('',*,*,#7723,.T.);
#7824=EDGE_LOOP('',(#7819,#7820,#7822,#7823));
#7825=FACE_OUTER_BOUND('',#7824,.F.);
#7826=ADVANCED_FACE('',(#7825),#7818,.T.);
#7827=FILL_AREA_STYLE_COLOUR('',#37);
#7828=FILL_AREA_STYLE('',(#7827));
#7829=SURFACE_STYLE_FILL_AREA(#7828);
#7830=SURFACE_SIDE_STYLE('',(#7829));
#7831=SURFACE_STYLE_USAGE(.POSITIVE.,#7830);
#7832=PRESENTATION_STYLE_ASSIGNMENT((#7831));
#7833=STYLED_ITEM('',(#7832),#7826);
#7834=CARTESIAN_POINT('',(2.5E0,6.5E-1,-1.E-2));
#7835=DIRECTION('',(1.E0,0.E0,0.E0));
#7836=DIRECTION('',(0.E0,0.E0,1.E0));
#7837=AXIS2_PLACEMENT_3D('',#7834,#7835,#7836);
#7838=PLANE('',#7837);
#7839=ORIENTED_EDGE('',*,*,#5964,.F.);
#7841=ORIENTED_EDGE('',*,*,#7840,.T.);
#7842=ORIENTED_EDGE('',*,*,#7725,.T.);
#7843=ORIENTED_EDGE('',*,*,#7821,.F.);
#7844=EDGE_LOOP('',(#7839,#7841,#7842,#7843));
#7845=FACE_OUTER_BOUND('',#7844,.F.);
#7846=ADVANCED_FACE('',(#7845),#7838,.T.);
#7847=FILL_AREA_STYLE_COLOUR('',#37);
#7848=FILL_AREA_STYLE('',(#7847));
#7849=SURFACE_STYLE_FILL_AREA(#7848);
#7850=SURFACE_SIDE_STYLE('',(#7849));
#7851=SURFACE_STYLE_USAGE(.POSITIVE.,#7850);
#7852=PRESENTATION_STYLE_ASSIGNMENT((#7851));
#7853=STYLED_ITEM('',(#7852),#7846);
#7854=CARTESIAN_POINT('',(1.6E0,6.5E-1,-1.E-2));
#7855=DIRECTION('',(0.E0,0.E0,-1.E0));
#7856=DIRECTION('',(1.E0,0.E0,0.E0));
#7857=AXIS2_PLACEMENT_3D('',#7854,#7855,#7856);
#7858=PLANE('',#7857);
#7859=ORIENTED_EDGE('',*,*,#5962,.F.);
#7861=ORIENTED_EDGE('',*,*,#7860,.T.);
#7862=ORIENTED_EDGE('',*,*,#7727,.T.);
#7863=ORIENTED_EDGE('',*,*,#7840,.F.);
#7864=EDGE_LOOP('',(#7859,#7861,#7862,#7863));
#7865=FACE_OUTER_BOUND('',#7864,.F.);
#7866=ADVANCED_FACE('',(#7865),#7858,.T.);
#7867=FILL_AREA_STYLE_COLOUR('',#37);
#7868=FILL_AREA_STYLE('',(#7867));
#7869=SURFACE_STYLE_FILL_AREA(#7868);
#7870=SURFACE_SIDE_STYLE('',(#7869));
#7871=SURFACE_STYLE_USAGE(.POSITIVE.,#7870);
#7872=PRESENTATION_STYLE_ASSIGNMENT((#7871));
#7873=STYLED_ITEM('',(#7872),#7866);
#7874=CARTESIAN_POINT('',(1.6E0,6.5E-1,9.E-2));
#7875=DIRECTION('',(-1.E0,0.E0,0.E0));
#7876=DIRECTION('',(0.E0,0.E0,-1.E0));
#7877=AXIS2_PLACEMENT_3D('',#7874,#7875,#7876);
#7878=PLANE('',#7877);
#7879=ORIENTED_EDGE('',*,*,#5960,.F.);
#7880=ORIENTED_EDGE('',*,*,#6037,.T.);
#7881=ORIENTED_EDGE('',*,*,#7729,.T.);
#7882=ORIENTED_EDGE('',*,*,#7860,.F.);
#7883=EDGE_LOOP('',(#7879,#7880,#7881,#7882));
#7884=FACE_OUTER_BOUND('',#7883,.F.);
#7885=ADVANCED_FACE('',(#7884),#7878,.T.);
#7886=CARTESIAN_POINT('',(2.E0,7.E-1,1.5E-1));
#7887=DIRECTION('',(0.E0,-1.E0,0.E0));
#7888=DIRECTION('',(0.E0,0.E0,-1.E0));
#7889=AXIS2_PLACEMENT_3D('',#7886,#7887,#7888);
#7890=PLANE('',#7889);
#7891=ORIENTED_EDGE('',*,*,#5911,.F.);
#7892=ORIENTED_EDGE('',*,*,#5861,.F.);
#7893=ORIENTED_EDGE('',*,*,#5841,.F.);
#7894=ORIENTED_EDGE('',*,*,#6041,.T.);
#7895=EDGE_LOOP('',(#7891,#7892,#7893,#7894));
#7896=FACE_OUTER_BOUND('',#7895,.F.);
#7897=ADVANCED_FACE('',(#7896),#7890,.T.);
#7898=FILL_AREA_STYLE_COLOUR('',#17);
#7899=FILL_AREA_STYLE('',(#7898));
#7900=SURFACE_STYLE_FILL_AREA(#7899);
#7901=SURFACE_SIDE_STYLE('',(#7900));
#7902=SURFACE_STYLE_USAGE(.POSITIVE.,#7901);
#7903=PRESENTATION_STYLE_ASSIGNMENT((#7902));
#7904=STYLED_ITEM('',(#7903),#7897);
#7905=CARTESIAN_POINT('',(3.101E-1,-6.510502774842E-1,0.E0));
#7906=DIRECTION('',(-1.E0,0.E0,0.E0));
#7907=DIRECTION('',(0.E0,1.E0,0.E0));
#7908=AXIS2_PLACEMENT_3D('',#7905,#7906,#7907);
#7909=PLANE('',#7908);
#7910=ORIENTED_EDGE('',*,*,#6080,.F.);
#7912=ORIENTED_EDGE('',*,*,#7911,.T.);
#7914=ORIENTED_EDGE('',*,*,#7913,.T.);
#7916=ORIENTED_EDGE('',*,*,#7915,.F.);
#7917=EDGE_LOOP('',(#7910,#7912,#7914,#7916));
#7918=FACE_OUTER_BOUND('',#7917,.F.);
#7919=ADVANCED_FACE('',(#7918),#7909,.T.);
#7920=FILL_AREA_STYLE_COLOUR('',#42);
#7921=FILL_AREA_STYLE('',(#7920));
#7922=SURFACE_STYLE_FILL_AREA(#7921);
#7923=SURFACE_SIDE_STYLE('',(#7922));
#7924=SURFACE_STYLE_USAGE(.POSITIVE.,#7923);
#7925=PRESENTATION_STYLE_ASSIGNMENT((#7924));
#7926=STYLED_ITEM('',(#7925),#7919);
#7927=CARTESIAN_POINT('',(3.420187846855E-1,-6.510502774842E-1,0.E0));
#7928=DIRECTION('',(0.E0,-1.E0,0.E0));
#7929=DIRECTION('',(-1.E0,0.E0,0.E0));
#7930=AXIS2_PLACEMENT_3D('',#7927,#7928,#7929);
#7931=PLANE('',#7930);
#7932=ORIENTED_EDGE('',*,*,#6090,.F.);
#7934=ORIENTED_EDGE('',*,*,#7933,.T.);
#7936=ORIENTED_EDGE('',*,*,#7935,.T.);
#7937=ORIENTED_EDGE('',*,*,#7911,.F.);
#7938=EDGE_LOOP('',(#7932,#7934,#7936,#7937));
#7939=FACE_OUTER_BOUND('',#7938,.F.);
#7940=ADVANCED_FACE('',(#7939),#7931,.T.);
#7941=FILL_AREA_STYLE_COLOUR('',#42);
#7942=FILL_AREA_STYLE('',(#7941));
#7943=SURFACE_STYLE_FILL_AREA(#7942);
#7944=SURFACE_SIDE_STYLE('',(#7943));
#7945=SURFACE_STYLE_USAGE(.POSITIVE.,#7944);
#7946=PRESENTATION_STYLE_ASSIGNMENT((#7945));
#7947=STYLED_ITEM('',(#7946),#7940);
#7948=CARTESIAN_POINT('',(3.420187846855E-1,-4.282979076830E-1,0.E0));
#7949=DIRECTION('',(1.E0,0.E0,0.E0));
#7950=DIRECTION('',(0.E0,-1.E0,0.E0));
#7951=AXIS2_PLACEMENT_3D('',#7948,#7949,#7950);
#7952=PLANE('',#7951);
#7953=ORIENTED_EDGE('',*,*,#6088,.F.);
#7955=ORIENTED_EDGE('',*,*,#7954,.T.);
#7957=ORIENTED_EDGE('',*,*,#7956,.T.);
#7958=ORIENTED_EDGE('',*,*,#7933,.F.);
#7959=EDGE_LOOP('',(#7953,#7955,#7957,#7958));
#7960=FACE_OUTER_BOUND('',#7959,.F.);
#7961=ADVANCED_FACE('',(#7960),#7952,.T.);
#7962=FILL_AREA_STYLE_COLOUR('',#42);
#7963=FILL_AREA_STYLE('',(#7962));
#7964=SURFACE_STYLE_FILL_AREA(#7963);
#7965=SURFACE_SIDE_STYLE('',(#7964));
#7966=SURFACE_STYLE_USAGE(.POSITIVE.,#7965);
#7967=PRESENTATION_STYLE_ASSIGNMENT((#7966));
#7968=STYLED_ITEM('',(#7967),#7961);
#7969=CARTESIAN_POINT('',(5.016127081131E-1,-4.282979076830E-1,0.E0));
#7970=DIRECTION('',(0.E0,-1.E0,0.E0));
#7971=DIRECTION('',(-1.E0,0.E0,0.E0));
#7972=AXIS2_PLACEMENT_3D('',#7969,#7970,#7971);
#7973=PLANE('',#7972);
#7974=ORIENTED_EDGE('',*,*,#6086,.F.);
#7976=ORIENTED_EDGE('',*,*,#7975,.T.);
#7978=ORIENTED_EDGE('',*,*,#7977,.T.);
#7979=ORIENTED_EDGE('',*,*,#7954,.F.);
#7980=EDGE_LOOP('',(#7974,#7976,#7978,#7979));
#7981=FACE_OUTER_BOUND('',#7980,.F.);
#7982=ADVANCED_FACE('',(#7981),#7973,.T.);
#7983=FILL_AREA_STYLE_COLOUR('',#42);
#7984=FILL_AREA_STYLE('',(#7983));
#7985=SURFACE_STYLE_FILL_AREA(#7984);
#7986=SURFACE_SIDE_STYLE('',(#7985));
#7987=SURFACE_STYLE_USAGE(.POSITIVE.,#7986);
#7988=PRESENTATION_STYLE_ASSIGNMENT((#7987));
#7989=STYLED_ITEM('',(#7988),#7982);
#7990=CARTESIAN_POINT('',(5.016127081131E-1,-3.957E-1,0.E0));
#7991=DIRECTION('',(1.E0,0.E0,0.E0));
#7992=DIRECTION('',(0.E0,-1.E0,0.E0));
#7993=AXIS2_PLACEMENT_3D('',#7990,#7991,#7992);
#7994=PLANE('',#7993);
#7995=ORIENTED_EDGE('',*,*,#6084,.F.);
#7997=ORIENTED_EDGE('',*,*,#7996,.T.);
#7999=ORIENTED_EDGE('',*,*,#7998,.T.);
#8000=ORIENTED_EDGE('',*,*,#7975,.F.);
#8001=EDGE_LOOP('',(#7995,#7997,#7999,#8000));
#8002=FACE_OUTER_BOUND('',#8001,.F.);
#8003=ADVANCED_FACE('',(#8002),#7994,.T.);
#8004=FILL_AREA_STYLE_COLOUR('',#42);
#8005=FILL_AREA_STYLE('',(#8004));
#8006=SURFACE_STYLE_FILL_AREA(#8005);
#8007=SURFACE_SIDE_STYLE('',(#8006));
#8008=SURFACE_STYLE_USAGE(.POSITIVE.,#8007);
#8009=PRESENTATION_STYLE_ASSIGNMENT((#8008));
#8010=STYLED_ITEM('',(#8009),#8003);
#8011=CARTESIAN_POINT('',(3.101E-1,-3.957E-1,0.E0));
#8012=DIRECTION('',(0.E0,1.E0,0.E0));
#8013=DIRECTION('',(1.E0,0.E0,0.E0));
#8014=AXIS2_PLACEMENT_3D('',#8011,#8012,#8013);
#8015=PLANE('',#8014);
#8016=ORIENTED_EDGE('',*,*,#6082,.F.);
#8017=ORIENTED_EDGE('',*,*,#7915,.T.);
#8019=ORIENTED_EDGE('',*,*,#8018,.T.);
#8020=ORIENTED_EDGE('',*,*,#7996,.F.);
#8021=EDGE_LOOP('',(#8016,#8017,#8019,#8020));
#8022=FACE_OUTER_BOUND('',#8021,.F.);
#8023=ADVANCED_FACE('',(#8022),#8015,.T.);
#8024=FILL_AREA_STYLE_COLOUR('',#42);
#8025=FILL_AREA_STYLE('',(#8024));
#8026=SURFACE_STYLE_FILL_AREA(#8025);
#8027=SURFACE_SIDE_STYLE('',(#8026));
#8028=SURFACE_STYLE_USAGE(.POSITIVE.,#8027);
#8029=PRESENTATION_STYLE_ASSIGNMENT((#8028));
#8030=STYLED_ITEM('',(#8029),#8023);
#8031=CARTESIAN_POINT('',(0.E0,0.E0,-1.E-2));
#8032=DIRECTION('',(0.E0,0.E0,-1.E0));
#8033=DIRECTION('',(1.E0,0.E0,0.E0));
#8034=AXIS2_PLACEMENT_3D('',#8031,#8032,#8033);
#8035=PLANE('',#8034);
#8036=ORIENTED_EDGE('',*,*,#7913,.F.);
#8037=ORIENTED_EDGE('',*,*,#7935,.F.);
#8038=ORIENTED_EDGE('',*,*,#7956,.F.);
#8039=ORIENTED_EDGE('',*,*,#7977,.F.);
#8040=ORIENTED_EDGE('',*,*,#7998,.F.);
#8041=ORIENTED_EDGE('',*,*,#8018,.F.);
#8042=EDGE_LOOP('',(#8036,#8037,#8038,#8039,#8040,#8041));
#8043=FACE_OUTER_BOUND('',#8042,.F.);
#8044=ADVANCED_FACE('',(#8043),#8035,.T.);
#8045=FILL_AREA_STYLE_COLOUR('',#42);
#8046=FILL_AREA_STYLE('',(#8045));
#8047=SURFACE_STYLE_FILL_AREA(#8046);
#8048=SURFACE_SIDE_STYLE('',(#8047));
#8049=SURFACE_STYLE_USAGE(.POSITIVE.,#8048);
#8050=PRESENTATION_STYLE_ASSIGNMENT((#8049));
#8051=STYLED_ITEM('',(#8050),#8044);
#8052=CARTESIAN_POINT('',(0.E0,0.E0,-1.E-2));
#8053=DIRECTION('',(0.E0,0.E0,-1.E0));
#8054=DIRECTION('',(1.E0,0.E0,0.E0));
#8055=AXIS2_PLACEMENT_3D('',#8052,#8053,#8054);
#8056=PLANE('',#8055);
#8058=ORIENTED_EDGE('',*,*,#8057,.F.);
#8060=ORIENTED_EDGE('',*,*,#8059,.F.);
#8062=ORIENTED_EDGE('',*,*,#8061,.F.);
#8064=ORIENTED_EDGE('',*,*,#8063,.F.);
#8066=ORIENTED_EDGE('',*,*,#8065,.F.);
#8068=ORIENTED_EDGE('',*,*,#8067,.F.);
#8070=ORIENTED_EDGE('',*,*,#8069,.F.);
#8072=ORIENTED_EDGE('',*,*,#8071,.F.);
#8074=ORIENTED_EDGE('',*,*,#8073,.F.);
#8076=ORIENTED_EDGE('',*,*,#8075,.F.);
#8078=ORIENTED_EDGE('',*,*,#8077,.F.);
#8080=ORIENTED_EDGE('',*,*,#8079,.F.);
#8082=ORIENTED_EDGE('',*,*,#8081,.F.);
#8084=ORIENTED_EDGE('',*,*,#8083,.F.);
#8086=ORIENTED_EDGE('',*,*,#8085,.F.);
#8088=ORIENTED_EDGE('',*,*,#8087,.F.);
#8090=ORIENTED_EDGE('',*,*,#8089,.F.);
#8092=ORIENTED_EDGE('',*,*,#8091,.F.);
#8094=ORIENTED_EDGE('',*,*,#8093,.F.);
#8096=ORIENTED_EDGE('',*,*,#8095,.F.);
#8098=ORIENTED_EDGE('',*,*,#8097,.F.);
#8100=ORIENTED_EDGE('',*,*,#8099,.F.);
#8102=ORIENTED_EDGE('',*,*,#8101,.F.);
#8104=ORIENTED_EDGE('',*,*,#8103,.F.);
#8106=ORIENTED_EDGE('',*,*,#8105,.F.);
#8108=ORIENTED_EDGE('',*,*,#8107,.F.);
#8110=ORIENTED_EDGE('',*,*,#8109,.F.);
#8112=ORIENTED_EDGE('',*,*,#8111,.F.);
#8114=ORIENTED_EDGE('',*,*,#8113,.F.);
#8116=ORIENTED_EDGE('',*,*,#8115,.F.);
#8118=ORIENTED_EDGE('',*,*,#8117,.F.);
#8120=ORIENTED_EDGE('',*,*,#8119,.F.);
#8122=ORIENTED_EDGE('',*,*,#8121,.F.);
#8124=ORIENTED_EDGE('',*,*,#8123,.F.);
#8126=ORIENTED_EDGE('',*,*,#8125,.F.);
#8128=ORIENTED_EDGE('',*,*,#8127,.F.);
#8130=ORIENTED_EDGE('',*,*,#8129,.F.);
#8132=ORIENTED_EDGE('',*,*,#8131,.F.);
#8134=ORIENTED_EDGE('',*,*,#8133,.F.);
#8136=ORIENTED_EDGE('',*,*,#8135,.F.);
#8137=EDGE_LOOP('',(#8058,#8060,#8062,#8064,#8066,#8068,#8070,#8072,#8074,#8076,
#8078,#8080,#8082,#8084,#8086,#8088,#8090,#8092,#8094,#8096,#8098,#8100,#8102,
#8104,#8106,#8108,#8110,#8112,#8114,#8116,#8118,#8120,#8122,#8124,#8126,#8128,
#8130,#8132,#8134,#8136));
#8138=FACE_OUTER_BOUND('',#8137,.F.);
#8139=ADVANCED_FACE('',(#8138),#8056,.T.);
#8140=FILL_AREA_STYLE_COLOUR('',#42);
#8141=FILL_AREA_STYLE('',(#8140));
#8142=SURFACE_STYLE_FILL_AREA(#8141);
#8143=SURFACE_SIDE_STYLE('',(#8142));
#8144=SURFACE_STYLE_USAGE(.POSITIVE.,#8143);
#8145=PRESENTATION_STYLE_ASSIGNMENT((#8144));
#8146=STYLED_ITEM('',(#8145),#8139);
#8147=CARTESIAN_POINT('',(0.E0,0.E0,-1.E-2));
#8148=DIRECTION('',(0.E0,0.E0,-1.E0));
#8149=DIRECTION('',(1.E0,0.E0,0.E0));
#8150=AXIS2_PLACEMENT_3D('',#8147,#8148,#8149);
#8151=PLANE('',#8150);
#8153=ORIENTED_EDGE('',*,*,#8152,.F.);
#8155=ORIENTED_EDGE('',*,*,#8154,.F.);
#8157=ORIENTED_EDGE('',*,*,#8156,.F.);
#8159=ORIENTED_EDGE('',*,*,#8158,.F.);
#8161=ORIENTED_EDGE('',*,*,#8160,.F.);
#8163=ORIENTED_EDGE('',*,*,#8162,.F.);
#8165=ORIENTED_EDGE('',*,*,#8164,.F.);
#8167=ORIENTED_EDGE('',*,*,#8166,.F.);
#8169=ORIENTED_EDGE('',*,*,#8168,.F.);
#8171=ORIENTED_EDGE('',*,*,#8170,.F.);
#8173=ORIENTED_EDGE('',*,*,#8172,.F.);
#8175=ORIENTED_EDGE('',*,*,#8174,.F.);
#8176=EDGE_LOOP('',(#8153,#8155,#8157,#8159,#8161,#8163,#8165,#8167,#8169,#8171,
#8173,#8175));
#8177=FACE_OUTER_BOUND('',#8176,.F.);
#8178=ADVANCED_FACE('',(#8177),#8151,.T.);
#8179=FILL_AREA_STYLE_COLOUR('',#42);
#8180=FILL_AREA_STYLE('',(#8179));
#8181=SURFACE_STYLE_FILL_AREA(#8180);
#8182=SURFACE_SIDE_STYLE('',(#8181));
#8183=SURFACE_STYLE_USAGE(.POSITIVE.,#8182);
#8184=PRESENTATION_STYLE_ASSIGNMENT((#8183));
#8185=STYLED_ITEM('',(#8184),#8178);
#8186=CARTESIAN_POINT('',(0.E0,0.E0,-1.E-2));
#8187=DIRECTION('',(0.E0,0.E0,-1.E0));
#8188=DIRECTION('',(1.E0,0.E0,0.E0));
#8189=AXIS2_PLACEMENT_3D('',#8186,#8187,#8188);
#8190=PLANE('',#8189);
#8192=ORIENTED_EDGE('',*,*,#8191,.F.);
#8194=ORIENTED_EDGE('',*,*,#8193,.F.);
#8196=ORIENTED_EDGE('',*,*,#8195,.F.);
#8198=ORIENTED_EDGE('',*,*,#8197,.F.);
#8200=ORIENTED_EDGE('',*,*,#8199,.F.);
#8202=ORIENTED_EDGE('',*,*,#8201,.F.);
#8204=ORIENTED_EDGE('',*,*,#8203,.F.);
#8206=ORIENTED_EDGE('',*,*,#8205,.F.);
#8208=ORIENTED_EDGE('',*,*,#8207,.F.);
#8210=ORIENTED_EDGE('',*,*,#8209,.F.);
#8212=ORIENTED_EDGE('',*,*,#8211,.F.);
#8214=ORIENTED_EDGE('',*,*,#8213,.F.);
#8216=ORIENTED_EDGE('',*,*,#8215,.F.);
#8218=ORIENTED_EDGE('',*,*,#8217,.F.);
#8219=EDGE_LOOP('',(#8192,#8194,#8196,#8198,#8200,#8202,#8204,#8206,#8208,#8210,
#8212,#8214,#8216,#8218));
#8220=FACE_OUTER_BOUND('',#8219,.F.);
#8222=ORIENTED_EDGE('',*,*,#8221,.F.);
#8224=ORIENTED_EDGE('',*,*,#8223,.F.);
#8226=ORIENTED_EDGE('',*,*,#8225,.F.);
#8228=ORIENTED_EDGE('',*,*,#8227,.F.);
#8230=ORIENTED_EDGE('',*,*,#8229,.F.);
#8232=ORIENTED_EDGE('',*,*,#8231,.F.);
#8234=ORIENTED_EDGE('',*,*,#8233,.F.);
#8236=ORIENTED_EDGE('',*,*,#8235,.F.);
#8238=ORIENTED_EDGE('',*,*,#8237,.F.);
#8240=ORIENTED_EDGE('',*,*,#8239,.F.);
#8242=ORIENTED_EDGE('',*,*,#8241,.F.);
#8244=ORIENTED_EDGE('',*,*,#8243,.F.);
#8245=EDGE_LOOP('',(#8222,#8224,#8226,#8228,#8230,#8232,#8234,#8236,#8238,#8240,
#8242,#8244));
#8246=FACE_BOUND('',#8245,.F.);
#8247=ADVANCED_FACE('',(#8220,#8246),#8190,.T.);
#8248=FILL_AREA_STYLE_COLOUR('',#42);
#8249=FILL_AREA_STYLE('',(#8248));
#8250=SURFACE_STYLE_FILL_AREA(#8249);
#8251=SURFACE_SIDE_STYLE('',(#8250));
#8252=SURFACE_STYLE_USAGE(.POSITIVE.,#8251);
#8253=PRESENTATION_STYLE_ASSIGNMENT((#8252));
#8254=STYLED_ITEM('',(#8253),#8247);
#8255=CARTESIAN_POINT('',(0.E0,0.E0,-1.E-2));
#8256=DIRECTION('',(0.E0,0.E0,-1.E0));
#8257=DIRECTION('',(1.E0,0.E0,0.E0));
#8258=AXIS2_PLACEMENT_3D('',#8255,#8256,#8257);
#8259=PLANE('',#8258);
#8261=ORIENTED_EDGE('',*,*,#8260,.F.);
#8263=ORIENTED_EDGE('',*,*,#8262,.F.);
#8265=ORIENTED_EDGE('',*,*,#8264,.F.);
#8267=ORIENTED_EDGE('',*,*,#8266,.F.);
#8269=ORIENTED_EDGE('',*,*,#8268,.F.);
#8271=ORIENTED_EDGE('',*,*,#8270,.F.);
#8273=ORIENTED_EDGE('',*,*,#8272,.F.);
#8275=ORIENTED_EDGE('',*,*,#8274,.F.);
#8276=EDGE_LOOP('',(#8261,#8263,#8265,#8267,#8269,#8271,#8273,#8275));
#8277=FACE_OUTER_BOUND('',#8276,.F.);
#8279=ORIENTED_EDGE('',*,*,#8278,.F.);
#8281=ORIENTED_EDGE('',*,*,#8280,.F.);
#8283=ORIENTED_EDGE('',*,*,#8282,.F.);
#8284=EDGE_LOOP('',(#8279,#8281,#8283));
#8285=FACE_BOUND('',#8284,.F.);
#8286=ADVANCED_FACE('',(#8277,#8285),#8259,.T.);
#8287=FILL_AREA_STYLE_COLOUR('',#42);
#8288=FILL_AREA_STYLE('',(#8287));
#8289=SURFACE_STYLE_FILL_AREA(#8288);
#8290=SURFACE_SIDE_STYLE('',(#8289));
#8291=SURFACE_STYLE_USAGE(.POSITIVE.,#8290);
#8292=PRESENTATION_STYLE_ASSIGNMENT((#8291));
#8293=STYLED_ITEM('',(#8292),#8286);
#8294=CARTESIAN_POINT('',(7.516431780030E-1,-4.608958153660E-1,0.E0));
#8295=DIRECTION('',(0.E0,-1.E0,0.E0));
#8296=DIRECTION('',(-1.E0,0.E0,0.E0));
#8297=AXIS2_PLACEMENT_3D('',#8294,#8295,#8296);
#8298=PLANE('',#8297);
#8299=ORIENTED_EDGE('',*,*,#6094,.F.);
#8301=ORIENTED_EDGE('',*,*,#8300,.T.);
#8302=ORIENTED_EDGE('',*,*,#8057,.T.);
#8304=ORIENTED_EDGE('',*,*,#8303,.F.);
#8305=EDGE_LOOP('',(#8299,#8301,#8302,#8304));
#8306=FACE_OUTER_BOUND('',#8305,.F.);
#8307=ADVANCED_FACE('',(#8306),#8298,.T.);
#8308=FILL_AREA_STYLE_COLOUR('',#42);
#8309=FILL_AREA_STYLE('',(#8308));
#8310=SURFACE_STYLE_FILL_AREA(#8309);
#8311=SURFACE_SIDE_STYLE('',(#8310));
#8312=SURFACE_STYLE_USAGE(.POSITIVE.,#8311);
#8313=PRESENTATION_STYLE_ASSIGNMENT((#8312));
#8314=STYLED_ITEM('',(#8313),#8307);
#8315=CARTESIAN_POINT('',(7.463234008489E-1,-4.337308916626E-1,0.E0));
#8316=DIRECTION('',(9.813592778365E-1,1.921821214477E-1,0.E0));
#8317=DIRECTION('',(1.921821214477E-1,-9.813592778365E-1,0.E0));
#8318=AXIS2_PLACEMENT_3D('',#8315,#8316,#8317);
#8319=PLANE('',#8318);
#8320=ORIENTED_EDGE('',*,*,#6172,.F.);
#8322=ORIENTED_EDGE('',*,*,#8321,.T.);
#8323=ORIENTED_EDGE('',*,*,#8059,.T.);
#8324=ORIENTED_EDGE('',*,*,#8300,.F.);
#8325=EDGE_LOOP('',(#8320,#8322,#8323,#8324));
#8326=FACE_OUTER_BOUND('',#8325,.F.);
#8327=ADVANCED_FACE('',(#8326),#8319,.T.);
#8328=FILL_AREA_STYLE_COLOUR('',#42);
#8329=FILL_AREA_STYLE('',(#8328));
#8330=SURFACE_STYLE_FILL_AREA(#8329);
#8331=SURFACE_SIDE_STYLE('',(#8330));
#8332=SURFACE_STYLE_USAGE(.POSITIVE.,#8331);
#8333=PRESENTATION_STYLE_ASSIGNMENT((#8332));
#8334=STYLED_ITEM('',(#8333),#8327);
#8335=CARTESIAN_POINT('',(7.250442009118E-1,-4.119989538415E-1,0.E0));
#8336=DIRECTION('',(7.145102486526E-1,6.996249742329E-1,0.E0));
#8337=DIRECTION('',(6.996249742329E-1,-7.145102486526E-1,0.E0));
#8338=AXIS2_PLACEMENT_3D('',#8335,#8336,#8337);
#8339=PLANE('',#8338);
#8340=ORIENTED_EDGE('',*,*,#6170,.F.);
#8342=ORIENTED_EDGE('',*,*,#8341,.T.);
#8343=ORIENTED_EDGE('',*,*,#8061,.T.);
#8344=ORIENTED_EDGE('',*,*,#8321,.F.);
#8345=EDGE_LOOP('',(#8340,#8342,#8343,#8344));
#8346=FACE_OUTER_BOUND('',#8345,.F.);
#8347=ADVANCED_FACE('',(#8346),#8339,.T.);
#8348=FILL_AREA_STYLE_COLOUR('',#42);
#8349=FILL_AREA_STYLE('',(#8348));
#8350=SURFACE_STYLE_FILL_AREA(#8349);
#8351=SURFACE_SIDE_STYLE('',(#8350));
#8352=SURFACE_STYLE_USAGE(.POSITIVE.,#8351);
#8353=PRESENTATION_STYLE_ASSIGNMENT((#8352));
#8354=STYLED_ITEM('',(#8353),#8347);
#8355=CARTESIAN_POINT('',(7.037650009748E-1,-4.011329844553E-1,0.E0));
#8356=DIRECTION('',(4.547769889117E-1,8.906053505096E-1,0.E0));
#8357=DIRECTION('',(8.906053505096E-1,-4.547769889117E-1,0.E0));
#8358=AXIS2_PLACEMENT_3D('',#8355,#8356,#8357);
#8359=PLANE('',#8358);
#8360=ORIENTED_EDGE('',*,*,#6168,.F.);
#8362=ORIENTED_EDGE('',*,*,#8361,.T.);
#8363=ORIENTED_EDGE('',*,*,#8063,.T.);
#8364=ORIENTED_EDGE('',*,*,#8341,.F.);
#8365=EDGE_LOOP('',(#8360,#8362,#8363,#8364));
#8366=FACE_OUTER_BOUND('',#8365,.F.);
#8367=ADVANCED_FACE('',(#8366),#8359,.T.);
#8368=FILL_AREA_STYLE_COLOUR('',#42);
#8369=FILL_AREA_STYLE('',(#8368));
#8370=SURFACE_STYLE_FILL_AREA(#8369);
#8371=SURFACE_SIDE_STYLE('',(#8370));
#8372=SURFACE_STYLE_USAGE(.POSITIVE.,#8371);
#8373=PRESENTATION_STYLE_ASSIGNMENT((#8372));
#8374=STYLED_ITEM('',(#8373),#8367);
#8375=CARTESIAN_POINT('',(6.771660238835E-1,-3.957E-1,0.E0));
#8376=DIRECTION('',(2.001234451615E-1,9.797706908745E-1,0.E0));
#8377=DIRECTION('',(9.797706908745E-1,-2.001234451615E-1,0.E0));
#8378=AXIS2_PLACEMENT_3D('',#8375,#8376,#8377);
#8379=PLANE('',#8378);
#8380=ORIENTED_EDGE('',*,*,#6166,.F.);
#8382=ORIENTED_EDGE('',*,*,#8381,.T.);
#8383=ORIENTED_EDGE('',*,*,#8065,.T.);
#8384=ORIENTED_EDGE('',*,*,#8361,.F.);
#8385=EDGE_LOOP('',(#8380,#8382,#8383,#8384));
#8386=FACE_OUTER_BOUND('',#8385,.F.);
#8387=ADVANCED_FACE('',(#8386),#8379,.T.);
#8388=FILL_AREA_STYLE_COLOUR('',#42);
#8389=FILL_AREA_STYLE('',(#8388));
#8390=SURFACE_STYLE_FILL_AREA(#8389);
#8391=SURFACE_SIDE_STYLE('',(#8390));
#8392=SURFACE_STYLE_USAGE(.POSITIVE.,#8391);
#8393=PRESENTATION_STYLE_ASSIGNMENT((#8392));
#8394=STYLED_ITEM('',(#8393),#8387);
#8395=CARTESIAN_POINT('',(6.292878468552E-1,-3.957E-1,0.E0));
#8396=DIRECTION('',(0.E0,1.E0,0.E0));
#8397=DIRECTION('',(1.E0,0.E0,0.E0));
#8398=AXIS2_PLACEMENT_3D('',#8395,#8396,#8397);
#8399=PLANE('',#8398);
#8400=ORIENTED_EDGE('',*,*,#6164,.F.);
#8402=ORIENTED_EDGE('',*,*,#8401,.T.);
#8403=ORIENTED_EDGE('',*,*,#8067,.T.);
#8404=ORIENTED_EDGE('',*,*,#8381,.F.);
#8405=EDGE_LOOP('',(#8400,#8402,#8403,#8404));
#8406=FACE_OUTER_BOUND('',#8405,.F.);
#8407=ADVANCED_FACE('',(#8406),#8399,.T.);
#8408=FILL_AREA_STYLE_COLOUR('',#42);
#8409=FILL_AREA_STYLE('',(#8408));
#8410=SURFACE_STYLE_FILL_AREA(#8409);
#8411=SURFACE_SIDE_STYLE('',(#8410));
#8412=SURFACE_STYLE_USAGE(.POSITIVE.,#8411);
#8413=PRESENTATION_STYLE_ASSIGNMENT((#8412));
#8414=STYLED_ITEM('',(#8413),#8407);
#8415=CARTESIAN_POINT('',(6.026888697640E-1,-4.011329844553E-1,0.E0));
#8416=DIRECTION('',(-2.001234451615E-1,9.797706908745E-1,0.E0));
#8417=DIRECTION('',(9.797706908745E-1,2.001234451615E-1,0.E0));
#8418=AXIS2_PLACEMENT_3D('',#8415,#8416,#8417);
#8419=PLANE('',#8418);
#8420=ORIENTED_EDGE('',*,*,#6162,.F.);
#8422=ORIENTED_EDGE('',*,*,#8421,.T.);
#8423=ORIENTED_EDGE('',*,*,#8069,.T.);
#8424=ORIENTED_EDGE('',*,*,#8401,.F.);
#8425=EDGE_LOOP('',(#8420,#8422,#8423,#8424));
#8426=FACE_OUTER_BOUND('',#8425,.F.);
#8427=ADVANCED_FACE('',(#8426),#8419,.T.);
#8428=FILL_AREA_STYLE_COLOUR('',#42);
#8429=FILL_AREA_STYLE('',(#8428));
#8430=SURFACE_STYLE_FILL_AREA(#8429);
#8431=SURFACE_SIDE_STYLE('',(#8430));
#8432=SURFACE_STYLE_USAGE(.POSITIVE.,#8431);
#8433=PRESENTATION_STYLE_ASSIGNMENT((#8432));
#8434=STYLED_ITEM('',(#8433),#8427);
#8435=CARTESIAN_POINT('',(5.814096698270E-1,-4.119989538415E-1,0.E0));
#8436=DIRECTION('',(-4.547769889117E-1,8.906053505096E-1,0.E0));
#8437=DIRECTION('',(8.906053505096E-1,4.547769889117E-1,0.E0));
#8438=AXIS2_PLACEMENT_3D('',#8435,#8436,#8437);
#8439=PLANE('',#8438);
#8440=ORIENTED_EDGE('',*,*,#6160,.F.);
#8442=ORIENTED_EDGE('',*,*,#8441,.T.);
#8443=ORIENTED_EDGE('',*,*,#8071,.T.);
#8444=ORIENTED_EDGE('',*,*,#8421,.F.);
#8445=EDGE_LOOP('',(#8440,#8442,#8443,#8444));
#8446=FACE_OUTER_BOUND('',#8445,.F.);
#8447=ADVANCED_FACE('',(#8446),#8439,.T.);
#8448=FILL_AREA_STYLE_COLOUR('',#42);
#8449=FILL_AREA_STYLE('',(#8448));
#8450=SURFACE_STYLE_FILL_AREA(#8449);
#8451=SURFACE_SIDE_STYLE('',(#8450));
#8452=SURFACE_STYLE_USAGE(.POSITIVE.,#8451);
#8453=PRESENTATION_STYLE_ASSIGNMENT((#8452));
#8454=STYLED_ITEM('',(#8453),#8447);
#8455=CARTESIAN_POINT('',(5.601304851100E-1,-4.337308916626E-1,0.E0));
#8456=DIRECTION('',(-7.145104988025E-1,6.996247187608E-1,0.E0));
#8457=DIRECTION('',(6.996247187608E-1,7.145104988025E-1,0.E0));
#8458=AXIS2_PLACEMENT_3D('',#8455,#8456,#8457);
#8459=PLANE('',#8458);
#8460=ORIENTED_EDGE('',*,*,#6158,.F.);
#8462=ORIENTED_EDGE('',*,*,#8461,.T.);
#8463=ORIENTED_EDGE('',*,*,#8073,.T.);
#8464=ORIENTED_EDGE('',*,*,#8441,.F.);
#8465=EDGE_LOOP('',(#8460,#8462,#8463,#8464));
#8466=FACE_OUTER_BOUND('',#8465,.F.);
#8467=ADVANCED_FACE('',(#8466),#8459,.T.);
#8468=FILL_AREA_STYLE_COLOUR('',#42);
#8469=FILL_AREA_STYLE('',(#8468));
#8470=SURFACE_STYLE_FILL_AREA(#8469);
#8471=SURFACE_SIDE_STYLE('',(#8470));
#8472=SURFACE_STYLE_USAGE(.POSITIVE.,#8471);
#8473=PRESENTATION_STYLE_ASSIGNMENT((#8472));
#8474=STYLED_ITEM('',(#8473),#8467);
#8475=CARTESIAN_POINT('',(5.494908851414E-1,-4.554628313863E-1,0.E0));
#8476=DIRECTION('',(-8.981380447713E-1,4.397136028534E-1,0.E0));
#8477=DIRECTION('',(4.397136028534E-1,8.981380447713E-1,0.E0));
#8478=AXIS2_PLACEMENT_3D('',#8475,#8476,#8477);
#8479=PLANE('',#8478);
#8480=ORIENTED_EDGE('',*,*,#6156,.F.);
#8482=ORIENTED_EDGE('',*,*,#8481,.T.);
#8483=ORIENTED_EDGE('',*,*,#8075,.T.);
#8484=ORIENTED_EDGE('',*,*,#8461,.F.);
#8485=EDGE_LOOP('',(#8480,#8482,#8483,#8484));
#8486=FACE_OUTER_BOUND('',#8485,.F.);
#8487=ADVANCED_FACE('',(#8486),#8479,.T.);
#8488=FILL_AREA_STYLE_COLOUR('',#42);
#8489=FILL_AREA_STYLE('',(#8488));
#8490=SURFACE_STYLE_FILL_AREA(#8489);
#8491=SURFACE_SIDE_STYLE('',(#8490));
#8492=SURFACE_STYLE_USAGE(.POSITIVE.,#8491);
#8493=PRESENTATION_STYLE_ASSIGNMENT((#8492));
#8494=STYLED_ITEM('',(#8493),#8487);
#8495=CARTESIAN_POINT('',(5.441710927672E-1,-4.826277512846E-1,0.E0));
#8496=DIRECTION('',(-9.813591690599E-1,1.921826769043E-1,0.E0));
#8497=DIRECTION('',(1.921826769043E-1,9.813591690599E-1,0.E0));
#8498=AXIS2_PLACEMENT_3D('',#8495,#8496,#8497);
#8499=PLANE('',#8498);
#8500=ORIENTED_EDGE('',*,*,#6154,.F.);
#8502=ORIENTED_EDGE('',*,*,#8501,.T.);
#8503=ORIENTED_EDGE('',*,*,#8077,.T.);
#8504=ORIENTED_EDGE('',*,*,#8481,.F.);
#8505=EDGE_LOOP('',(#8500,#8502,#8503,#8504));
#8506=FACE_OUTER_BOUND('',#8505,.F.);
#8507=ADVANCED_FACE('',(#8506),#8499,.T.);
#8508=FILL_AREA_STYLE_COLOUR('',#42);
#8509=FILL_AREA_STYLE('',(#8508));
#8510=SURFACE_STYLE_FILL_AREA(#8509);
#8511=SURFACE_SIDE_STYLE('',(#8510));
#8512=SURFACE_STYLE_USAGE(.POSITIVE.,#8511);
#8513=PRESENTATION_STYLE_ASSIGNMENT((#8512));
#8514=STYLED_ITEM('',(#8513),#8507);
#8515=CARTESIAN_POINT('',(5.441710927672E-1,-5.641225185896E-1,0.E0));
#8516=DIRECTION('',(-1.E0,0.E0,0.E0));
#8517=DIRECTION('',(0.E0,1.E0,0.E0));
#8518=AXIS2_PLACEMENT_3D('',#8515,#8516,#8517);
#8519=PLANE('',#8518);
#8520=ORIENTED_EDGE('',*,*,#6152,.F.);
#8522=ORIENTED_EDGE('',*,*,#8521,.T.);
#8523=ORIENTED_EDGE('',*,*,#8079,.T.);
#8524=ORIENTED_EDGE('',*,*,#8501,.F.);
#8525=EDGE_LOOP('',(#8520,#8522,#8523,#8524));
#8526=FACE_OUTER_BOUND('',#8525,.F.);
#8527=ADVANCED_FACE('',(#8526),#8519,.T.);
#8528=FILL_AREA_STYLE_COLOUR('',#42);
#8529=FILL_AREA_STYLE('',(#8528));
#8530=SURFACE_STYLE_FILL_AREA(#8529);
#8531=SURFACE_SIDE_STYLE('',(#8530));
#8532=SURFACE_STYLE_USAGE(.POSITIVE.,#8531);
#8533=PRESENTATION_STYLE_ASSIGNMENT((#8532));
#8534=STYLED_ITEM('',(#8533),#8527);
#8535=CARTESIAN_POINT('',(5.494908851414E-1,-5.912874537079E-1,0.E0));
#8536=DIRECTION('',(-9.813591893677E-1,-1.921825732045E-1,0.E0));
#8537=DIRECTION('',(-1.921825732045E-1,9.813591893677E-1,0.E0));
#8538=AXIS2_PLACEMENT_3D('',#8535,#8536,#8537);
#8539=PLANE('',#8538);
#8540=ORIENTED_EDGE('',*,*,#6150,.F.);
#8542=ORIENTED_EDGE('',*,*,#8541,.T.);
#8543=ORIENTED_EDGE('',*,*,#8081,.T.);
#8544=ORIENTED_EDGE('',*,*,#8521,.F.);
#8545=EDGE_LOOP('',(#8540,#8542,#8543,#8544));
#8546=FACE_OUTER_BOUND('',#8545,.F.);
#8547=ADVANCED_FACE('',(#8546),#8539,.T.);
#8548=FILL_AREA_STYLE_COLOUR('',#42);
#8549=FILL_AREA_STYLE('',(#8548));
#8550=SURFACE_STYLE_FILL_AREA(#8549);
#8551=SURFACE_SIDE_STYLE('',(#8550));
#8552=SURFACE_STYLE_USAGE(.POSITIVE.,#8551);
#8553=PRESENTATION_STYLE_ASSIGNMENT((#8552));
#8554=STYLED_ITEM('',(#8553),#8547);
#8555=CARTESIAN_POINT('',(5.601304851100E-1,-6.130193896266E-1,0.E0));
#8556=DIRECTION('',(-8.981380143666E-1,-4.397136649566E-1,0.E0));
#8557=DIRECTION('',(-4.397136649566E-1,8.981380143666E-1,0.E0));
#8558=AXIS2_PLACEMENT_3D('',#8555,#8556,#8557);
#8559=PLANE('',#8558);
#8560=ORIENTED_EDGE('',*,*,#6148,.F.);
#8562=ORIENTED_EDGE('',*,*,#8561,.T.);
#8563=ORIENTED_EDGE('',*,*,#8083,.T.);
#8564=ORIENTED_EDGE('',*,*,#8541,.F.);
#8565=EDGE_LOOP('',(#8560,#8562,#8563,#8564));
#8566=FACE_OUTER_BOUND('',#8565,.F.);
#8567=ADVANCED_FACE('',(#8566),#8559,.T.);
#8568=FILL_AREA_STYLE_COLOUR('',#42);
#8569=FILL_AREA_STYLE('',(#8568));
#8570=SURFACE_STYLE_FILL_AREA(#8569);
#8571=SURFACE_SIDE_STYLE('',(#8570));
#8572=SURFACE_STYLE_USAGE(.POSITIVE.,#8571);
#8573=PRESENTATION_STYLE_ASSIGNMENT((#8572));
#8574=STYLED_ITEM('',(#8573),#8567);
#8575=CARTESIAN_POINT('',(5.814096698270E-1,-6.347513255452E-1,0.E0));
#8576=DIRECTION('',(-7.145104681851E-1,-6.996247500295E-1,0.E0));
#8577=DIRECTION('',(-6.996247500295E-1,7.145104681851E-1,0.E0));
#8578=AXIS2_PLACEMENT_3D('',#8575,#8576,#8577);
#8579=PLANE('',#8578);
#8580=ORIENTED_EDGE('',*,*,#6146,.F.);
#8582=ORIENTED_EDGE('',*,*,#8581,.T.);
#8583=ORIENTED_EDGE('',*,*,#8085,.T.);
#8584=ORIENTED_EDGE('',*,*,#8561,.F.);
#8585=EDGE_LOOP('',(#8580,#8582,#8583,#8584));
#8586=FACE_OUTER_BOUND('',#8585,.F.);
#8587=ADVANCED_FACE('',(#8586),#8579,.T.);
#8588=FILL_AREA_STYLE_COLOUR('',#42);
#8589=FILL_AREA_STYLE('',(#8588));
#8590=SURFACE_STYLE_FILL_AREA(#8589);
#8591=SURFACE_SIDE_STYLE('',(#8590));
#8592=SURFACE_STYLE_USAGE(.POSITIVE.,#8591);
#8593=PRESENTATION_STYLE_ASSIGNMENT((#8592));
#8594=STYLED_ITEM('',(#8593),#8587);
#8595=CARTESIAN_POINT('',(6.026888697640E-1,-6.456172935045E-1,0.E0));
#8596=DIRECTION('',(-4.547769415434E-1,-8.906053746977E-1,0.E0));
#8597=DIRECTION('',(-8.906053746977E-1,4.547769415434E-1,0.E0));
#8598=AXIS2_PLACEMENT_3D('',#8595,#8596,#8597);
#8599=PLANE('',#8598);
#8600=ORIENTED_EDGE('',*,*,#6144,.F.);
#8602=ORIENTED_EDGE('',*,*,#8601,.T.);
#8603=ORIENTED_EDGE('',*,*,#8087,.T.);
#8604=ORIENTED_EDGE('',*,*,#8581,.F.);
#8605=EDGE_LOOP('',(#8600,#8602,#8603,#8604));
#8606=FACE_OUTER_BOUND('',#8605,.F.);
#8607=ADVANCED_FACE('',(#8606),#8599,.T.);
#8608=FILL_AREA_STYLE_COLOUR('',#42);
#8609=FILL_AREA_STYLE('',(#8608));
#8610=SURFACE_STYLE_FILL_AREA(#8609);
#8611=SURFACE_SIDE_STYLE('',(#8610));
#8612=SURFACE_STYLE_USAGE(.POSITIVE.,#8611);
#8613=PRESENTATION_STYLE_ASSIGNMENT((#8612));
#8614=STYLED_ITEM('',(#8613),#8607);
#8615=CARTESIAN_POINT('',(6.292878468552E-1,-6.510502774842E-1,0.E0));
#8616=DIRECTION('',(-2.001234283435E-1,-9.797706943097E-1,0.E0));
#8617=DIRECTION('',(-9.797706943097E-1,2.001234283435E-1,0.E0));
#8618=AXIS2_PLACEMENT_3D('',#8615,#8616,#8617);
#8619=PLANE('',#8618);
#8620=ORIENTED_EDGE('',*,*,#6142,.F.);
#8622=ORIENTED_EDGE('',*,*,#8621,.T.);
#8623=ORIENTED_EDGE('',*,*,#8089,.T.);
#8624=ORIENTED_EDGE('',*,*,#8601,.F.);
#8625=EDGE_LOOP('',(#8620,#8622,#8623,#8624));
#8626=FACE_OUTER_BOUND('',#8625,.F.);
#8627=ADVANCED_FACE('',(#8626),#8619,.T.);
#8628=FILL_AREA_STYLE_COLOUR('',#42);
#8629=FILL_AREA_STYLE('',(#8628));
#8630=SURFACE_STYLE_FILL_AREA(#8629);
#8631=SURFACE_SIDE_STYLE('',(#8630));
#8632=SURFACE_STYLE_USAGE(.POSITIVE.,#8631);
#8633=PRESENTATION_STYLE_ASSIGNMENT((#8632));
#8634=STYLED_ITEM('',(#8633),#8627);
#8635=CARTESIAN_POINT('',(6.771660238835E-1,-6.510502774842E-1,0.E0));
#8636=DIRECTION('',(0.E0,-1.E0,0.E0));
#8637=DIRECTION('',(-1.E0,0.E0,0.E0));
#8638=AXIS2_PLACEMENT_3D('',#8635,#8636,#8637);
#8639=PLANE('',#8638);
#8640=ORIENTED_EDGE('',*,*,#6140,.F.);
#8642=ORIENTED_EDGE('',*,*,#8641,.T.);
#8643=ORIENTED_EDGE('',*,*,#8091,.T.);
#8644=ORIENTED_EDGE('',*,*,#8621,.F.);
#8645=EDGE_LOOP('',(#8640,#8642,#8643,#8644));
#8646=FACE_OUTER_BOUND('',#8645,.F.);
#8647=ADVANCED_FACE('',(#8646),#8639,.T.);
#8648=FILL_AREA_STYLE_COLOUR('',#42);
#8649=FILL_AREA_STYLE('',(#8648));
#8650=SURFACE_STYLE_FILL_AREA(#8649);
#8651=SURFACE_SIDE_STYLE('',(#8650));
#8652=SURFACE_STYLE_USAGE(.POSITIVE.,#8651);
#8653=PRESENTATION_STYLE_ASSIGNMENT((#8652));
#8654=STYLED_ITEM('',(#8653),#8647);
#8655=CARTESIAN_POINT('',(7.037650009748E-1,-6.456172935045E-1,0.E0));
#8656=DIRECTION('',(2.001234283435E-1,-9.797706943097E-1,0.E0));
#8657=DIRECTION('',(-9.797706943097E-1,-2.001234283435E-1,0.E0));
#8658=AXIS2_PLACEMENT_3D('',#8655,#8656,#8657);
#8659=PLANE('',#8658);
#8660=ORIENTED_EDGE('',*,*,#6138,.F.);
#8662=ORIENTED_EDGE('',*,*,#8661,.T.);
#8663=ORIENTED_EDGE('',*,*,#8093,.T.);
#8664=ORIENTED_EDGE('',*,*,#8641,.F.);
#8665=EDGE_LOOP('',(#8660,#8662,#8663,#8664));
#8666=FACE_OUTER_BOUND('',#8665,.F.);
#8667=ADVANCED_FACE('',(#8666),#8659,.T.);
#8668=FILL_AREA_STYLE_COLOUR('',#42);
#8669=FILL_AREA_STYLE('',(#8668));
#8670=SURFACE_STYLE_FILL_AREA(#8669);
#8671=SURFACE_SIDE_STYLE('',(#8670));
#8672=SURFACE_STYLE_USAGE(.POSITIVE.,#8671);
#8673=PRESENTATION_STYLE_ASSIGNMENT((#8672));
#8674=STYLED_ITEM('',(#8673),#8667);
#8675=CARTESIAN_POINT('',(7.250442009118E-1,-6.347513255452E-1,0.E0));
#8676=DIRECTION('',(4.547769415434E-1,-8.906053746977E-1,0.E0));
#8677=DIRECTION('',(-8.906053746977E-1,-4.547769415434E-1,0.E0));
#8678=AXIS2_PLACEMENT_3D('',#8675,#8676,#8677);
#8679=PLANE('',#8678);
#8680=ORIENTED_EDGE('',*,*,#6136,.F.);
#8682=ORIENTED_EDGE('',*,*,#8681,.T.);
#8683=ORIENTED_EDGE('',*,*,#8095,.T.);
#8684=ORIENTED_EDGE('',*,*,#8661,.F.);
#8685=EDGE_LOOP('',(#8680,#8682,#8683,#8684));
#8686=FACE_OUTER_BOUND('',#8685,.F.);
#8687=ADVANCED_FACE('',(#8686),#8679,.T.);
#8688=FILL_AREA_STYLE_COLOUR('',#42);
#8689=FILL_AREA_STYLE('',(#8688));
#8690=SURFACE_STYLE_FILL_AREA(#8689);
#8691=SURFACE_SIDE_STYLE('',(#8690));
#8692=SURFACE_STYLE_USAGE(.POSITIVE.,#8691);
#8693=PRESENTATION_STYLE_ASSIGNMENT((#8692));
#8694=STYLED_ITEM('',(#8693),#8687);
#8695=CARTESIAN_POINT('',(7.463234008489E-1,-6.130193896266E-1,0.E0));
#8696=DIRECTION('',(7.145102180353E-1,-6.996250055017E-1,0.E0));
#8697=DIRECTION('',(-6.996250055017E-1,-7.145102180353E-1,0.E0));
#8698=AXIS2_PLACEMENT_3D('',#8695,#8696,#8697);
#8699=PLANE('',#8698);
#8700=ORIENTED_EDGE('',*,*,#6134,.F.);
#8702=ORIENTED_EDGE('',*,*,#8701,.T.);
#8703=ORIENTED_EDGE('',*,*,#8097,.T.);
#8704=ORIENTED_EDGE('',*,*,#8681,.F.);
#8705=EDGE_LOOP('',(#8700,#8702,#8703,#8704));
#8706=FACE_OUTER_BOUND('',#8705,.F.);
#8707=ADVANCED_FACE('',(#8706),#8699,.T.);
#8708=FILL_AREA_STYLE_COLOUR('',#42);
#8709=FILL_AREA_STYLE('',(#8708));
#8710=SURFACE_STYLE_FILL_AREA(#8709);
#8711=SURFACE_SIDE_STYLE('',(#8710));
#8712=SURFACE_STYLE_USAGE(.POSITIVE.,#8711);
#8713=PRESENTATION_STYLE_ASSIGNMENT((#8712));
#8714=STYLED_ITEM('',(#8713),#8707);
#8715=CARTESIAN_POINT('',(7.516431780030E-1,-5.858544545082E-1,0.E0));
#8716=DIRECTION('',(9.813592930674E-1,-1.921820436730E-1,0.E0));
#8717=DIRECTION('',(-1.921820436730E-1,-9.813592930674E-1,0.E0));
#8718=AXIS2_PLACEMENT_3D('',#8715,#8716,#8717);
#8719=PLANE('',#8718);
#8720=ORIENTED_EDGE('',*,*,#6132,.F.);
#8722=ORIENTED_EDGE('',*,*,#8721,.T.);
#8723=ORIENTED_EDGE('',*,*,#8099,.T.);
#8724=ORIENTED_EDGE('',*,*,#8701,.F.);
#8725=EDGE_LOOP('',(#8720,#8722,#8723,#8724));
#8726=FACE_OUTER_BOUND('',#8725,.F.);
#8727=ADVANCED_FACE('',(#8726),#8719,.T.);
#8728=FILL_AREA_STYLE_COLOUR('',#42);
#8729=FILL_AREA_STYLE('',(#8728));
#8730=SURFACE_STYLE_FILL_AREA(#8729);
#8731=SURFACE_SIDE_STYLE('',(#8730));
#8732=SURFACE_STYLE_USAGE(.POSITIVE.,#8731);
#8733=PRESENTATION_STYLE_ASSIGNMENT((#8732));
#8734=STYLED_ITEM('',(#8733),#8727);
#8735=CARTESIAN_POINT('',(7.197243933175E-1,-5.858544545082E-1,0.E0));
#8736=DIRECTION('',(0.E0,1.E0,0.E0));
#8737=DIRECTION('',(1.E0,0.E0,0.E0));
#8738=AXIS2_PLACEMENT_3D('',#8735,#8736,#8737);
#8739=PLANE('',#8738);
#8740=ORIENTED_EDGE('',*,*,#6130,.F.);
#8742=ORIENTED_EDGE('',*,*,#8741,.T.);
#8743=ORIENTED_EDGE('',*,*,#8101,.T.);
#8744=ORIENTED_EDGE('',*,*,#8721,.F.);
#8745=EDGE_LOOP('',(#8740,#8742,#8743,#8744));
#8746=FACE_OUTER_BOUND('',#8745,.F.);
#8747=ADVANCED_FACE('',(#8746),#8739,.T.);
#8748=FILL_AREA_STYLE_COLOUR('',#42);
#8749=FILL_AREA_STYLE('',(#8748));
#8750=SURFACE_STYLE_FILL_AREA(#8749);
#8751=SURFACE_SIDE_STYLE('',(#8750));
#8752=SURFACE_STYLE_USAGE(.POSITIVE.,#8751);
#8753=PRESENTATION_STYLE_ASSIGNMENT((#8752));
#8754=STYLED_ITEM('',(#8753),#8747);
#8755=CARTESIAN_POINT('',(7.144046161633E-1,-6.021534216672E-1,0.E0));
#8756=DIRECTION('',(-9.506456267027E-1,3.102787334496E-1,0.E0));
#8757=DIRECTION('',(3.102787334496E-1,9.506456267027E-1,0.E0));
#8758=AXIS2_PLACEMENT_3D('',#8755,#8756,#8757);
#8759=PLANE('',#8758);
#8760=ORIENTED_EDGE('',*,*,#6128,.F.);
#8762=ORIENTED_EDGE('',*,*,#8761,.T.);
#8763=ORIENTED_EDGE('',*,*,#8103,.T.);
#8764=ORIENTED_EDGE('',*,*,#8741,.F.);
#8765=EDGE_LOOP('',(#8760,#8762,#8763,#8764));
#8766=FACE_OUTER_BOUND('',#8765,.F.);
#8767=ADVANCED_FACE('',(#8766),#8759,.T.);
#8768=FILL_AREA_STYLE_COLOUR('',#42);
#8769=FILL_AREA_STYLE('',(#8768));
#8770=SURFACE_STYLE_FILL_AREA(#8769);
#8771=SURFACE_SIDE_STYLE('',(#8770));
#8772=SURFACE_STYLE_USAGE(.POSITIVE.,#8771);
#8773=PRESENTATION_STYLE_ASSIGNMENT((#8772));
#8774=STYLED_ITEM('',(#8773),#8767);
#8775=CARTESIAN_POINT('',(6.984452238206E-1,-6.130193896266E-1,0.E0));
#8776=DIRECTION('',(-5.627909312417E-1,8.265992787996E-1,0.E0));
#8777=DIRECTION('',(8.265992787996E-1,5.627909312417E-1,0.E0));
#8778=AXIS2_PLACEMENT_3D('',#8775,#8776,#8777);
#8779=PLANE('',#8778);
#8780=ORIENTED_EDGE('',*,*,#6126,.F.);
#8782=ORIENTED_EDGE('',*,*,#8781,.T.);
#8783=ORIENTED_EDGE('',*,*,#8105,.T.);
#8784=ORIENTED_EDGE('',*,*,#8761,.F.);
#8785=EDGE_LOOP('',(#8780,#8782,#8783,#8784));
#8786=FACE_OUTER_BOUND('',#8785,.F.);
#8787=ADVANCED_FACE('',(#8786),#8779,.T.);
#8788=FILL_AREA_STYLE_COLOUR('',#42);
#8789=FILL_AREA_STYLE('',(#8788));
#8790=SURFACE_STYLE_FILL_AREA(#8789);
#8791=SURFACE_SIDE_STYLE('',(#8790));
#8792=SURFACE_STYLE_USAGE(.POSITIVE.,#8791);
#8793=PRESENTATION_STYLE_ASSIGNMENT((#8792));
#8794=STYLED_ITEM('',(#8793),#8787);
#8795=CARTESIAN_POINT('',(6.771660238835E-1,-6.184523736062E-1,0.E0));
#8796=DIRECTION('',(-2.473831068378E-1,9.689177459678E-1,0.E0));
#8797=DIRECTION('',(9.689177459678E-1,2.473831068378E-1,0.E0));
#8798=AXIS2_PLACEMENT_3D('',#8795,#8796,#8797);
#8799=PLANE('',#8798);
#8800=ORIENTED_EDGE('',*,*,#6124,.F.);
#8802=ORIENTED_EDGE('',*,*,#8801,.T.);
#8803=ORIENTED_EDGE('',*,*,#8107,.T.);
#8804=ORIENTED_EDGE('',*,*,#8781,.F.);
#8805=EDGE_LOOP('',(#8800,#8802,#8803,#8804));
#8806=FACE_OUTER_BOUND('',#8805,.F.);
#8807=ADVANCED_FACE('',(#8806),#8799,.T.);
#8808=FILL_AREA_STYLE_COLOUR('',#42);
#8809=FILL_AREA_STYLE('',(#8808));
#8810=SURFACE_STYLE_FILL_AREA(#8809);
#8811=SURFACE_SIDE_STYLE('',(#8810));
#8812=SURFACE_STYLE_USAGE(.POSITIVE.,#8811);
#8813=PRESENTATION_STYLE_ASSIGNMENT((#8812));
#8814=STYLED_ITEM('',(#8813),#8807);
#8815=CARTESIAN_POINT('',(6.292878468552E-1,-6.184523736062E-1,0.E0));
#8816=DIRECTION('',(0.E0,1.E0,0.E0));
#8817=DIRECTION('',(1.E0,0.E0,0.E0));
#8818=AXIS2_PLACEMENT_3D('',#8815,#8816,#8817);
#8819=PLANE('',#8818);
#8820=ORIENTED_EDGE('',*,*,#6122,.F.);
#8822=ORIENTED_EDGE('',*,*,#8821,.T.);
#8823=ORIENTED_EDGE('',*,*,#8109,.T.);
#8824=ORIENTED_EDGE('',*,*,#8801,.F.);
#8825=EDGE_LOOP('',(#8820,#8822,#8823,#8824));
#8826=FACE_OUTER_BOUND('',#8825,.F.);
#8827=ADVANCED_FACE('',(#8826),#8819,.T.);
#8828=FILL_AREA_STYLE_COLOUR('',#42);
#8829=FILL_AREA_STYLE('',(#8828));
#8830=SURFACE_STYLE_FILL_AREA(#8829);
#8831=SURFACE_SIDE_STYLE('',(#8830));
#8832=SURFACE_STYLE_USAGE(.POSITIVE.,#8831);
#8833=PRESENTATION_STYLE_ASSIGNMENT((#8832));
#8834=STYLED_ITEM('',(#8833),#8827);
#8835=CARTESIAN_POINT('',(6.080086469182E-1,-6.130193896266E-1,0.E0));
#8836=DIRECTION('',(2.473831068378E-1,9.689177459678E-1,0.E0));
#8837=DIRECTION('',(9.689177459678E-1,-2.473831068378E-1,0.E0));
#8838=AXIS2_PLACEMENT_3D('',#8835,#8836,#8837);
#8839=PLANE('',#8838);
#8840=ORIENTED_EDGE('',*,*,#6120,.F.);
#8842=ORIENTED_EDGE('',*,*,#8841,.T.);
#8843=ORIENTED_EDGE('',*,*,#8111,.T.);
#8844=ORIENTED_EDGE('',*,*,#8821,.F.);
#8845=EDGE_LOOP('',(#8840,#8842,#8843,#8844));
#8846=FACE_OUTER_BOUND('',#8845,.F.);
#8847=ADVANCED_FACE('',(#8846),#8839,.T.);
#8848=FILL_AREA_STYLE_COLOUR('',#42);
#8849=FILL_AREA_STYLE('',(#8848));
#8850=SURFACE_STYLE_FILL_AREA(#8849);
#8851=SURFACE_SIDE_STYLE('',(#8850));
#8852=SURFACE_STYLE_USAGE(.POSITIVE.,#8851);
#8853=PRESENTATION_STYLE_ASSIGNMENT((#8852));
#8854=STYLED_ITEM('',(#8853),#8847);
#8855=CARTESIAN_POINT('',(5.920492545754E-1,-6.021534216672E-1,0.E0));
#8856=DIRECTION('',(5.627909312417E-1,8.265992787996E-1,0.E0));
#8857=DIRECTION('',(8.265992787996E-1,-5.627909312417E-1,0.E0));
#8858=AXIS2_PLACEMENT_3D('',#8855,#8856,#8857);
#8859=PLANE('',#8858);
#8860=ORIENTED_EDGE('',*,*,#6118,.F.);
#8862=ORIENTED_EDGE('',*,*,#8861,.T.);
#8863=ORIENTED_EDGE('',*,*,#8113,.T.);
#8864=ORIENTED_EDGE('',*,*,#8841,.F.);
#8865=EDGE_LOOP('',(#8860,#8862,#8863,#8864));
#8866=FACE_OUTER_BOUND('',#8865,.F.);
#8867=ADVANCED_FACE('',(#8866),#8859,.T.);
#8868=FILL_AREA_STYLE_COLOUR('',#42);
#8869=FILL_AREA_STYLE('',(#8868));
#8870=SURFACE_STYLE_FILL_AREA(#8869);
#8871=SURFACE_SIDE_STYLE('',(#8870));
#8872=SURFACE_STYLE_USAGE(.POSITIVE.,#8871);
#8873=PRESENTATION_STYLE_ASSIGNMENT((#8872));
#8874=STYLED_ITEM('',(#8873),#8867);
#8875=CARTESIAN_POINT('',(5.814096698270E-1,-5.858544545082E-1,0.E0));
#8876=DIRECTION('',(8.373795927994E-1,5.466218231676E-1,0.E0));
#8877=DIRECTION('',(5.466218231676E-1,-8.373795927994E-1,0.E0));
#8878=AXIS2_PLACEMENT_3D('',#8875,#8876,#8877);
#8879=PLANE('',#8878);
#8880=ORIENTED_EDGE('',*,*,#6116,.F.);
#8882=ORIENTED_EDGE('',*,*,#8881,.T.);
#8883=ORIENTED_EDGE('',*,*,#8115,.T.);
#8884=ORIENTED_EDGE('',*,*,#8861,.F.);
#8885=EDGE_LOOP('',(#8880,#8882,#8883,#8884));
#8886=FACE_OUTER_BOUND('',#8885,.F.);
#8887=ADVANCED_FACE('',(#8886),#8879,.T.);
#8888=FILL_AREA_STYLE_COLOUR('',#42);
#8889=FILL_AREA_STYLE('',(#8888));
#8890=SURFACE_STYLE_FILL_AREA(#8889);
#8891=SURFACE_SIDE_STYLE('',(#8890));
#8892=SURFACE_STYLE_USAGE(.POSITIVE.,#8891);
#8893=PRESENTATION_STYLE_ASSIGNMENT((#8892));
#8894=STYLED_ITEM('',(#8893),#8887);
#8895=CARTESIAN_POINT('',(5.760898622327E-1,-5.641225185896E-1,0.E0));
#8896=DIRECTION('',(9.713210491251E-1,2.377717803411E-1,0.E0));
#8897=DIRECTION('',(2.377717803411E-1,-9.713210491251E-1,0.E0));
#8898=AXIS2_PLACEMENT_3D('',#8895,#8896,#8897);
#8899=PLANE('',#8898);
#8900=ORIENTED_EDGE('',*,*,#6114,.F.);
#8902=ORIENTED_EDGE('',*,*,#8901,.T.);
#8903=ORIENTED_EDGE('',*,*,#8117,.T.);
#8904=ORIENTED_EDGE('',*,*,#8881,.F.);
#8905=EDGE_LOOP('',(#8900,#8902,#8903,#8904));
#8906=FACE_OUTER_BOUND('',#8905,.F.);
#8907=ADVANCED_FACE('',(#8906),#8899,.T.);
#8908=FILL_AREA_STYLE_COLOUR('',#42);
#8909=FILL_AREA_STYLE('',(#8908));
#8910=SURFACE_STYLE_FILL_AREA(#8909);
#8911=SURFACE_SIDE_STYLE('',(#8910));
#8912=SURFACE_STYLE_USAGE(.POSITIVE.,#8911);
#8913=PRESENTATION_STYLE_ASSIGNMENT((#8912));
#8914=STYLED_ITEM('',(#8913),#8907);
#8915=CARTESIAN_POINT('',(5.760898622327E-1,-4.826277512846E-1,0.E0));
#8916=DIRECTION('',(1.E0,0.E0,0.E0));
#8917=DIRECTION('',(0.E0,-1.E0,0.E0));
#8918=AXIS2_PLACEMENT_3D('',#8915,#8916,#8917);
#8919=PLANE('',#8918);
#8920=ORIENTED_EDGE('',*,*,#6112,.F.);
#8922=ORIENTED_EDGE('',*,*,#8921,.T.);
#8923=ORIENTED_EDGE('',*,*,#8119,.T.);
#8924=ORIENTED_EDGE('',*,*,#8901,.F.);
#8925=EDGE_LOOP('',(#8920,#8922,#8923,#8924));
#8926=FACE_OUTER_BOUND('',#8925,.F.);
#8927=ADVANCED_FACE('',(#8926),#8919,.T.);
#8928=FILL_AREA_STYLE_COLOUR('',#42);
#8929=FILL_AREA_STYLE('',(#8928));
#8930=SURFACE_STYLE_FILL_AREA(#8929);
#8931=SURFACE_SIDE_STYLE('',(#8930));
#8932=SURFACE_STYLE_USAGE(.POSITIVE.,#8931);
#8933=PRESENTATION_STYLE_ASSIGNMENT((#8932));
#8934=STYLED_ITEM('',(#8933),#8927);
#8935=CARTESIAN_POINT('',(5.814096698270E-1,-4.608958153660E-1,0.E0));
#8936=DIRECTION('',(9.713210491251E-1,-2.377717803411E-1,0.E0));
#8937=DIRECTION('',(-2.377717803411E-1,-9.713210491251E-1,0.E0));
#8938=AXIS2_PLACEMENT_3D('',#8935,#8936,#8937);
#8939=PLANE('',#8938);
#8940=ORIENTED_EDGE('',*,*,#6110,.F.);
#8942=ORIENTED_EDGE('',*,*,#8941,.T.);
#8943=ORIENTED_EDGE('',*,*,#8121,.T.);
#8944=ORIENTED_EDGE('',*,*,#8921,.F.);
#8945=EDGE_LOOP('',(#8940,#8942,#8943,#8944));
#8946=FACE_OUTER_BOUND('',#8945,.F.);
#8947=ADVANCED_FACE('',(#8946),#8939,.T.);
#8948=FILL_AREA_STYLE_COLOUR('',#42);
#8949=FILL_AREA_STYLE('',(#8948));
#8950=SURFACE_STYLE_FILL_AREA(#8949);
#8951=SURFACE_SIDE_STYLE('',(#8950));
#8952=SURFACE_STYLE_USAGE(.POSITIVE.,#8951);
#8953=PRESENTATION_STYLE_ASSIGNMENT((#8952));
#8954=STYLED_ITEM('',(#8953),#8947);
#8955=CARTESIAN_POINT('',(5.920492545754E-1,-4.445968634270E-1,0.E0));
#8956=DIRECTION('',(8.373793591563E-1,-5.466221810895E-1,0.E0));
#8957=DIRECTION('',(-5.466221810895E-1,-8.373793591563E-1,0.E0));
#8958=AXIS2_PLACEMENT_3D('',#8955,#8956,#8957);
#8959=PLANE('',#8958);
#8960=ORIENTED_EDGE('',*,*,#6108,.F.);
#8962=ORIENTED_EDGE('',*,*,#8961,.T.);
#8963=ORIENTED_EDGE('',*,*,#8123,.T.);
#8964=ORIENTED_EDGE('',*,*,#8941,.F.);
#8965=EDGE_LOOP('',(#8960,#8962,#8963,#8964));
#8966=FACE_OUTER_BOUND('',#8965,.F.);
#8967=ADVANCED_FACE('',(#8966),#8959,.T.);
#8968=FILL_AREA_STYLE_COLOUR('',#42);
#8969=FILL_AREA_STYLE('',(#8968));
#8970=SURFACE_STYLE_FILL_AREA(#8969);
#8971=SURFACE_SIDE_STYLE('',(#8970));
#8972=SURFACE_STYLE_USAGE(.POSITIVE.,#8971);
#8973=PRESENTATION_STYLE_ASSIGNMENT((#8972));
#8974=STYLED_ITEM('',(#8973),#8967);
#8975=CARTESIAN_POINT('',(6.080086469182E-1,-4.337308916626E-1,0.E0));
#8976=DIRECTION('',(5.627910658976E-1,-8.265991871191E-1,0.E0));
#8977=DIRECTION('',(-8.265991871191E-1,-5.627910658976E-1,0.E0));
#8978=AXIS2_PLACEMENT_3D('',#8975,#8976,#8977);
#8979=PLANE('',#8978);
#8980=ORIENTED_EDGE('',*,*,#6106,.F.);
#8982=ORIENTED_EDGE('',*,*,#8981,.T.);
#8983=ORIENTED_EDGE('',*,*,#8125,.T.);
#8984=ORIENTED_EDGE('',*,*,#8961,.F.);
#8985=EDGE_LOOP('',(#8980,#8982,#8983,#8984));
#8986=FACE_OUTER_BOUND('',#8985,.F.);
#8987=ADVANCED_FACE('',(#8986),#8979,.T.);
#8988=FILL_AREA_STYLE_COLOUR('',#42);
#8989=FILL_AREA_STYLE('',(#8988));
#8990=SURFACE_STYLE_FILL_AREA(#8989);
#8991=SURFACE_SIDE_STYLE('',(#8990));
#8992=SURFACE_STYLE_USAGE(.POSITIVE.,#8991);
#8993=PRESENTATION_STYLE_ASSIGNMENT((#8992));
#8994=STYLED_ITEM('',(#8993),#8987);
#8995=CARTESIAN_POINT('',(6.292878468552E-1,-4.282979076830E-1,0.E0));
#8996=DIRECTION('',(2.473831068378E-1,-9.689177459678E-1,0.E0));
#8997=DIRECTION('',(-9.689177459678E-1,-2.473831068378E-1,0.E0));
#8998=AXIS2_PLACEMENT_3D('',#8995,#8996,#8997);
#8999=PLANE('',#8998);
#9000=ORIENTED_EDGE('',*,*,#6104,.F.);
#9002=ORIENTED_EDGE('',*,*,#9001,.T.);
#9003=ORIENTED_EDGE('',*,*,#8127,.T.);
#9004=ORIENTED_EDGE('',*,*,#8981,.F.);
#9005=EDGE_LOOP('',(#9000,#9002,#9003,#9004));
#9006=FACE_OUTER_BOUND('',#9005,.F.);
#9007=ADVANCED_FACE('',(#9006),#8999,.T.);
#9008=FILL_AREA_STYLE_COLOUR('',#42);
#9009=FILL_AREA_STYLE('',(#9008));
#9010=SURFACE_STYLE_FILL_AREA(#9009);
#9011=SURFACE_SIDE_STYLE('',(#9010));
#9012=SURFACE_STYLE_USAGE(.POSITIVE.,#9011);
#9013=PRESENTATION_STYLE_ASSIGNMENT((#9012));
#9014=STYLED_ITEM('',(#9013),#9007);
#9015=CARTESIAN_POINT('',(6.771660238835E-1,-4.282979076830E-1,0.E0));
#9016=DIRECTION('',(0.E0,-1.E0,0.E0));
#9017=DIRECTION('',(-1.E0,0.E0,0.E0));
#9018=AXIS2_PLACEMENT_3D('',#9015,#9016,#9017);
#9019=PLANE('',#9018);
#9020=ORIENTED_EDGE('',*,*,#6102,.F.);
#9022=ORIENTED_EDGE('',*,*,#9021,.T.);
#9023=ORIENTED_EDGE('',*,*,#8129,.T.);
#9024=ORIENTED_EDGE('',*,*,#9001,.F.);
#9025=EDGE_LOOP('',(#9020,#9022,#9023,#9024));
#9026=FACE_OUTER_BOUND('',#9025,.F.);
#9027=ADVANCED_FACE('',(#9026),#9019,.T.);
#9028=FILL_AREA_STYLE_COLOUR('',#42);
#9029=FILL_AREA_STYLE('',(#9028));
#9030=SURFACE_STYLE_FILL_AREA(#9029);
#9031=SURFACE_SIDE_STYLE('',(#9030));
#9032=SURFACE_STYLE_USAGE(.POSITIVE.,#9031);
#9033=PRESENTATION_STYLE_ASSIGNMENT((#9032));
#9034=STYLED_ITEM('',(#9033),#9027);
#9035=CARTESIAN_POINT('',(6.984452238206E-1,-4.337308916626E-1,0.E0));
#9036=DIRECTION('',(-2.473831068378E-1,-9.689177459678E-1,0.E0));
#9037=DIRECTION('',(-9.689177459678E-1,2.473831068378E-1,0.E0));
#9038=AXIS2_PLACEMENT_3D('',#9035,#9036,#9037);
#9039=PLANE('',#9038);
#9040=ORIENTED_EDGE('',*,*,#6100,.F.);
#9042=ORIENTED_EDGE('',*,*,#9041,.T.);
#9043=ORIENTED_EDGE('',*,*,#8131,.T.);
#9044=ORIENTED_EDGE('',*,*,#9021,.F.);
#9045=EDGE_LOOP('',(#9040,#9042,#9043,#9044));
#9046=FACE_OUTER_BOUND('',#9045,.F.);
#9047=ADVANCED_FACE('',(#9046),#9039,.T.);
#9048=FILL_AREA_STYLE_COLOUR('',#42);
#9049=FILL_AREA_STYLE('',(#9048));
#9050=SURFACE_STYLE_FILL_AREA(#9049);
#9051=SURFACE_SIDE_STYLE('',(#9050));
#9052=SURFACE_STYLE_USAGE(.POSITIVE.,#9051);
#9053=PRESENTATION_STYLE_ASSIGNMENT((#9052));
#9054=STYLED_ITEM('',(#9053),#9047);
#9055=CARTESIAN_POINT('',(7.144046161633E-1,-4.445968634270E-1,0.E0));
#9056=DIRECTION('',(-5.627910658976E-1,-8.265991871191E-1,0.E0));
#9057=DIRECTION('',(-8.265991871191E-1,5.627910658976E-1,0.E0));
#9058=AXIS2_PLACEMENT_3D('',#9055,#9056,#9057);
#9059=PLANE('',#9058);
#9060=ORIENTED_EDGE('',*,*,#6098,.F.);
#9062=ORIENTED_EDGE('',*,*,#9061,.T.);
#9063=ORIENTED_EDGE('',*,*,#8133,.T.);
#9064=ORIENTED_EDGE('',*,*,#9041,.F.);
#9065=EDGE_LOOP('',(#9060,#9062,#9063,#9064));
#9066=FACE_OUTER_BOUND('',#9065,.F.);
#9067=ADVANCED_FACE('',(#9066),#9059,.T.);
#9068=FILL_AREA_STYLE_COLOUR('',#42);
#9069=FILL_AREA_STYLE('',(#9068));
#9070=SURFACE_STYLE_FILL_AREA(#9069);
#9071=SURFACE_SIDE_STYLE('',(#9070));
#9072=SURFACE_STYLE_USAGE(.POSITIVE.,#9071);
#9073=PRESENTATION_STYLE_ASSIGNMENT((#9072));
#9074=STYLED_ITEM('',(#9073),#9067);
#9075=CARTESIAN_POINT('',(7.197243933175E-1,-4.608958153660E-1,0.E0));
#9076=DIRECTION('',(-9.506455412394E-1,-3.102789952956E-1,0.E0));
#9077=DIRECTION('',(-3.102789952956E-1,9.506455412394E-1,0.E0));
#9078=AXIS2_PLACEMENT_3D('',#9075,#9076,#9077);
#9079=PLANE('',#9078);
#9080=ORIENTED_EDGE('',*,*,#6096,.F.);
#9081=ORIENTED_EDGE('',*,*,#8303,.T.);
#9082=ORIENTED_EDGE('',*,*,#8135,.T.);
#9083=ORIENTED_EDGE('',*,*,#9061,.F.);
#9084=EDGE_LOOP('',(#9080,#9081,#9082,#9083));
#9085=FACE_OUTER_BOUND('',#9084,.F.);
#9086=ADVANCED_FACE('',(#9085),#9079,.T.);
#9087=FILL_AREA_STYLE_COLOUR('',#42);
#9088=FILL_AREA_STYLE('',(#9087));
#9089=SURFACE_STYLE_FILL_AREA(#9088);
#9090=SURFACE_SIDE_STYLE('',(#9089));
#9091=SURFACE_STYLE_USAGE(.POSITIVE.,#9090);
#9092=PRESENTATION_STYLE_ASSIGNMENT((#9091));
#9093=STYLED_ITEM('',(#9092),#9086);
#9094=CARTESIAN_POINT('',(9.857142555502E-1,-4.282979076830E-1,0.E0));
#9095=DIRECTION('',(0.E0,-1.E0,0.E0));
#9096=DIRECTION('',(-1.E0,0.E0,0.E0));
#9097=AXIS2_PLACEMENT_3D('',#9094,#9095,#9096);
#9098=PLANE('',#9097);
#9099=ORIENTED_EDGE('',*,*,#6176,.F.);
#9101=ORIENTED_EDGE('',*,*,#9100,.T.);
#9102=ORIENTED_EDGE('',*,*,#8152,.T.);
#9104=ORIENTED_EDGE('',*,*,#9103,.F.);
#9105=EDGE_LOOP('',(#9099,#9101,#9102,#9104));
#9106=FACE_OUTER_BOUND('',#9105,.F.);
#9107=ADVANCED_FACE('',(#9106),#9098,.T.);
#9108=FILL_AREA_STYLE_COLOUR('',#42);
#9109=FILL_AREA_STYLE('',(#9108));
#9110=SURFACE_STYLE_FILL_AREA(#9109);
#9111=SURFACE_SIDE_STYLE('',(#9110));
#9112=SURFACE_STYLE_USAGE(.POSITIVE.,#9111);
#9113=PRESENTATION_STYLE_ASSIGNMENT((#9112));
#9114=STYLED_ITEM('',(#9113),#9107);
#9115=CARTESIAN_POINT('',(9.857142555502E-1,-3.957E-1,0.E0));
#9116=DIRECTION('',(1.E0,0.E0,0.E0));
#9117=DIRECTION('',(0.E0,-1.E0,0.E0));
#9118=AXIS2_PLACEMENT_3D('',#9115,#9116,#9117);
#9119=PLANE('',#9118);
#9120=ORIENTED_EDGE('',*,*,#6198,.F.);
#9122=ORIENTED_EDGE('',*,*,#9121,.T.);
#9123=ORIENTED_EDGE('',*,*,#8154,.T.);
#9124=ORIENTED_EDGE('',*,*,#9100,.F.);
#9125=EDGE_LOOP('',(#9120,#9122,#9123,#9124));
#9126=FACE_OUTER_BOUND('',#9125,.F.);
#9127=ADVANCED_FACE('',(#9126),#9119,.T.);
#9128=FILL_AREA_STYLE_COLOUR('',#42);
#9129=FILL_AREA_STYLE('',(#9128));
#9130=SURFACE_STYLE_FILL_AREA(#9129);
#9131=SURFACE_SIDE_STYLE('',(#9130));
#9132=SURFACE_STYLE_USAGE(.POSITIVE.,#9131);
#9133=PRESENTATION_STYLE_ASSIGNMENT((#9132));
#9134=STYLED_ITEM('',(#9133),#9127);
#9135=CARTESIAN_POINT('',(7.942015778772E-1,-3.957E-1,0.E0));
#9136=DIRECTION('',(0.E0,1.E0,0.E0));
#9137=DIRECTION('',(1.E0,0.E0,0.E0));
#9138=AXIS2_PLACEMENT_3D('',#9135,#9136,#9137);
#9139=PLANE('',#9138);
#9140=ORIENTED_EDGE('',*,*,#6196,.F.);
#9142=ORIENTED_EDGE('',*,*,#9141,.T.);
#9143=ORIENTED_EDGE('',*,*,#8156,.T.);
#9144=ORIENTED_EDGE('',*,*,#9121,.F.);
#9145=EDGE_LOOP('',(#9140,#9142,#9143,#9144));
#9146=FACE_OUTER_BOUND('',#9145,.F.);
#9147=ADVANCED_FACE('',(#9146),#9139,.T.);
#9148=FILL_AREA_STYLE_COLOUR('',#42);
#9149=FILL_AREA_STYLE('',(#9148));
#9150=SURFACE_STYLE_FILL_AREA(#9149);
#9151=SURFACE_SIDE_STYLE('',(#9150));
#9152=SURFACE_STYLE_USAGE(.POSITIVE.,#9151);
#9153=PRESENTATION_STYLE_ASSIGNMENT((#9152));
#9154=STYLED_ITEM('',(#9153),#9147);
#9155=CARTESIAN_POINT('',(7.942015778772E-1,-6.510502774842E-1,0.E0));
#9156=DIRECTION('',(-1.E0,0.E0,0.E0));
#9157=DIRECTION('',(0.E0,1.E0,0.E0));
#9158=AXIS2_PLACEMENT_3D('',#9155,#9156,#9157);
#9159=PLANE('',#9158);
#9160=ORIENTED_EDGE('',*,*,#6194,.F.);
#9162=ORIENTED_EDGE('',*,*,#9161,.T.);
#9163=ORIENTED_EDGE('',*,*,#8158,.T.);
#9164=ORIENTED_EDGE('',*,*,#9141,.F.);
#9165=EDGE_LOOP('',(#9160,#9162,#9163,#9164));
#9166=FACE_OUTER_BOUND('',#9165,.F.);
#9167=ADVANCED_FACE('',(#9166),#9159,.T.);
#9168=FILL_AREA_STYLE_COLOUR('',#42);
#9169=FILL_AREA_STYLE('',(#9168));
#9170=SURFACE_STYLE_FILL_AREA(#9169);
#9171=SURFACE_SIDE_STYLE('',(#9170));
#9172=SURFACE_STYLE_USAGE(.POSITIVE.,#9171);
#9173=PRESENTATION_STYLE_ASSIGNMENT((#9172));
#9174=STYLED_ITEM('',(#9173),#9167);
#9175=CARTESIAN_POINT('',(9.857142555502E-1,-6.510502774842E-1,0.E0));
#9176=DIRECTION('',(0.E0,-1.E0,0.E0));
#9177=DIRECTION('',(-1.E0,0.E0,0.E0));
#9178=AXIS2_PLACEMENT_3D('',#9175,#9176,#9177);
#9179=PLANE('',#9178);
#9180=ORIENTED_EDGE('',*,*,#6192,.F.);
#9182=ORIENTED_EDGE('',*,*,#9181,.T.);
#9183=ORIENTED_EDGE('',*,*,#8160,.T.);
#9184=ORIENTED_EDGE('',*,*,#9161,.F.);
#9185=EDGE_LOOP('',(#9180,#9182,#9183,#9184));
#9186=FACE_OUTER_BOUND('',#9185,.F.);
#9187=ADVANCED_FACE('',(#9186),#9179,.T.);
#9188=FILL_AREA_STYLE_COLOUR('',#42);
#9189=FILL_AREA_STYLE('',(#9188));
#9190=SURFACE_STYLE_FILL_AREA(#9189);
#9191=SURFACE_SIDE_STYLE('',(#9190));
#9192=SURFACE_STYLE_USAGE(.POSITIVE.,#9191);
#9193=PRESENTATION_STYLE_ASSIGNMENT((#9192));
#9194=STYLED_ITEM('',(#9193),#9187);
#9195=CARTESIAN_POINT('',(9.857142555502E-1,-6.184523736062E-1,0.E0));
#9196=DIRECTION('',(1.E0,0.E0,0.E0));
#9197=DIRECTION('',(0.E0,-1.E0,0.E0));
#9198=AXIS2_PLACEMENT_3D('',#9195,#9196,#9197);
#9199=PLANE('',#9198);
#9200=ORIENTED_EDGE('',*,*,#6190,.F.);
#9202=ORIENTED_EDGE('',*,*,#9201,.T.);
#9203=ORIENTED_EDGE('',*,*,#8162,.T.);
#9204=ORIENTED_EDGE('',*,*,#9181,.F.);
#9205=EDGE_LOOP('',(#9200,#9202,#9203,#9204));
#9206=FACE_OUTER_BOUND('',#9205,.F.);
#9207=ADVANCED_FACE('',(#9206),#9199,.T.);
#9208=FILL_AREA_STYLE_COLOUR('',#42);
#9209=FILL_AREA_STYLE('',(#9208));
#9210=SURFACE_STYLE_FILL_AREA(#9209);
#9211=SURFACE_SIDE_STYLE('',(#9210));
#9212=SURFACE_STYLE_USAGE(.POSITIVE.,#9211);
#9213=PRESENTATION_STYLE_ASSIGNMENT((#9212));
#9214=STYLED_ITEM('',(#9213),#9207);
#9215=CARTESIAN_POINT('',(8.261203321226E-1,-6.184523736062E-1,0.E0));
#9216=DIRECTION('',(0.E0,1.E0,0.E0));
#9217=DIRECTION('',(1.E0,0.E0,0.E0));
#9218=AXIS2_PLACEMENT_3D('',#9215,#9216,#9217);
#9219=PLANE('',#9218);
#9220=ORIENTED_EDGE('',*,*,#6188,.F.);
#9222=ORIENTED_EDGE('',*,*,#9221,.T.);
#9223=ORIENTED_EDGE('',*,*,#8164,.T.);
#9224=ORIENTED_EDGE('',*,*,#9201,.F.);
#9225=EDGE_LOOP('',(#9220,#9222,#9223,#9224));
#9226=FACE_OUTER_BOUND('',#9225,.F.);
#9227=ADVANCED_FACE('',(#9226),#9219,.T.);
#9228=FILL_AREA_STYLE_COLOUR('',#42);
#9229=FILL_AREA_STYLE('',(#9228));
#9230=SURFACE_STYLE_FILL_AREA(#9229);
#9231=SURFACE_SIDE_STYLE('',(#9230));
#9232=SURFACE_STYLE_USAGE(.POSITIVE.,#9231);
#9233=PRESENTATION_STYLE_ASSIGNMENT((#9232));
#9234=STYLED_ITEM('',(#9233),#9227);
#9235=CARTESIAN_POINT('',(8.261203321226E-1,-5.478235666506E-1,0.E0));
#9236=DIRECTION('',(1.E0,0.E0,0.E0));
#9237=DIRECTION('',(0.E0,-1.E0,0.E0));
#9238=AXIS2_PLACEMENT_3D('',#9235,#9236,#9237);
#9239=PLANE('',#9238);
#9240=ORIENTED_EDGE('',*,*,#6186,.F.);
#9242=ORIENTED_EDGE('',*,*,#9241,.T.);
#9243=ORIENTED_EDGE('',*,*,#8166,.T.);
#9244=ORIENTED_EDGE('',*,*,#9221,.F.);
#9245=EDGE_LOOP('',(#9240,#9242,#9243,#9244));
#9246=FACE_OUTER_BOUND('',#9245,.F.);
#9247=ADVANCED_FACE('',(#9246),#9239,.T.);
#9248=FILL_AREA_STYLE_COLOUR('',#42);
#9249=FILL_AREA_STYLE('',(#9248));
#9250=SURFACE_STYLE_FILL_AREA(#9249);
#9251=SURFACE_SIDE_STYLE('',(#9250));
#9252=SURFACE_STYLE_USAGE(.POSITIVE.,#9251);
#9253=PRESENTATION_STYLE_ASSIGNMENT((#9252));
#9254=STYLED_ITEM('',(#9253),#9247);
#9255=CARTESIAN_POINT('',(9.644350860532E-1,-5.478235666506E-1,0.E0));
#9256=DIRECTION('',(0.E0,-1.E0,0.E0));
#9257=DIRECTION('',(-1.E0,0.E0,0.E0));
#9258=AXIS2_PLACEMENT_3D('',#9255,#9256,#9257);
#9259=PLANE('',#9258);
#9260=ORIENTED_EDGE('',*,*,#6184,.F.);
#9262=ORIENTED_EDGE('',*,*,#9261,.T.);
#9263=ORIENTED_EDGE('',*,*,#8168,.T.);
#9264=ORIENTED_EDGE('',*,*,#9241,.F.);
#9265=EDGE_LOOP('',(#9260,#9262,#9263,#9264));
#9266=FACE_OUTER_BOUND('',#9265,.F.);
#9267=ADVANCED_FACE('',(#9266),#9259,.T.);
#9268=FILL_AREA_STYLE_COLOUR('',#42);
#9269=FILL_AREA_STYLE('',(#9268));
#9270=SURFACE_STYLE_FILL_AREA(#9269);
#9271=SURFACE_SIDE_STYLE('',(#9270));
#9272=SURFACE_STYLE_USAGE(.POSITIVE.,#9271);
#9273=PRESENTATION_STYLE_ASSIGNMENT((#9272));
#9274=STYLED_ITEM('',(#9273),#9267);
#9275=CARTESIAN_POINT('',(9.644350860532E-1,-5.152256627726E-1,0.E0));
#9276=DIRECTION('',(1.E0,0.E0,0.E0));
#9277=DIRECTION('',(0.E0,-1.E0,0.E0));
#9278=AXIS2_PLACEMENT_3D('',#9275,#9276,#9277);
#9279=PLANE('',#9278);
#9280=ORIENTED_EDGE('',*,*,#6182,.F.);
#9282=ORIENTED_EDGE('',*,*,#9281,.T.);
#9283=ORIENTED_EDGE('',*,*,#8170,.T.);
#9284=ORIENTED_EDGE('',*,*,#9261,.F.);
#9285=EDGE_LOOP('',(#9280,#9282,#9283,#9284));
#9286=FACE_OUTER_BOUND('',#9285,.F.);
#9287=ADVANCED_FACE('',(#9286),#9279,.T.);
#9288=FILL_AREA_STYLE_COLOUR('',#42);
#9289=FILL_AREA_STYLE('',(#9288));
#9290=SURFACE_STYLE_FILL_AREA(#9289);
#9291=SURFACE_SIDE_STYLE('',(#9290));
#9292=SURFACE_STYLE_USAGE(.POSITIVE.,#9291);
#9293=PRESENTATION_STYLE_ASSIGNMENT((#9292));
#9294=STYLED_ITEM('',(#9293),#9287);
#9295=CARTESIAN_POINT('',(8.261203321226E-1,-5.152256627726E-1,0.E0));
#9296=DIRECTION('',(0.E0,1.E0,0.E0));
#9297=DIRECTION('',(1.E0,0.E0,0.E0));
#9298=AXIS2_PLACEMENT_3D('',#9295,#9296,#9297);
#9299=PLANE('',#9298);
#9300=ORIENTED_EDGE('',*,*,#6180,.F.);
#9302=ORIENTED_EDGE('',*,*,#9301,.T.);
#9303=ORIENTED_EDGE('',*,*,#8172,.T.);
#9304=ORIENTED_EDGE('',*,*,#9281,.F.);
#9305=EDGE_LOOP('',(#9300,#9302,#9303,#9304));
#9306=FACE_OUTER_BOUND('',#9305,.F.);
#9307=ADVANCED_FACE('',(#9306),#9299,.T.);
#9308=FILL_AREA_STYLE_COLOUR('',#42);
#9309=FILL_AREA_STYLE('',(#9308));
#9310=SURFACE_STYLE_FILL_AREA(#9309);
#9311=SURFACE_SIDE_STYLE('',(#9310));
#9312=SURFACE_STYLE_USAGE(.POSITIVE.,#9311);
#9313=PRESENTATION_STYLE_ASSIGNMENT((#9312));
#9314=STYLED_ITEM('',(#9313),#9307);
#9315=CARTESIAN_POINT('',(8.261203321226E-1,-4.282979076830E-1,0.E0));
#9316=DIRECTION('',(1.E0,0.E0,0.E0));
#9317=DIRECTION('',(0.E0,-1.E0,0.E0));
#9318=AXIS2_PLACEMENT_3D('',#9315,#9316,#9317);
#9319=PLANE('',#9318);
#9320=ORIENTED_EDGE('',*,*,#6178,.F.);
#9321=ORIENTED_EDGE('',*,*,#9103,.T.);
#9322=ORIENTED_EDGE('',*,*,#8174,.T.);
#9323=ORIENTED_EDGE('',*,*,#9301,.F.);
#9324=EDGE_LOOP('',(#9320,#9321,#9322,#9323));
#9325=FACE_OUTER_BOUND('',#9324,.F.);
#9326=ADVANCED_FACE('',(#9325),#9319,.T.);
#9327=FILL_AREA_STYLE_COLOUR('',#42);
#9328=FILL_AREA_STYLE('',(#9327));
#9329=SURFACE_STYLE_FILL_AREA(#9328);
#9330=SURFACE_SIDE_STYLE('',(#9329));
#9331=SURFACE_STYLE_USAGE(.POSITIVE.,#9330);
#9332=PRESENTATION_STYLE_ASSIGNMENT((#9331));
#9333=STYLED_ITEM('',(#9332),#9326);
#9334=CARTESIAN_POINT('',(1.155947794166E0,-6.510502774842E-1,0.E0));
#9335=DIRECTION('',(0.E0,-1.E0,0.E0));
#9336=DIRECTION('',(-1.E0,0.E0,0.E0));
#9337=AXIS2_PLACEMENT_3D('',#9334,#9335,#9336);
#9338=PLANE('',#9337);
#9339=ORIENTED_EDGE('',*,*,#6202,.F.);
#9341=ORIENTED_EDGE('',*,*,#9340,.T.);
#9342=ORIENTED_EDGE('',*,*,#8191,.T.);
#9344=ORIENTED_EDGE('',*,*,#9343,.F.);
#9345=EDGE_LOOP('',(#9339,#9341,#9342,#9344));
#9346=FACE_OUTER_BOUND('',#9345,.F.);
#9347=ADVANCED_FACE('',(#9346),#9338,.T.);
#9348=FILL_AREA_STYLE_COLOUR('',#42);
#9349=FILL_AREA_STYLE('',(#9348));
#9350=SURFACE_STYLE_FILL_AREA(#9349);
#9351=SURFACE_SIDE_STYLE('',(#9350));
#9352=SURFACE_STYLE_USAGE(.POSITIVE.,#9351);
#9353=PRESENTATION_STYLE_ASSIGNMENT((#9352));
#9354=STYLED_ITEM('',(#9353),#9347);
#9355=CARTESIAN_POINT('',(1.182546801698E0,-6.456172935045E-1,0.E0));
#9356=DIRECTION('',(2.001232084928E-1,-9.797707392153E-1,0.E0));
#9357=DIRECTION('',(-9.797707392153E-1,-2.001232084928E-1,0.E0));
#9358=AXIS2_PLACEMENT_3D('',#9355,#9356,#9357);
#9359=PLANE('',#9358);
#9360=ORIENTED_EDGE('',*,*,#6228,.F.);
#9362=ORIENTED_EDGE('',*,*,#9361,.T.);
#9363=ORIENTED_EDGE('',*,*,#8193,.T.);
#9364=ORIENTED_EDGE('',*,*,#9340,.F.);
#9365=EDGE_LOOP('',(#9360,#9362,#9363,#9364));
#9366=FACE_OUTER_BOUND('',#9365,.F.);
#9367=ADVANCED_FACE('',(#9366),#9359,.T.);
#9368=FILL_AREA_STYLE_COLOUR('',#42);
#9369=FILL_AREA_STYLE('',(#9368));
#9370=SURFACE_STYLE_FILL_AREA(#9369);
#9371=SURFACE_SIDE_STYLE('',(#9370));
#9372=SURFACE_STYLE_USAGE(.POSITIVE.,#9371);
#9373=PRESENTATION_STYLE_ASSIGNMENT((#9372));
#9374=STYLED_ITEM('',(#9373),#9367);
#9375=CARTESIAN_POINT('',(1.203825971195E0,-6.347513255452E-1,0.E0));
#9376=DIRECTION('',(4.547774575564E-1,-8.906051112017E-1,0.E0));
#9377=DIRECTION('',(-8.906051112017E-1,-4.547774575564E-1,0.E0));
#9378=AXIS2_PLACEMENT_3D('',#9375,#9376,#9377);
#9379=PLANE('',#9378);
#9380=ORIENTED_EDGE('',*,*,#6226,.F.);
#9382=ORIENTED_EDGE('',*,*,#9381,.T.);
#9383=ORIENTED_EDGE('',*,*,#8195,.T.);
#9384=ORIENTED_EDGE('',*,*,#9361,.F.);
#9385=EDGE_LOOP('',(#9380,#9382,#9383,#9384));
#9386=FACE_OUTER_BOUND('',#9385,.F.);
#9387=ADVANCED_FACE('',(#9386),#9379,.T.);
#9388=FILL_AREA_STYLE_COLOUR('',#42);
#9389=FILL_AREA_STYLE('',(#9388));
#9390=SURFACE_STYLE_FILL_AREA(#9389);
#9391=SURFACE_SIDE_STYLE('',(#9390));
#9392=SURFACE_STYLE_USAGE(.POSITIVE.,#9391);
#9393=PRESENTATION_STYLE_ASSIGNMENT((#9392));
#9394=STYLED_ITEM('',(#9393),#9387);
#9395=CARTESIAN_POINT('',(1.225105140692E0,-6.130193896266E-1,0.E0));
#9396=DIRECTION('',(7.145107183351E-1,-6.996244945571E-1,0.E0));
#9397=DIRECTION('',(-6.996244945571E-1,-7.145107183351E-1,0.E0));
#9398=AXIS2_PLACEMENT_3D('',#9395,#9396,#9397);
#9399=PLANE('',#9398);
#9400=ORIENTED_EDGE('',*,*,#6224,.F.);
#9402=ORIENTED_EDGE('',*,*,#9401,.T.);
#9403=ORIENTED_EDGE('',*,*,#8197,.T.);
#9404=ORIENTED_EDGE('',*,*,#9381,.F.);
#9405=EDGE_LOOP('',(#9400,#9402,#9403,#9404));
#9406=FACE_OUTER_BOUND('',#9405,.F.);
#9407=ADVANCED_FACE('',(#9406),#9399,.T.);
#9408=FILL_AREA_STYLE_COLOUR('',#42);
#9409=FILL_AREA_STYLE('',(#9408));
#9410=SURFACE_STYLE_FILL_AREA(#9409);
#9411=SURFACE_SIDE_STYLE('',(#9410));
#9412=SURFACE_STYLE_USAGE(.POSITIVE.,#9411);
#9413=PRESENTATION_STYLE_ASSIGNMENT((#9412));
#9414=STYLED_ITEM('',(#9413),#9407);
#9415=CARTESIAN_POINT('',(1.235744755880E0,-5.912874537079E-1,0.E0));
#9416=DIRECTION('',(8.981377659536E-1,-4.397141723527E-1,0.E0));
#9417=DIRECTION('',(-4.397141723527E-1,-8.981377659536E-1,0.E0));
#9418=AXIS2_PLACEMENT_3D('',#9415,#9416,#9417);
#9419=PLANE('',#9418);
#9420=ORIENTED_EDGE('',*,*,#6222,.F.);
#9422=ORIENTED_EDGE('',*,*,#9421,.T.);
#9423=ORIENTED_EDGE('',*,*,#8199,.T.);
#9424=ORIENTED_EDGE('',*,*,#9401,.F.);
#9425=EDGE_LOOP('',(#9420,#9422,#9423,#9424));
#9426=FACE_OUTER_BOUND('',#9425,.F.);
#9427=ADVANCED_FACE('',(#9426),#9419,.T.);
#9428=FILL_AREA_STYLE_COLOUR('',#42);
#9429=FILL_AREA_STYLE('',(#9428));
#9430=SURFACE_STYLE_FILL_AREA(#9429);
#9431=SURFACE_SIDE_STYLE('',(#9430));
#9432=SURFACE_STYLE_USAGE(.POSITIVE.,#9431);
#9433=PRESENTATION_STYLE_ASSIGNMENT((#9432));
#9434=STYLED_ITEM('',(#9433),#9427);
#9435=CARTESIAN_POINT('',(1.241064533034E0,-5.641225185896E-1,0.E0));
#9436=DIRECTION('',(9.813592930674E-1,-1.921820436730E-1,0.E0));
#9437=DIRECTION('',(-1.921820436730E-1,-9.813592930674E-1,0.E0));
#9438=AXIS2_PLACEMENT_3D('',#9435,#9436,#9437);
#9439=PLANE('',#9438);
#9440=ORIENTED_EDGE('',*,*,#6220,.F.);
#9442=ORIENTED_EDGE('',*,*,#9441,.T.);
#9443=ORIENTED_EDGE('',*,*,#8201,.T.);
#9444=ORIENTED_EDGE('',*,*,#9421,.F.);
#9445=EDGE_LOOP('',(#9440,#9442,#9443,#9444));
#9446=FACE_OUTER_BOUND('',#9445,.F.);
#9447=ADVANCED_FACE('',(#9446),#9439,.T.);
#9448=FILL_AREA_STYLE_COLOUR('',#42);
#9449=FILL_AREA_STYLE('',(#9448));
#9450=SURFACE_STYLE_FILL_AREA(#9449);
#9451=SURFACE_SIDE_STYLE('',(#9450));
#9452=SURFACE_STYLE_USAGE(.POSITIVE.,#9451);
#9453=PRESENTATION_STYLE_ASSIGNMENT((#9452));
#9454=STYLED_ITEM('',(#9453),#9447);
#9455=CARTESIAN_POINT('',(1.241064533034E0,-4.826277512846E-1,0.E0));
#9456=DIRECTION('',(1.E0,0.E0,0.E0));
#9457=DIRECTION('',(0.E0,-1.E0,0.E0));
#9458=AXIS2_PLACEMENT_3D('',#9455,#9456,#9457);
#9459=PLANE('',#9458);
#9460=ORIENTED_EDGE('',*,*,#6218,.F.);
#9462=ORIENTED_EDGE('',*,*,#9461,.T.);
#9463=ORIENTED_EDGE('',*,*,#8203,.T.);
#9464=ORIENTED_EDGE('',*,*,#9441,.F.);
#9465=EDGE_LOOP('',(#9460,#9462,#9463,#9464));
#9466=FACE_OUTER_BOUND('',#9465,.F.);
#9467=ADVANCED_FACE('',(#9466),#9459,.T.);
#9468=FILL_AREA_STYLE_COLOUR('',#42);
#9469=FILL_AREA_STYLE('',(#9468));
#9470=SURFACE_STYLE_FILL_AREA(#9469);
#9471=SURFACE_SIDE_STYLE('',(#9470));
#9472=SURFACE_STYLE_USAGE(.POSITIVE.,#9471);
#9473=PRESENTATION_STYLE_ASSIGNMENT((#9472));
#9474=STYLED_ITEM('',(#9473),#9467);
#9475=CARTESIAN_POINT('',(1.235744755880E0,-4.554628313863E-1,0.E0));
#9476=DIRECTION('',(9.813592727596E-1,1.921821473726E-1,0.E0));
#9477=DIRECTION('',(1.921821473726E-1,-9.813592727596E-1,0.E0));
#9478=AXIS2_PLACEMENT_3D('',#9475,#9476,#9477);
#9479=PLANE('',#9478);
#9480=ORIENTED_EDGE('',*,*,#6216,.F.);
#9482=ORIENTED_EDGE('',*,*,#9481,.T.);
#9483=ORIENTED_EDGE('',*,*,#8205,.T.);
#9484=ORIENTED_EDGE('',*,*,#9461,.F.);
#9485=EDGE_LOOP('',(#9480,#9482,#9483,#9484));
#9486=FACE_OUTER_BOUND('',#9485,.F.);
#9487=ADVANCED_FACE('',(#9486),#9479,.T.);
#9488=FILL_AREA_STYLE_COLOUR('',#42);
#9489=FILL_AREA_STYLE('',(#9488));
#9490=SURFACE_STYLE_FILL_AREA(#9489);
#9491=SURFACE_SIDE_STYLE('',(#9490));
#9492=SURFACE_STYLE_USAGE(.POSITIVE.,#9491);
#9493=PRESENTATION_STYLE_ASSIGNMENT((#9492));
#9494=STYLED_ITEM('',(#9493),#9487);
#9495=CARTESIAN_POINT('',(1.225105140692E0,-4.337308916626E-1,0.E0));
#9496=DIRECTION('',(8.981377963584E-1,4.397141102494E-1,0.E0));
#9497=DIRECTION('',(4.397141102494E-1,-8.981377963584E-1,0.E0));
#9498=AXIS2_PLACEMENT_3D('',#9495,#9496,#9497);
#9499=PLANE('',#9498);
#9500=ORIENTED_EDGE('',*,*,#6214,.F.);
#9502=ORIENTED_EDGE('',*,*,#9501,.T.);
#9503=ORIENTED_EDGE('',*,*,#8207,.T.);
#9504=ORIENTED_EDGE('',*,*,#9481,.F.);
#9505=EDGE_LOOP('',(#9500,#9502,#9503,#9504));
#9506=FACE_OUTER_BOUND('',#9505,.F.);
#9507=ADVANCED_FACE('',(#9506),#9499,.T.);
#9508=FILL_AREA_STYLE_COLOUR('',#42);
#9509=FILL_AREA_STYLE('',(#9508));
#9510=SURFACE_STYLE_FILL_AREA(#9509);
#9511=SURFACE_SIDE_STYLE('',(#9510));
#9512=SURFACE_STYLE_USAGE(.POSITIVE.,#9511);
#9513=PRESENTATION_STYLE_ASSIGNMENT((#9512));
#9514=STYLED_ITEM('',(#9513),#9507);
#9515=CARTESIAN_POINT('',(1.203825971195E0,-4.119989538415E-1,0.E0));
#9516=DIRECTION('',(7.145107489524E-1,6.996244632883E-1,0.E0));
#9517=DIRECTION('',(6.996244632883E-1,-7.145107489524E-1,0.E0));
#9518=AXIS2_PLACEMENT_3D('',#9515,#9516,#9517);
#9519=PLANE('',#9518);
#9520=ORIENTED_EDGE('',*,*,#6212,.F.);
#9522=ORIENTED_EDGE('',*,*,#9521,.T.);
#9523=ORIENTED_EDGE('',*,*,#8209,.T.);
#9524=ORIENTED_EDGE('',*,*,#9501,.F.);
#9525=EDGE_LOOP('',(#9520,#9522,#9523,#9524));
#9526=FACE_OUTER_BOUND('',#9525,.F.);
#9527=ADVANCED_FACE('',(#9526),#9519,.T.);
#9528=FILL_AREA_STYLE_COLOUR('',#42);
#9529=FILL_AREA_STYLE('',(#9528));
#9530=SURFACE_STYLE_FILL_AREA(#9529);
#9531=SURFACE_SIDE_STYLE('',(#9530));
#9532=SURFACE_STYLE_USAGE(.POSITIVE.,#9531);
#9533=PRESENTATION_STYLE_ASSIGNMENT((#9532));
#9534=STYLED_ITEM('',(#9533),#9527);
#9535=CARTESIAN_POINT('',(1.182546801698E0,-4.011329844553E-1,0.E0));
#9536=DIRECTION('',(4.547775049247E-1,8.906050870136E-1,0.E0));
#9537=DIRECTION('',(8.906050870136E-1,-4.547775049247E-1,0.E0));
#9538=AXIS2_PLACEMENT_3D('',#9535,#9536,#9537);
#9539=PLANE('',#9538);
#9540=ORIENTED_EDGE('',*,*,#6210,.F.);
#9542=ORIENTED_EDGE('',*,*,#9541,.T.);
#9543=ORIENTED_EDGE('',*,*,#8211,.T.);
#9544=ORIENTED_EDGE('',*,*,#9521,.F.);
#9545=EDGE_LOOP('',(#9540,#9542,#9543,#9544));
#9546=FACE_OUTER_BOUND('',#9545,.F.);
#9547=ADVANCED_FACE('',(#9546),#9539,.T.);
#9548=FILL_AREA_STYLE_COLOUR('',#42);
#9549=FILL_AREA_STYLE('',(#9548));
#9550=SURFACE_STYLE_FILL_AREA(#9549);
#9551=SURFACE_SIDE_STYLE('',(#9550));
#9552=SURFACE_STYLE_USAGE(.POSITIVE.,#9551);
#9553=PRESENTATION_STYLE_ASSIGNMENT((#9552));
#9554=STYLED_ITEM('',(#9553),#9547);
#9555=CARTESIAN_POINT('',(1.155947794166E0,-3.957E-1,0.E0));
#9556=DIRECTION('',(2.001232253108E-1,9.797707357802E-1,0.E0));
#9557=DIRECTION('',(9.797707357802E-1,-2.001232253108E-1,0.E0));
#9558=AXIS2_PLACEMENT_3D('',#9555,#9556,#9557);
#9559=PLANE('',#9558);
#9560=ORIENTED_EDGE('',*,*,#6208,.F.);
#9562=ORIENTED_EDGE('',*,*,#9561,.T.);
#9563=ORIENTED_EDGE('',*,*,#8213,.T.);
#9564=ORIENTED_EDGE('',*,*,#9541,.F.);
#9565=EDGE_LOOP('',(#9560,#9562,#9563,#9564));
#9566=FACE_OUTER_BOUND('',#9565,.F.);
#9567=ADVANCED_FACE('',(#9566),#9559,.T.);
#9568=FILL_AREA_STYLE_COLOUR('',#42);
#9569=FILL_AREA_STYLE('',(#9568));
#9570=SURFACE_STYLE_FILL_AREA(#9569);
#9571=SURFACE_SIDE_STYLE('',(#9570));
#9572=SURFACE_STYLE_USAGE(.POSITIVE.,#9571);
#9573=PRESENTATION_STYLE_ASSIGNMENT((#9572));
#9574=STYLED_ITEM('',(#9573),#9567);
#9575=CARTESIAN_POINT('',(1.028272655424E0,-3.957E-1,0.E0));
#9576=DIRECTION('',(0.E0,1.E0,0.E0));
#9577=DIRECTION('',(1.E0,0.E0,0.E0));
#9578=AXIS2_PLACEMENT_3D('',#9575,#9576,#9577);
#9579=PLANE('',#9578);
#9580=ORIENTED_EDGE('',*,*,#6206,.F.);
#9582=ORIENTED_EDGE('',*,*,#9581,.T.);
#9583=ORIENTED_EDGE('',*,*,#8215,.T.);
#9584=ORIENTED_EDGE('',*,*,#9561,.F.);
#9585=EDGE_LOOP('',(#9580,#9582,#9583,#9584));
#9586=FACE_OUTER_BOUND('',#9585,.F.);
#9587=ADVANCED_FACE('',(#9586),#9579,.T.);
#9588=FILL_AREA_STYLE_COLOUR('',#42);
#9589=FILL_AREA_STYLE('',(#9588));
#9590=SURFACE_STYLE_FILL_AREA(#9589);
#9591=SURFACE_SIDE_STYLE('',(#9590));
#9592=SURFACE_STYLE_USAGE(.POSITIVE.,#9591);
#9593=PRESENTATION_STYLE_ASSIGNMENT((#9592));
#9594=STYLED_ITEM('',(#9593),#9587);
#9595=CARTESIAN_POINT('',(1.028272655424E0,-6.510502774842E-1,0.E0));
#9596=DIRECTION('',(-1.E0,0.E0,0.E0));
#9597=DIRECTION('',(0.E0,1.E0,0.E0));
#9598=AXIS2_PLACEMENT_3D('',#9595,#9596,#9597);
#9599=PLANE('',#9598);
#9600=ORIENTED_EDGE('',*,*,#6204,.F.);
#9601=ORIENTED_EDGE('',*,*,#9343,.T.);
#9602=ORIENTED_EDGE('',*,*,#8217,.T.);
#9603=ORIENTED_EDGE('',*,*,#9581,.F.);
#9604=EDGE_LOOP('',(#9600,#9601,#9602,#9603));
#9605=FACE_OUTER_BOUND('',#9604,.F.);
#9606=ADVANCED_FACE('',(#9605),#9599,.T.);
#9607=FILL_AREA_STYLE_COLOUR('',#42);
#9608=FILL_AREA_STYLE('',(#9607));
#9609=SURFACE_STYLE_FILL_AREA(#9608);
#9610=SURFACE_SIDE_STYLE('',(#9609));
#9611=SURFACE_STYLE_USAGE(.POSITIVE.,#9610);
#9612=PRESENTATION_STYLE_ASSIGNMENT((#9611));
#9613=STYLED_ITEM('',(#9612),#9606);
#9614=CARTESIAN_POINT('',(1.060191440110E0,-6.184523736062E-1,0.E0));
#9615=DIRECTION('',(0.E0,1.E0,0.E0));
#9616=DIRECTION('',(1.E0,0.E0,0.E0));
#9617=AXIS2_PLACEMENT_3D('',#9614,#9615,#9616);
#9618=PLANE('',#9617);
#9619=ORIENTED_EDGE('',*,*,#6263,.F.);
#9621=ORIENTED_EDGE('',*,*,#9620,.T.);
#9622=ORIENTED_EDGE('',*,*,#8221,.T.);
#9624=ORIENTED_EDGE('',*,*,#9623,.F.);
#9625=EDGE_LOOP('',(#9619,#9621,#9622,#9624));
#9626=FACE_OUTER_BOUND('',#9625,.F.);
#9627=ADVANCED_FACE('',(#9626),#9618,.T.);
#9628=FILL_AREA_STYLE_COLOUR('',#42);
#9629=FILL_AREA_STYLE('',(#9628));
#9630=SURFACE_STYLE_FILL_AREA(#9629);
#9631=SURFACE_SIDE_STYLE('',(#9630));
#9632=SURFACE_STYLE_USAGE(.POSITIVE.,#9631);
#9633=PRESENTATION_STYLE_ASSIGNMENT((#9632));
#9634=STYLED_ITEM('',(#9633),#9627);
#9635=CARTESIAN_POINT('',(1.060191440110E0,-4.282979076830E-1,0.E0));
#9636=DIRECTION('',(1.E0,0.E0,0.E0));
#9637=DIRECTION('',(0.E0,-1.E0,0.E0));
#9638=AXIS2_PLACEMENT_3D('',#9635,#9636,#9637);
#9639=PLANE('',#9638);
#9640=ORIENTED_EDGE('',*,*,#6285,.F.);
#9642=ORIENTED_EDGE('',*,*,#9641,.T.);
#9643=ORIENTED_EDGE('',*,*,#8223,.T.);
#9644=ORIENTED_EDGE('',*,*,#9620,.F.);
#9645=EDGE_LOOP('',(#9640,#9642,#9643,#9644));
#9646=FACE_OUTER_BOUND('',#9645,.F.);
#9647=ADVANCED_FACE('',(#9646),#9639,.T.);
#9648=FILL_AREA_STYLE_COLOUR('',#42);
#9649=FILL_AREA_STYLE('',(#9648));
#9650=SURFACE_STYLE_FILL_AREA(#9649);
#9651=SURFACE_SIDE_STYLE('',(#9650));
#9652=SURFACE_STYLE_USAGE(.POSITIVE.,#9651);
#9653=PRESENTATION_STYLE_ASSIGNMENT((#9652));
#9654=STYLED_ITEM('',(#9653),#9647);
#9655=CARTESIAN_POINT('',(1.155947794166E0,-4.282979076830E-1,0.E0));
#9656=DIRECTION('',(0.E0,-1.E0,0.E0));
#9657=DIRECTION('',(-1.E0,0.E0,0.E0));
#9658=AXIS2_PLACEMENT_3D('',#9655,#9656,#9657);
#9659=PLANE('',#9658);
#9660=ORIENTED_EDGE('',*,*,#6283,.F.);
#9662=ORIENTED_EDGE('',*,*,#9661,.T.);
#9663=ORIENTED_EDGE('',*,*,#8225,.T.);
#9664=ORIENTED_EDGE('',*,*,#9641,.F.);
#9665=EDGE_LOOP('',(#9660,#9662,#9663,#9664));
#9666=FACE_OUTER_BOUND('',#9665,.F.);
#9667=ADVANCED_FACE('',(#9666),#9659,.T.);
#9668=FILL_AREA_STYLE_COLOUR('',#42);
#9669=FILL_AREA_STYLE('',(#9668));
#9670=SURFACE_STYLE_FILL_AREA(#9669);
#9671=SURFACE_SIDE_STYLE('',(#9670));
#9672=SURFACE_STYLE_USAGE(.POSITIVE.,#9671);
#9673=PRESENTATION_STYLE_ASSIGNMENT((#9672));
#9674=STYLED_ITEM('',(#9673),#9667);
#9675=CARTESIAN_POINT('',(1.177226963663E0,-4.337308916626E-1,0.E0));
#9676=DIRECTION('',(-2.473834390653E-1,-9.689176611437E-1,0.E0));
#9677=DIRECTION('',(-9.689176611437E-1,2.473834390653E-1,0.E0));
#9678=AXIS2_PLACEMENT_3D('',#9675,#9676,#9677);
#9679=PLANE('',#9678);
#9680=ORIENTED_EDGE('',*,*,#6281,.F.);
#9682=ORIENTED_EDGE('',*,*,#9681,.T.);
#9683=ORIENTED_EDGE('',*,*,#8227,.T.);
#9684=ORIENTED_EDGE('',*,*,#9661,.F.);
#9685=EDGE_LOOP('',(#9680,#9682,#9683,#9684));
#9686=FACE_OUTER_BOUND('',#9685,.F.);
#9687=ADVANCED_FACE('',(#9686),#9679,.T.);
#9688=FILL_AREA_STYLE_COLOUR('',#42);
#9689=FILL_AREA_STYLE('',(#9688));
#9690=SURFACE_STYLE_FILL_AREA(#9689);
#9691=SURFACE_SIDE_STYLE('',(#9690));
#9692=SURFACE_STYLE_USAGE(.POSITIVE.,#9691);
#9693=PRESENTATION_STYLE_ASSIGNMENT((#9692));
#9694=STYLED_ITEM('',(#9693),#9687);
#9695=CARTESIAN_POINT('',(1.193186356006E0,-4.445968634270E-1,0.E0));
#9696=DIRECTION('',(-5.627910658976E-1,-8.265991871191E-1,0.E0));
#9697=DIRECTION('',(-8.265991871191E-1,5.627910658976E-1,0.E0));
#9698=AXIS2_PLACEMENT_3D('',#9695,#9696,#9697);
#9699=PLANE('',#9698);
#9700=ORIENTED_EDGE('',*,*,#6279,.F.);
#9702=ORIENTED_EDGE('',*,*,#9701,.T.);
#9703=ORIENTED_EDGE('',*,*,#8229,.T.);
#9704=ORIENTED_EDGE('',*,*,#9681,.F.);
#9705=EDGE_LOOP('',(#9700,#9702,#9703,#9704));
#9706=FACE_OUTER_BOUND('',#9705,.F.);
#9707=ADVANCED_FACE('',(#9706),#9699,.T.);
#9708=FILL_AREA_STYLE_COLOUR('',#42);
#9709=FILL_AREA_STYLE('',(#9708));
#9710=SURFACE_STYLE_FILL_AREA(#9709);
#9711=SURFACE_SIDE_STYLE('',(#9710));
#9712=SURFACE_STYLE_USAGE(.POSITIVE.,#9711);
#9713=PRESENTATION_STYLE_ASSIGNMENT((#9712));
#9714=STYLED_ITEM('',(#9713),#9707);
#9715=CARTESIAN_POINT('',(1.203825971195E0,-4.608958153660E-1,0.E0));
#9716=DIRECTION('',(-8.373786433120E-1,-5.466232777014E-1,0.E0));
#9717=DIRECTION('',(-5.466232777014E-1,8.373786433120E-1,0.E0));
#9718=AXIS2_PLACEMENT_3D('',#9715,#9716,#9717);
#9719=PLANE('',#9718);
#9720=ORIENTED_EDGE('',*,*,#6277,.F.);
#9722=ORIENTED_EDGE('',*,*,#9721,.T.);
#9723=ORIENTED_EDGE('',*,*,#8231,.T.);
#9724=ORIENTED_EDGE('',*,*,#9701,.F.);
#9725=EDGE_LOOP('',(#9720,#9722,#9723,#9724));
#9726=FACE_OUTER_BOUND('',#9725,.F.);
#9727=ADVANCED_FACE('',(#9726),#9719,.T.);
#9728=FILL_AREA_STYLE_COLOUR('',#42);
#9729=FILL_AREA_STYLE('',(#9728));
#9730=SURFACE_STYLE_FILL_AREA(#9729);
#9731=SURFACE_SIDE_STYLE('',(#9730));
#9732=SURFACE_STYLE_USAGE(.POSITIVE.,#9731);
#9733=PRESENTATION_STYLE_ASSIGNMENT((#9732));
#9734=STYLED_ITEM('',(#9733),#9727);
#9735=CARTESIAN_POINT('',(1.209145748349E0,-4.826277512846E-1,0.E0));
#9736=DIRECTION('',(-9.713213633444E-1,-2.377704967207E-1,0.E0));
#9737=DIRECTION('',(-2.377704967207E-1,9.713213633444E-1,0.E0));
#9738=AXIS2_PLACEMENT_3D('',#9735,#9736,#9737);
#9739=PLANE('',#9738);
#9740=ORIENTED_EDGE('',*,*,#6275,.F.);
#9742=ORIENTED_EDGE('',*,*,#9741,.T.);
#9743=ORIENTED_EDGE('',*,*,#8233,.T.);
#9744=ORIENTED_EDGE('',*,*,#9721,.F.);
#9745=EDGE_LOOP('',(#9740,#9742,#9743,#9744));
#9746=FACE_OUTER_BOUND('',#9745,.F.);
#9747=ADVANCED_FACE('',(#9746),#9739,.T.);
#9748=FILL_AREA_STYLE_COLOUR('',#42);
#9749=FILL_AREA_STYLE('',(#9748));
#9750=SURFACE_STYLE_FILL_AREA(#9749);
#9751=SURFACE_SIDE_STYLE('',(#9750));
#9752=SURFACE_STYLE_USAGE(.POSITIVE.,#9751);
#9753=PRESENTATION_STYLE_ASSIGNMENT((#9752));
#9754=STYLED_ITEM('',(#9753),#9747);
#9755=CARTESIAN_POINT('',(1.209145748349E0,-5.641225185896E-1,0.E0));
#9756=DIRECTION('',(-1.E0,0.E0,0.E0));
#9757=DIRECTION('',(0.E0,1.E0,0.E0));
#9758=AXIS2_PLACEMENT_3D('',#9755,#9756,#9757);
#9759=PLANE('',#9758);
#9760=ORIENTED_EDGE('',*,*,#6273,.F.);
#9762=ORIENTED_EDGE('',*,*,#9761,.T.);
#9763=ORIENTED_EDGE('',*,*,#8235,.T.);
#9764=ORIENTED_EDGE('',*,*,#9741,.F.);
#9765=EDGE_LOOP('',(#9760,#9762,#9763,#9764));
#9766=FACE_OUTER_BOUND('',#9765,.F.);
#9767=ADVANCED_FACE('',(#9766),#9759,.T.);
#9768=FILL_AREA_STYLE_COLOUR('',#42);
#9769=FILL_AREA_STYLE('',(#9768));
#9770=SURFACE_STYLE_FILL_AREA(#9769);
#9771=SURFACE_SIDE_STYLE('',(#9770));
#9772=SURFACE_STYLE_USAGE(.POSITIVE.,#9771);
#9773=PRESENTATION_STYLE_ASSIGNMENT((#9772));
#9774=STYLED_ITEM('',(#9773),#9767);
#9775=CARTESIAN_POINT('',(1.203825971195E0,-5.858544545082E-1,0.E0));
#9776=DIRECTION('',(-9.713213633444E-1,2.377704967207E-1,0.E0));
#9777=DIRECTION('',(2.377704967207E-1,9.713213633444E-1,0.E0));
#9778=AXIS2_PLACEMENT_3D('',#9775,#9776,#9777);
#9779=PLANE('',#9778);
#9780=ORIENTED_EDGE('',*,*,#6271,.F.);
#9782=ORIENTED_EDGE('',*,*,#9781,.T.);
#9783=ORIENTED_EDGE('',*,*,#8237,.T.);
#9784=ORIENTED_EDGE('',*,*,#9761,.F.);
#9785=EDGE_LOOP('',(#9780,#9782,#9783,#9784));
#9786=FACE_OUTER_BOUND('',#9785,.F.);
#9787=ADVANCED_FACE('',(#9786),#9779,.T.);
#9788=FILL_AREA_STYLE_COLOUR('',#42);
#9789=FILL_AREA_STYLE('',(#9788));
#9790=SURFACE_STYLE_FILL_AREA(#9789);
#9791=SURFACE_SIDE_STYLE('',(#9790));
#9792=SURFACE_STYLE_USAGE(.POSITIVE.,#9791);
#9793=PRESENTATION_STYLE_ASSIGNMENT((#9792));
#9794=STYLED_ITEM('',(#9793),#9787);
#9795=CARTESIAN_POINT('',(1.193186356006E0,-6.021534216672E-1,0.E0));
#9796=DIRECTION('',(-8.373788769559E-1,5.466229197794E-1,0.E0));
#9797=DIRECTION('',(5.466229197794E-1,8.373788769559E-1,0.E0));
#9798=AXIS2_PLACEMENT_3D('',#9795,#9796,#9797);
#9799=PLANE('',#9798);
#9800=ORIENTED_EDGE('',*,*,#6269,.F.);
#9802=ORIENTED_EDGE('',*,*,#9801,.T.);
#9803=ORIENTED_EDGE('',*,*,#8239,.T.);
#9804=ORIENTED_EDGE('',*,*,#9781,.F.);
#9805=EDGE_LOOP('',(#9800,#9802,#9803,#9804));
#9806=FACE_OUTER_BOUND('',#9805,.F.);
#9807=ADVANCED_FACE('',(#9806),#9799,.T.);
#9808=FILL_AREA_STYLE_COLOUR('',#42);
#9809=FILL_AREA_STYLE('',(#9808));
#9810=SURFACE_STYLE_FILL_AREA(#9809);
#9811=SURFACE_SIDE_STYLE('',(#9810));
#9812=SURFACE_STYLE_USAGE(.POSITIVE.,#9811);
#9813=PRESENTATION_STYLE_ASSIGNMENT((#9812));
#9814=STYLED_ITEM('',(#9813),#9807);
#9815=CARTESIAN_POINT('',(1.177226963663E0,-6.130193896266E-1,0.E0));
#9816=DIRECTION('',(-5.627909312417E-1,8.265992787996E-1,0.E0));
#9817=DIRECTION('',(8.265992787996E-1,5.627909312417E-1,0.E0));
#9818=AXIS2_PLACEMENT_3D('',#9815,#9816,#9817);
#9819=PLANE('',#9818);
#9820=ORIENTED_EDGE('',*,*,#6267,.F.);
#9822=ORIENTED_EDGE('',*,*,#9821,.T.);
#9823=ORIENTED_EDGE('',*,*,#8241,.T.);
#9824=ORIENTED_EDGE('',*,*,#9801,.F.);
#9825=EDGE_LOOP('',(#9820,#9822,#9823,#9824));
#9826=FACE_OUTER_BOUND('',#9825,.F.);
#9827=ADVANCED_FACE('',(#9826),#9819,.T.);
#9828=FILL_AREA_STYLE_COLOUR('',#42);
#9829=FILL_AREA_STYLE('',(#9828));
#9830=SURFACE_STYLE_FILL_AREA(#9829);
#9831=SURFACE_SIDE_STYLE('',(#9830));
#9832=SURFACE_STYLE_USAGE(.POSITIVE.,#9831);
#9833=PRESENTATION_STYLE_ASSIGNMENT((#9832));
#9834=STYLED_ITEM('',(#9833),#9827);
#9835=CARTESIAN_POINT('',(1.155947794166E0,-6.184523736062E-1,0.E0));
#9836=DIRECTION('',(-2.473834390653E-1,9.689176611437E-1,0.E0));
#9837=DIRECTION('',(9.689176611437E-1,2.473834390653E-1,0.E0));
#9838=AXIS2_PLACEMENT_3D('',#9835,#9836,#9837);
#9839=PLANE('',#9838);
#9840=ORIENTED_EDGE('',*,*,#6265,.F.);
#9841=ORIENTED_EDGE('',*,*,#9623,.T.);
#9842=ORIENTED_EDGE('',*,*,#8243,.T.);
#9843=ORIENTED_EDGE('',*,*,#9821,.F.);
#9844=EDGE_LOOP('',(#9840,#9841,#9842,#9843));
#9845=FACE_OUTER_BOUND('',#9844,.F.);
#9846=ADVANCED_FACE('',(#9845),#9839,.T.);
#9847=FILL_AREA_STYLE_COLOUR('',#42);
#9848=FILL_AREA_STYLE('',(#9847));
#9849=SURFACE_STYLE_FILL_AREA(#9848);
#9850=SURFACE_SIDE_STYLE('',(#9849));
#9851=SURFACE_STYLE_USAGE(.POSITIVE.,#9850);
#9852=PRESENTATION_STYLE_ASSIGNMENT((#9851));
#9853=STYLED_ITEM('',(#9852),#9846);
#9854=CARTESIAN_POINT('',(1.411298071651E0,-6.510502774842E-1,0.E0));
#9855=DIRECTION('',(0.E0,-1.E0,0.E0));
#9856=DIRECTION('',(-1.E0,0.E0,0.E0));
#9857=AXIS2_PLACEMENT_3D('',#9854,#9855,#9856);
#9858=PLANE('',#9857);
#9859=ORIENTED_EDGE('',*,*,#6232,.F.);
#9861=ORIENTED_EDGE('',*,*,#9860,.T.);
#9862=ORIENTED_EDGE('',*,*,#8260,.T.);
#9864=ORIENTED_EDGE('',*,*,#9863,.F.);
#9865=EDGE_LOOP('',(#9859,#9861,#9862,#9864));
#9866=FACE_OUTER_BOUND('',#9865,.F.);
#9867=ADVANCED_FACE('',(#9866),#9858,.T.);
#9868=FILL_AREA_STYLE_COLOUR('',#42);
#9869=FILL_AREA_STYLE('',(#9868));
#9870=SURFACE_STYLE_FILL_AREA(#9869);
#9871=SURFACE_SIDE_STYLE('',(#9870));
#9872=SURFACE_STYLE_USAGE(.POSITIVE.,#9871);
#9873=PRESENTATION_STYLE_ASSIGNMENT((#9872));
#9874=STYLED_ITEM('',(#9873),#9867);
#9875=CARTESIAN_POINT('',(1.496414871399E0,-3.957E-1,0.E0));
#9876=DIRECTION('',(9.486832528138E-1,-3.162279017271E-1,0.E0));
#9877=DIRECTION('',(-3.162279017271E-1,-9.486832528138E-1,0.E0));
#9878=AXIS2_PLACEMENT_3D('',#9875,#9876,#9877);
#9879=PLANE('',#9878);
#9880=ORIENTED_EDGE('',*,*,#6246,.F.);
#9882=ORIENTED_EDGE('',*,*,#9881,.T.);
#9883=ORIENTED_EDGE('',*,*,#8262,.T.);
#9884=ORIENTED_EDGE('',*,*,#9860,.F.);
#9885=EDGE_LOOP('',(#9880,#9882,#9883,#9884));
#9886=FACE_OUTER_BOUND('',#9885,.F.);
#9887=ADVANCED_FACE('',(#9886),#9879,.T.);
#9888=FILL_AREA_STYLE_COLOUR('',#42);
#9889=FILL_AREA_STYLE('',(#9888));
#9890=SURFACE_STYLE_FILL_AREA(#9889);
#9891=SURFACE_SIDE_STYLE('',(#9890));
#9892=SURFACE_STYLE_USAGE(.POSITIVE.,#9891);
#9893=PRESENTATION_STYLE_ASSIGNMENT((#9892));
#9894=STYLED_ITEM('',(#9893),#9887);
#9895=CARTESIAN_POINT('',(1.464496086713E0,-3.957E-1,0.E0));
#9896=DIRECTION('',(0.E0,1.E0,0.E0));
#9897=DIRECTION('',(1.E0,0.E0,0.E0));
#9898=AXIS2_PLACEMENT_3D('',#9895,#9896,#9897);
#9899=PLANE('',#9898);
#9900=ORIENTED_EDGE('',*,*,#6244,.F.);
#9902=ORIENTED_EDGE('',*,*,#9901,.T.);
#9903=ORIENTED_EDGE('',*,*,#8264,.T.);
#9904=ORIENTED_EDGE('',*,*,#9881,.F.);
#9905=EDGE_LOOP('',(#9900,#9902,#9903,#9904));
#9906=FACE_OUTER_BOUND('',#9905,.F.);
#9907=ADVANCED_FACE('',(#9906),#9899,.T.);
#9908=FILL_AREA_STYLE_COLOUR('',#42);
#9909=FILL_AREA_STYLE('',(#9908));
#9910=SURFACE_STYLE_FILL_AREA(#9909);
#9911=SURFACE_SIDE_STYLE('',(#9910));
#9912=SURFACE_STYLE_USAGE(.POSITIVE.,#9911);
#9913=PRESENTATION_STYLE_ASSIGNMENT((#9912));
#9914=STYLED_ITEM('',(#9913),#9907);
#9915=CARTESIAN_POINT('',(1.443216856336E0,-4.608958153660E-1,0.E0));
#9916=DIRECTION('',(-9.506450282288E-1,3.102805670740E-1,0.E0));
#9917=DIRECTION('',(3.102805670740E-1,9.506450282288E-1,0.E0));
#9918=AXIS2_PLACEMENT_3D('',#9915,#9916,#9917);
#9919=PLANE('',#9918);
#9920=ORIENTED_EDGE('',*,*,#6242,.F.);
#9922=ORIENTED_EDGE('',*,*,#9921,.T.);
#9923=ORIENTED_EDGE('',*,*,#8266,.T.);
#9924=ORIENTED_EDGE('',*,*,#9901,.F.);
#9925=EDGE_LOOP('',(#9920,#9922,#9923,#9924));
#9926=FACE_OUTER_BOUND('',#9925,.F.);
#9927=ADVANCED_FACE('',(#9926),#9919,.T.);
#9928=FILL_AREA_STYLE_COLOUR('',#42);
#9929=FILL_AREA_STYLE('',(#9928));
#9930=SURFACE_STYLE_FILL_AREA(#9929);
#9931=SURFACE_SIDE_STYLE('',(#9930));
#9932=SURFACE_STYLE_USAGE(.POSITIVE.,#9931);
#9933=PRESENTATION_STYLE_ASSIGNMENT((#9932));
#9934=STYLED_ITEM('',(#9933),#9927);
#9935=CARTESIAN_POINT('',(1.336820947971E0,-4.608958153660E-1,0.E0));
#9936=DIRECTION('',(0.E0,1.E0,0.E0));
#9937=DIRECTION('',(1.E0,0.E0,0.E0));
#9938=AXIS2_PLACEMENT_3D('',#9935,#9936,#9937);
#9939=PLANE('',#9938);
#9940=ORIENTED_EDGE('',*,*,#6240,.F.);
#9942=ORIENTED_EDGE('',*,*,#9941,.T.);
#9943=ORIENTED_EDGE('',*,*,#8268,.T.);
#9944=ORIENTED_EDGE('',*,*,#9921,.F.);
#9945=EDGE_LOOP('',(#9940,#9942,#9943,#9944));
#9946=FACE_OUTER_BOUND('',#9945,.F.);
#9947=ADVANCED_FACE('',(#9946),#9939,.T.);
#9948=FILL_AREA_STYLE_COLOUR('',#42);
#9949=FILL_AREA_STYLE('',(#9948));
#9950=SURFACE_STYLE_FILL_AREA(#9949);
#9951=SURFACE_SIDE_STYLE('',(#9950));
#9952=SURFACE_STYLE_USAGE(.POSITIVE.,#9951);
#9953=PRESENTATION_STYLE_ASSIGNMENT((#9952));
#9954=STYLED_ITEM('',(#9953),#9947);
#9955=CARTESIAN_POINT('',(1.315541717594E0,-3.957E-1,0.E0));
#9956=DIRECTION('',(9.506450282288E-1,3.102805670740E-1,0.E0));
#9957=DIRECTION('',(3.102805670740E-1,-9.506450282288E-1,0.E0));
#9958=AXIS2_PLACEMENT_3D('',#9955,#9956,#9957);
#9959=PLANE('',#9958);
#9960=ORIENTED_EDGE('',*,*,#6238,.F.);
#9962=ORIENTED_EDGE('',*,*,#9961,.T.);
#9963=ORIENTED_EDGE('',*,*,#8270,.T.);
#9964=ORIENTED_EDGE('',*,*,#9941,.F.);
#9965=EDGE_LOOP('',(#9960,#9962,#9963,#9964));
#9966=FACE_OUTER_BOUND('',#9965,.F.);
#9967=ADVANCED_FACE('',(#9966),#9959,.T.);
#9968=FILL_AREA_STYLE_COLOUR('',#42);
#9969=FILL_AREA_STYLE('',(#9968));
#9970=SURFACE_STYLE_FILL_AREA(#9969);
#9971=SURFACE_SIDE_STYLE('',(#9970));
#9972=SURFACE_STYLE_USAGE(.POSITIVE.,#9971);
#9973=PRESENTATION_STYLE_ASSIGNMENT((#9972));
#9974=STYLED_ITEM('',(#9973),#9967);
#9975=CARTESIAN_POINT('',(1.283622932908E0,-3.957E-1,0.E0));
#9976=DIRECTION('',(0.E0,1.E0,0.E0));
#9977=DIRECTION('',(1.E0,0.E0,0.E0));
#9978=AXIS2_PLACEMENT_3D('',#9975,#9976,#9977);
#9979=PLANE('',#9978);
#9980=ORIENTED_EDGE('',*,*,#6236,.F.);
#9982=ORIENTED_EDGE('',*,*,#9981,.T.);
#9983=ORIENTED_EDGE('',*,*,#8272,.T.);
#9984=ORIENTED_EDGE('',*,*,#9961,.F.);
#9985=EDGE_LOOP('',(#9980,#9982,#9983,#9984));
#9986=FACE_OUTER_BOUND('',#9985,.F.);
#9987=ADVANCED_FACE('',(#9986),#9979,.T.);
#9988=FILL_AREA_STYLE_COLOUR('',#42);
#9989=FILL_AREA_STYLE('',(#9988));
#9990=SURFACE_STYLE_FILL_AREA(#9989);
#9991=SURFACE_SIDE_STYLE('',(#9990));
#9992=SURFACE_STYLE_USAGE(.POSITIVE.,#9991);
#9993=PRESENTATION_STYLE_ASSIGNMENT((#9992));
#9994=STYLED_ITEM('',(#9993),#9987);
#9995=CARTESIAN_POINT('',(1.368739732657E0,-6.510502774842E-1,0.E0));
#9996=DIRECTION('',(-9.486832528138E-1,-3.162279017271E-1,0.E0));
#9997=DIRECTION('',(-3.162279017271E-1,9.486832528138E-1,0.E0));
#9998=AXIS2_PLACEMENT_3D('',#9995,#9996,#9997);
#9999=PLANE('',#9998);
#10000=ORIENTED_EDGE('',*,*,#6234,.F.);
#10001=ORIENTED_EDGE('',*,*,#9863,.T.);
#10002=ORIENTED_EDGE('',*,*,#8274,.T.);
#10003=ORIENTED_EDGE('',*,*,#9981,.F.);
#10004=EDGE_LOOP('',(#10000,#10001,#10002,#10003));
#10005=FACE_OUTER_BOUND('',#10004,.F.);
#10006=ADVANCED_FACE('',(#10005),#9999,.T.);
#10007=FILL_AREA_STYLE_COLOUR('',#42);
#10008=FILL_AREA_STYLE('',(#10007));
#10009=SURFACE_STYLE_FILL_AREA(#10008);
#10010=SURFACE_SIDE_STYLE('',(#10009));
#10011=SURFACE_STYLE_USAGE(.POSITIVE.,#10010);
#10012=PRESENTATION_STYLE_ASSIGNMENT((#10011));
#10013=STYLED_ITEM('',(#10012),#10006);
#10014=CARTESIAN_POINT('',(1.390018841273E0,-6.293183415655E-1,0.E0));
#10015=DIRECTION('',(-9.506452063546E-1,3.102800213276E-1,0.E0));
#10016=DIRECTION('',(3.102800213276E-1,9.506452063546E-1,0.E0));
#10017=AXIS2_PLACEMENT_3D('',#10014,#10015,#10016);
#10018=PLANE('',#10017);
#10019=ORIENTED_EDGE('',*,*,#6302,.F.);
#10021=ORIENTED_EDGE('',*,*,#10020,.T.);
#10022=ORIENTED_EDGE('',*,*,#8278,.T.);
#10024=ORIENTED_EDGE('',*,*,#10023,.F.);
#10025=EDGE_LOOP('',(#10019,#10021,#10022,#10024));
#10026=FACE_OUTER_BOUND('',#10025,.F.);
#10027=ADVANCED_FACE('',(#10026),#10018,.T.);
#10028=FILL_AREA_STYLE_COLOUR('',#42);
#10029=FILL_AREA_STYLE('',(#10028));
#10030=SURFACE_STYLE_FILL_AREA(#10029);
#10031=SURFACE_SIDE_STYLE('',(#10030));
#10032=SURFACE_STYLE_USAGE(.POSITIVE.,#10031);
#10033=PRESENTATION_STYLE_ASSIGNMENT((#10032));
#10034=STYLED_ITEM('',(#10033),#10027);
#10035=CARTESIAN_POINT('',(1.342140664245E0,-4.826277512846E-1,0.E0));
#10036=DIRECTION('',(9.506452063546E-1,3.102800213276E-1,0.E0));
#10037=DIRECTION('',(3.102800213276E-1,-9.506452063546E-1,0.E0));
#10038=AXIS2_PLACEMENT_3D('',#10035,#10036,#10037);
#10039=PLANE('',#10038);
#10040=ORIENTED_EDGE('',*,*,#6306,.F.);
#10042=ORIENTED_EDGE('',*,*,#10041,.T.);
#10043=ORIENTED_EDGE('',*,*,#8280,.T.);
#10044=ORIENTED_EDGE('',*,*,#10020,.F.);
#10045=EDGE_LOOP('',(#10040,#10042,#10043,#10044));
#10046=FACE_OUTER_BOUND('',#10045,.F.);
#10047=ADVANCED_FACE('',(#10046),#10039,.T.);
#10048=FILL_AREA_STYLE_COLOUR('',#42);
#10049=FILL_AREA_STYLE('',(#10048));
#10050=SURFACE_STYLE_FILL_AREA(#10049);
#10051=SURFACE_SIDE_STYLE('',(#10050));
#10052=SURFACE_STYLE_USAGE(.POSITIVE.,#10051);
#10053=PRESENTATION_STYLE_ASSIGNMENT((#10052));
#10054=STYLED_ITEM('',(#10053),#10047);
#10055=CARTESIAN_POINT('',(1.437897018302E0,-4.826277512846E-1,0.E0));
#10056=DIRECTION('',(0.E0,-1.E0,0.E0));
#10057=DIRECTION('',(-1.E0,0.E0,0.E0));
#10058=AXIS2_PLACEMENT_3D('',#10055,#10056,#10057);
#10059=PLANE('',#10058);
#10060=ORIENTED_EDGE('',*,*,#6304,.F.);
#10061=ORIENTED_EDGE('',*,*,#10023,.T.);
#10062=ORIENTED_EDGE('',*,*,#8282,.T.);
#10063=ORIENTED_EDGE('',*,*,#10041,.F.);
#10064=EDGE_LOOP('',(#10060,#10061,#10062,#10063));
#10065=FACE_OUTER_BOUND('',#10064,.F.);
#10066=ADVANCED_FACE('',(#10065),#10059,.T.);
#10067=FILL_AREA_STYLE_COLOUR('',#42);
#10068=FILL_AREA_STYLE('',(#10067));
#10069=SURFACE_STYLE_FILL_AREA(#10068);
#10070=SURFACE_SIDE_STYLE('',(#10069));
#10071=SURFACE_STYLE_USAGE(.POSITIVE.,#10070);
#10072=PRESENTATION_STYLE_ASSIGNMENT((#10071));
#10073=STYLED_ITEM('',(#10072),#10066);
#10074=CARTESIAN_POINT('',(2.E0,-4.25E-1,7.2E-1));
#10075=DIRECTION('',(0.E0,1.E0,0.E0));
#10076=DIRECTION('',(0.E0,0.E0,1.E0));
#10077=AXIS2_PLACEMENT_3D('',#10074,#10075,#10076);
#10078=PLANE('',#10077);
#10079=ORIENTED_EDGE('',*,*,#5773,.F.);
#10081=ORIENTED_EDGE('',*,*,#10080,.F.);
#10082=ORIENTED_EDGE('',*,*,#5827,.F.);
#10083=ORIENTED_EDGE('',*,*,#5433,.T.);
#10084=EDGE_LOOP('',(#10079,#10081,#10082,#10083));
#10085=FACE_OUTER_BOUND('',#10084,.F.);
#10086=ADVANCED_FACE('',(#10085),#10078,.T.);
#10087=FILL_AREA_STYLE_COLOUR('',#17);
#10088=FILL_AREA_STYLE('',(#10087));
#10089=SURFACE_STYLE_FILL_AREA(#10088);
#10090=SURFACE_SIDE_STYLE('',(#10089));
#10091=SURFACE_STYLE_USAGE(.POSITIVE.,#10090);
#10092=PRESENTATION_STYLE_ASSIGNMENT((#10091));
#10093=STYLED_ITEM('',(#10092),#10086);
#10094=CARTESIAN_POINT('',(2.E0,4.25E-1,7.2E-1));
#10095=DIRECTION('',(0.E0,0.E0,1.E0));
#10096=DIRECTION('',(0.E0,-1.E0,0.E0));
#10097=AXIS2_PLACEMENT_3D('',#10094,#10095,#10096);
#10098=PLANE('',#10097);
#10099=ORIENTED_EDGE('',*,*,#5797,.F.);
#10100=ORIENTED_EDGE('',*,*,#5829,.T.);
#10101=ORIENTED_EDGE('',*,*,#10080,.T.);
#10102=ORIENTED_EDGE('',*,*,#5771,.F.);
#10103=EDGE_LOOP('',(#10099,#10100,#10101,#10102));
#10104=FACE_OUTER_BOUND('',#10103,.F.);
#10105=ADVANCED_FACE('',(#10104),#10098,.T.);
#10106=FILL_AREA_STYLE_COLOUR('',#17);
#10107=FILL_AREA_STYLE('',(#10106));
#10108=SURFACE_STYLE_FILL_AREA(#10107);
#10109=SURFACE_SIDE_STYLE('',(#10108));
#10110=SURFACE_STYLE_USAGE(.POSITIVE.,#10109);
#10111=PRESENTATION_STYLE_ASSIGNMENT((#10110));
#10112=STYLED_ITEM('',(#10111),#10105);
#10113=CARTESIAN_POINT('',(1.810222714501E0,4.E-1,7.439577361481E-1));
#10114=DIRECTION('',(1.E0,0.E0,0.E0));
#10115=DIRECTION('',(0.E0,0.E0,1.E0));
#10116=AXIS2_PLACEMENT_3D('',#10113,#10114,#10115);
#10117=PLANE('',#10116);
#10118=ORIENTED_EDGE('',*,*,#5605,.T.);
#10119=ORIENTED_EDGE('',*,*,#4788,.T.);
#10120=ORIENTED_EDGE('',*,*,#5658,.F.);
#10121=ORIENTED_EDGE('',*,*,#5427,.F.);
#10122=EDGE_LOOP('',(#10118,#10119,#10120,#10121));
#10123=FACE_OUTER_BOUND('',#10122,.F.);
#10124=ADVANCED_FACE('',(#10123),#10117,.F.);
#10125=FILL_AREA_STYLE_COLOUR('',#37);
#10126=FILL_AREA_STYLE('',(#10125));
#10127=SURFACE_STYLE_FILL_AREA(#10126);
#10128=SURFACE_SIDE_STYLE('',(#10127));
#10129=SURFACE_STYLE_USAGE(.POSITIVE.,#10128);
#10130=PRESENTATION_STYLE_ASSIGNMENT((#10129));
#10131=STYLED_ITEM('',(#10130),#10124);
#10132=CARTESIAN_POINT('',(1.8554E0,-5.3E-1,-3.259E0));
#10133=DIRECTION('',(0.E0,0.E0,1.E0));
#10134=DIRECTION('',(0.E0,1.E0,0.E0));
#10135=AXIS2_PLACEMENT_3D('',#10132,#10133,#10134);
#10136=CYLINDRICAL_SURFACE('',#10135,1.3E-1);
#10137=ORIENTED_EDGE('',*,*,#5661,.F.);
#10138=ORIENTED_EDGE('',*,*,#4784,.T.);
#10140=ORIENTED_EDGE('',*,*,#10139,.T.);
#10141=ORIENTED_EDGE('',*,*,#4883,.T.);
#10142=EDGE_LOOP('',(#10137,#10138,#10140,#10141));
#10143=FACE_OUTER_BOUND('',#10142,.F.);
#10144=ADVANCED_FACE('',(#10143),#10136,.F.);
#10145=FILL_AREA_STYLE_COLOUR('',#37);
#10146=FILL_AREA_STYLE('',(#10145));
#10147=SURFACE_STYLE_FILL_AREA(#10146);
#10148=SURFACE_SIDE_STYLE('',(#10147));
#10149=SURFACE_STYLE_USAGE(.POSITIVE.,#10148);
#10150=PRESENTATION_STYLE_ASSIGNMENT((#10149));
#10151=STYLED_ITEM('',(#10150),#10144);
#10152=CARTESIAN_POINT('',(1.7254E0,-7.753E-1,1.5E0));
#10153=DIRECTION('',(1.E0,0.E0,0.E0));
#10154=DIRECTION('',(0.E0,1.E0,0.E0));
#10155=AXIS2_PLACEMENT_3D('',#10152,#10153,#10154);
#10156=PLANE('',#10155);
#10157=ORIENTED_EDGE('',*,*,#10139,.F.);
#10158=ORIENTED_EDGE('',*,*,#4782,.F.);
#10160=ORIENTED_EDGE('',*,*,#10159,.T.);
#10161=ORIENTED_EDGE('',*,*,#4885,.T.);
#10162=EDGE_LOOP('',(#10157,#10158,#10160,#10161));
#10163=FACE_OUTER_BOUND('',#10162,.F.);
#10164=ADVANCED_FACE('',(#10163),#10156,.T.);
#10165=FILL_AREA_STYLE_COLOUR('',#37);
#10166=FILL_AREA_STYLE('',(#10165));
#10167=SURFACE_STYLE_FILL_AREA(#10166);
#10168=SURFACE_SIDE_STYLE('',(#10167));
#10169=SURFACE_STYLE_USAGE(.POSITIVE.,#10168);
#10170=PRESENTATION_STYLE_ASSIGNMENT((#10169));
#10171=STYLED_ITEM('',(#10170),#10164);
#10172=CARTESIAN_POINT('',(1.8554E0,-6.453E-1,-3.259E0));
#10173=DIRECTION('',(0.E0,0.E0,1.E0));
#10174=DIRECTION('',(-1.E0,0.E0,0.E0));
#10175=AXIS2_PLACEMENT_3D('',#10172,#10173,#10174);
#10176=CYLINDRICAL_SURFACE('',#10175,1.3E-1);
#10177=ORIENTED_EDGE('',*,*,#10159,.F.);
#10178=ORIENTED_EDGE('',*,*,#4780,.T.);
#10180=ORIENTED_EDGE('',*,*,#10179,.T.);
#10181=ORIENTED_EDGE('',*,*,#4887,.T.);
#10182=EDGE_LOOP('',(#10177,#10178,#10180,#10181));
#10183=FACE_OUTER_BOUND('',#10182,.F.);
#10184=ADVANCED_FACE('',(#10183),#10176,.F.);
#10185=FILL_AREA_STYLE_COLOUR('',#37);
#10186=FILL_AREA_STYLE('',(#10185));
#10187=SURFACE_STYLE_FILL_AREA(#10186);
#10188=SURFACE_SIDE_STYLE('',(#10187));
#10189=SURFACE_STYLE_USAGE(.POSITIVE.,#10188);
#10190=PRESENTATION_STYLE_ASSIGNMENT((#10189));
#10191=STYLED_ITEM('',(#10190),#10184);
#10192=CARTESIAN_POINT('',(2.E0,-7.753E-1,1.5E0));
#10193=DIRECTION('',(0.E0,1.E0,0.E0));
#10194=DIRECTION('',(-1.E0,0.E0,0.E0));
#10195=AXIS2_PLACEMENT_3D('',#10192,#10193,#10194);
#10196=PLANE('',#10195);
#10197=ORIENTED_EDGE('',*,*,#10179,.F.);
#10198=ORIENTED_EDGE('',*,*,#4778,.F.);
#10199=ORIENTED_EDGE('',*,*,#4988,.T.);
#10200=ORIENTED_EDGE('',*,*,#4889,.T.);
#10201=EDGE_LOOP('',(#10197,#10198,#10199,#10200));
#10202=FACE_OUTER_BOUND('',#10201,.F.);
#10203=ADVANCED_FACE('',(#10202),#10196,.T.);
#10204=FILL_AREA_STYLE_COLOUR('',#37);
#10205=FILL_AREA_STYLE('',(#10204));
#10206=SURFACE_STYLE_FILL_AREA(#10205);
#10207=SURFACE_SIDE_STYLE('',(#10206));
#10208=SURFACE_STYLE_USAGE(.POSITIVE.,#10207);
#10209=PRESENTATION_STYLE_ASSIGNMENT((#10208));
#10210=STYLED_ITEM('',(#10209),#10203);
#10211=CARTESIAN_POINT('',(1.8554E0,5.3E-1,-3.259E0));
#10212=DIRECTION('',(0.E0,0.E0,1.E0));
#10213=DIRECTION('',(-1.E0,0.E0,0.E0));
#10214=AXIS2_PLACEMENT_3D('',#10211,#10212,#10213);
#10215=CYLINDRICAL_SURFACE('',#10214,1.3E-1);
#10216=ORIENTED_EDGE('',*,*,#5602,.T.);
#10217=ORIENTED_EDGE('',*,*,#4875,.T.);
#10219=ORIENTED_EDGE('',*,*,#10218,.F.);
#10220=ORIENTED_EDGE('',*,*,#4792,.T.);
#10221=EDGE_LOOP('',(#10216,#10217,#10219,#10220));
#10222=FACE_OUTER_BOUND('',#10221,.F.);
#10223=ADVANCED_FACE('',(#10222),#10215,.F.);
#10224=FILL_AREA_STYLE_COLOUR('',#37);
#10225=FILL_AREA_STYLE('',(#10224));
#10226=SURFACE_STYLE_FILL_AREA(#10225);
#10227=SURFACE_SIDE_STYLE('',(#10226));
#10228=SURFACE_STYLE_USAGE(.POSITIVE.,#10227);
#10229=PRESENTATION_STYLE_ASSIGNMENT((#10228));
#10230=STYLED_ITEM('',(#10229),#10223);
#10231=CARTESIAN_POINT('',(1.7254E0,4.E-1,1.5E0));
#10232=DIRECTION('',(1.E0,0.E0,0.E0));
#10233=DIRECTION('',(0.E0,1.E0,0.E0));
#10234=AXIS2_PLACEMENT_3D('',#10231,#10232,#10233);
#10235=PLANE('',#10234);
#10237=ORIENTED_EDGE('',*,*,#10236,.F.);
#10238=ORIENTED_EDGE('',*,*,#4794,.F.);
#10239=ORIENTED_EDGE('',*,*,#10218,.T.);
#10240=ORIENTED_EDGE('',*,*,#4873,.T.);
#10241=EDGE_LOOP('',(#10237,#10238,#10239,#10240));
#10242=FACE_OUTER_BOUND('',#10241,.F.);
#10243=ADVANCED_FACE('',(#10242),#10235,.T.);
#10244=FILL_AREA_STYLE_COLOUR('',#37);
#10245=FILL_AREA_STYLE('',(#10244));
#10246=SURFACE_STYLE_FILL_AREA(#10245);
#10247=SURFACE_SIDE_STYLE('',(#10246));
#10248=SURFACE_STYLE_USAGE(.POSITIVE.,#10247);
#10249=PRESENTATION_STYLE_ASSIGNMENT((#10248));
#10250=STYLED_ITEM('',(#10249),#10243);
#10251=CARTESIAN_POINT('',(1.8554E0,6.453E-1,-3.259E0));
#10252=DIRECTION('',(0.E0,0.E0,1.E0));
#10253=DIRECTION('',(0.E0,1.E0,0.E0));
#10254=AXIS2_PLACEMENT_3D('',#10251,#10252,#10253);
#10255=CYLINDRICAL_SURFACE('',#10254,1.3E-1);
#10257=ORIENTED_EDGE('',*,*,#10256,.F.);
#10258=ORIENTED_EDGE('',*,*,#4796,.T.);
#10259=ORIENTED_EDGE('',*,*,#10236,.T.);
#10260=ORIENTED_EDGE('',*,*,#4871,.T.);
#10261=EDGE_LOOP('',(#10257,#10258,#10259,#10260));
#10262=FACE_OUTER_BOUND('',#10261,.F.);
#10263=ADVANCED_FACE('',(#10262),#10255,.F.);
#10264=FILL_AREA_STYLE_COLOUR('',#37);
#10265=FILL_AREA_STYLE('',(#10264));
#10266=SURFACE_STYLE_FILL_AREA(#10265);
#10267=SURFACE_SIDE_STYLE('',(#10266));
#10268=SURFACE_STYLE_USAGE(.POSITIVE.,#10267);
#10269=PRESENTATION_STYLE_ASSIGNMENT((#10268));
#10270=STYLED_ITEM('',(#10269),#10263);
#10271=CARTESIAN_POINT('',(1.7254E0,7.753E-1,1.5E0));
#10272=DIRECTION('',(0.E0,-1.E0,0.E0));
#10273=DIRECTION('',(1.E0,0.E0,0.E0));
#10274=AXIS2_PLACEMENT_3D('',#10271,#10272,#10273);
#10275=PLANE('',#10274);
#10276=ORIENTED_EDGE('',*,*,#10256,.T.);
#10277=ORIENTED_EDGE('',*,*,#4869,.F.);
#10278=ORIENTED_EDGE('',*,*,#5008,.F.);
#10279=ORIENTED_EDGE('',*,*,#4798,.T.);
#10280=EDGE_LOOP('',(#10276,#10277,#10278,#10279));
#10281=FACE_OUTER_BOUND('',#10280,.F.);
#10282=ADVANCED_FACE('',(#10281),#10275,.T.);
#10283=FILL_AREA_STYLE_COLOUR('',#37);
#10284=FILL_AREA_STYLE('',(#10283));
#10285=SURFACE_STYLE_FILL_AREA(#10284);
#10286=SURFACE_SIDE_STYLE('',(#10285));
#10287=SURFACE_STYLE_USAGE(.POSITIVE.,#10286);
#10288=PRESENTATION_STYLE_ASSIGNMENT((#10287));
#10289=STYLED_ITEM('',(#10288),#10282);
#10290=CARTESIAN_POINT('',(-1.810222714501E0,4.E-1,7.439577361481E-1));
#10291=DIRECTION('',(1.E0,0.E0,0.E0));
#10292=DIRECTION('',(0.E0,0.E0,1.E0));
#10293=AXIS2_PLACEMENT_3D('',#10290,#10291,#10292);
#10294=PLANE('',#10293);
#10295=ORIENTED_EDGE('',*,*,#4744,.F.);
#10296=ORIENTED_EDGE('',*,*,#5288,.F.);
#10297=ORIENTED_EDGE('',*,*,#5453,.T.);
#10298=ORIENTED_EDGE('',*,*,#5233,.T.);
#10299=EDGE_LOOP('',(#10295,#10296,#10297,#10298));
#10300=FACE_OUTER_BOUND('',#10299,.F.);
#10301=ADVANCED_FACE('',(#10300),#10294,.T.);
#10302=FILL_AREA_STYLE_COLOUR('',#37);
#10303=FILL_AREA_STYLE('',(#10302));
#10304=SURFACE_STYLE_FILL_AREA(#10303);
#10305=SURFACE_SIDE_STYLE('',(#10304));
#10306=SURFACE_STYLE_USAGE(.POSITIVE.,#10305);
#10307=PRESENTATION_STYLE_ASSIGNMENT((#10306));
#10308=STYLED_ITEM('',(#10307),#10301);
#10309=CARTESIAN_POINT('',(-1.8554E0,5.3E-1,5.759E0));
#10310=DIRECTION('',(0.E0,0.E0,-1.E0));
#10311=DIRECTION('',(1.E0,0.E0,0.E0));
#10312=AXIS2_PLACEMENT_3D('',#10309,#10310,#10311);
#10313=CYLINDRICAL_SURFACE('',#10312,1.3E-1);
#10314=ORIENTED_EDGE('',*,*,#5291,.T.);
#10315=ORIENTED_EDGE('',*,*,#4740,.T.);
#10317=ORIENTED_EDGE('',*,*,#10316,.F.);
#10318=ORIENTED_EDGE('',*,*,#4923,.T.);
#10319=EDGE_LOOP('',(#10314,#10315,#10317,#10318));
#10320=FACE_OUTER_BOUND('',#10319,.F.);
#10321=ADVANCED_FACE('',(#10320),#10313,.F.);
#10322=FILL_AREA_STYLE_COLOUR('',#37);
#10323=FILL_AREA_STYLE('',(#10322));
#10324=SURFACE_STYLE_FILL_AREA(#10323);
#10325=SURFACE_SIDE_STYLE('',(#10324));
#10326=SURFACE_STYLE_USAGE(.POSITIVE.,#10325);
#10327=PRESENTATION_STYLE_ASSIGNMENT((#10326));
#10328=STYLED_ITEM('',(#10327),#10321);
#10329=CARTESIAN_POINT('',(-1.7254E0,4.E-1,1.5E0));
#10330=DIRECTION('',(1.E0,0.E0,0.E0));
#10331=DIRECTION('',(0.E0,1.E0,0.E0));
#10332=AXIS2_PLACEMENT_3D('',#10329,#10330,#10331);
#10333=PLANE('',#10332);
#10335=ORIENTED_EDGE('',*,*,#10334,.F.);
#10336=ORIENTED_EDGE('',*,*,#4925,.F.);
#10337=ORIENTED_EDGE('',*,*,#10316,.T.);
#10338=ORIENTED_EDGE('',*,*,#4738,.T.);
#10339=EDGE_LOOP('',(#10335,#10336,#10337,#10338));
#10340=FACE_OUTER_BOUND('',#10339,.F.);
#10341=ADVANCED_FACE('',(#10340),#10333,.F.);
#10342=FILL_AREA_STYLE_COLOUR('',#37);
#10343=FILL_AREA_STYLE('',(#10342));
#10344=SURFACE_STYLE_FILL_AREA(#10343);
#10345=SURFACE_SIDE_STYLE('',(#10344));
#10346=SURFACE_STYLE_USAGE(.POSITIVE.,#10345);
#10347=PRESENTATION_STYLE_ASSIGNMENT((#10346));
#10348=STYLED_ITEM('',(#10347),#10341);
#10349=CARTESIAN_POINT('',(-1.8554E0,6.453E-1,5.759E0));
#10350=DIRECTION('',(0.E0,0.E0,-1.E0));
#10351=DIRECTION('',(0.E0,1.E0,0.E0));
#10352=AXIS2_PLACEMENT_3D('',#10349,#10350,#10351);
#10353=CYLINDRICAL_SURFACE('',#10352,1.3E-1);
#10354=ORIENTED_EDGE('',*,*,#4927,.T.);
#10355=ORIENTED_EDGE('',*,*,#10334,.T.);
#10356=ORIENTED_EDGE('',*,*,#4736,.T.);
#10358=ORIENTED_EDGE('',*,*,#10357,.F.);
#10359=EDGE_LOOP('',(#10354,#10355,#10356,#10358));
#10360=FACE_OUTER_BOUND('',#10359,.F.);
#10361=ADVANCED_FACE('',(#10360),#10353,.F.);
#10362=FILL_AREA_STYLE_COLOUR('',#37);
#10363=FILL_AREA_STYLE('',(#10362));
#10364=SURFACE_STYLE_FILL_AREA(#10363);
#10365=SURFACE_SIDE_STYLE('',(#10364));
#10366=SURFACE_STYLE_USAGE(.POSITIVE.,#10365);
#10367=PRESENTATION_STYLE_ASSIGNMENT((#10366));
#10368=STYLED_ITEM('',(#10367),#10361);
#10369=CARTESIAN_POINT('',(-1.7254E0,7.753E-1,1.5E0));
#10370=DIRECTION('',(0.E0,1.E0,0.E0));
#10371=DIRECTION('',(-1.E0,0.E0,0.E0));
#10372=AXIS2_PLACEMENT_3D('',#10369,#10370,#10371);
#10373=PLANE('',#10372);
#10374=ORIENTED_EDGE('',*,*,#10357,.T.);
#10375=ORIENTED_EDGE('',*,*,#4734,.F.);
#10376=ORIENTED_EDGE('',*,*,#5130,.T.);
#10377=ORIENTED_EDGE('',*,*,#4929,.T.);
#10378=EDGE_LOOP('',(#10374,#10375,#10376,#10377));
#10379=FACE_OUTER_BOUND('',#10378,.F.);
#10380=ADVANCED_FACE('',(#10379),#10373,.F.);
#10381=FILL_AREA_STYLE_COLOUR('',#37);
#10382=FILL_AREA_STYLE('',(#10381));
#10383=SURFACE_STYLE_FILL_AREA(#10382);
#10384=SURFACE_SIDE_STYLE('',(#10383));
#10385=SURFACE_STYLE_USAGE(.POSITIVE.,#10384);
#10386=PRESENTATION_STYLE_ASSIGNMENT((#10385));
#10387=STYLED_ITEM('',(#10386),#10380);
#10388=CARTESIAN_POINT('',(-1.9E0,1.2E0,5.772036E0));
#10389=DIRECTION('',(0.E0,0.E0,-1.E0));
#10390=DIRECTION('',(-1.E0,0.E0,0.E0));
#10391=AXIS2_PLACEMENT_3D('',#10388,#10389,#10390);
#10392=CYLINDRICAL_SURFACE('',#10391,1.E-1);
#10393=ORIENTED_EDGE('',*,*,#4730,.T.);
#10395=ORIENTED_EDGE('',*,*,#10394,.F.);
#10396=ORIENTED_EDGE('',*,*,#4933,.T.);
#10397=ORIENTED_EDGE('',*,*,#5127,.T.);
#10398=EDGE_LOOP('',(#10393,#10395,#10396,#10397));
#10399=FACE_OUTER_BOUND('',#10398,.F.);
#10400=ADVANCED_FACE('',(#10399),#10392,.T.);
#10401=FILL_AREA_STYLE_COLOUR('',#37);
#10402=FILL_AREA_STYLE('',(#10401));
#10403=SURFACE_STYLE_FILL_AREA(#10402);
#10404=SURFACE_SIDE_STYLE('',(#10403));
#10405=SURFACE_STYLE_USAGE(.POSITIVE.,#10404);
#10406=PRESENTATION_STYLE_ASSIGNMENT((#10405));
#10407=STYLED_ITEM('',(#10406),#10400);
#10408=CARTESIAN_POINT('',(2.E0,1.3E0,1.3E0));
#10409=DIRECTION('',(0.E0,1.E0,0.E0));
#10410=DIRECTION('',(-1.E0,0.E0,0.E0));
#10411=AXIS2_PLACEMENT_3D('',#10408,#10409,#10410);
#10412=PLANE('',#10411);
#10413=ORIENTED_EDGE('',*,*,#4968,.F.);
#10414=ORIENTED_EDGE('',*,*,#4943,.T.);
#10416=ORIENTED_EDGE('',*,*,#10415,.T.);
#10417=ORIENTED_EDGE('',*,*,#4716,.F.);
#10418=EDGE_LOOP('',(#10413,#10414,#10416,#10417));
#10419=FACE_OUTER_BOUND('',#10418,.F.);
#10420=ADVANCED_FACE('',(#10419),#10412,.T.);
#10421=FILL_AREA_STYLE_COLOUR('',#37);
#10422=FILL_AREA_STYLE('',(#10421));
#10423=SURFACE_STYLE_FILL_AREA(#10422);
#10424=SURFACE_SIDE_STYLE('',(#10423));
#10425=SURFACE_STYLE_USAGE(.POSITIVE.,#10424);
#10426=PRESENTATION_STYLE_ASSIGNMENT((#10425));
#10427=STYLED_ITEM('',(#10426),#10420);
#10428=CARTESIAN_POINT('',(2.E0,1.3E0,1.3E0));
#10429=DIRECTION('',(0.E0,1.E0,0.E0));
#10430=DIRECTION('',(-1.E0,0.E0,0.E0));
#10431=AXIS2_PLACEMENT_3D('',#10428,#10429,#10430);
#10432=PLANE('',#10431);
#10433=ORIENTED_EDGE('',*,*,#10394,.T.);
#10434=ORIENTED_EDGE('',*,*,#4728,.F.);
#10436=ORIENTED_EDGE('',*,*,#10435,.T.);
#10437=ORIENTED_EDGE('',*,*,#4935,.T.);
#10438=EDGE_LOOP('',(#10433,#10434,#10436,#10437));
#10439=FACE_OUTER_BOUND('',#10438,.F.);
#10440=ADVANCED_FACE('',(#10439),#10432,.T.);
#10441=FILL_AREA_STYLE_COLOUR('',#37);
#10442=FILL_AREA_STYLE('',(#10441));
#10443=SURFACE_STYLE_FILL_AREA(#10442);
#10444=SURFACE_SIDE_STYLE('',(#10443));
#10445=SURFACE_STYLE_USAGE(.POSITIVE.,#10444);
#10446=PRESENTATION_STYLE_ASSIGNMENT((#10445));
#10447=STYLED_ITEM('',(#10446),#10440);
#10448=CARTESIAN_POINT('',(1.3275E0,1.35E0,5.772036E0));
#10449=DIRECTION('',(0.E0,0.E0,-1.E0));
#10450=DIRECTION('',(0.E0,-1.E0,0.E0));
#10451=AXIS2_PLACEMENT_3D('',#10448,#10449,#10450);
#10452=CYLINDRICAL_SURFACE('',#10451,5.E-2);
#10454=ORIENTED_EDGE('',*,*,#10453,.T.);
#10455=ORIENTED_EDGE('',*,*,#4718,.T.);
#10456=ORIENTED_EDGE('',*,*,#10415,.F.);
#10457=ORIENTED_EDGE('',*,*,#4941,.T.);
#10458=EDGE_LOOP('',(#10454,#10455,#10456,#10457));
#10459=FACE_OUTER_BOUND('',#10458,.F.);
#10460=ADVANCED_FACE('',(#10459),#10452,.F.);
#10461=FILL_AREA_STYLE_COLOUR('',#37);
#10462=FILL_AREA_STYLE('',(#10461));
#10463=SURFACE_STYLE_FILL_AREA(#10462);
#10464=SURFACE_SIDE_STYLE('',(#10463));
#10465=SURFACE_STYLE_USAGE(.POSITIVE.,#10464);
#10466=PRESENTATION_STYLE_ASSIGNMENT((#10465));
#10467=STYLED_ITEM('',(#10466),#10460);
#10468=CARTESIAN_POINT('',(1.2775E0,0.E0,0.E0));
#10469=DIRECTION('',(1.E0,0.E0,0.E0));
#10470=DIRECTION('',(0.E0,1.E0,0.E0));
#10471=AXIS2_PLACEMENT_3D('',#10468,#10469,#10470);
#10472=PLANE('',#10471);
#10474=ORIENTED_EDGE('',*,*,#10473,.F.);
#10476=ORIENTED_EDGE('',*,*,#10475,.F.);
#10478=ORIENTED_EDGE('',*,*,#10477,.T.);
#10480=ORIENTED_EDGE('',*,*,#10479,.F.);
#10481=ORIENTED_EDGE('',*,*,#4720,.F.);
#10482=ORIENTED_EDGE('',*,*,#10453,.F.);
#10483=EDGE_LOOP('',(#10474,#10476,#10478,#10480,#10481,#10482));
#10484=FACE_OUTER_BOUND('',#10483,.F.);
#10485=ADVANCED_FACE('',(#10484),#10472,.T.);
#10486=FILL_AREA_STYLE_COLOUR('',#37);
#10487=FILL_AREA_STYLE('',(#10486));
#10488=SURFACE_STYLE_FILL_AREA(#10487);
#10489=SURFACE_SIDE_STYLE('',(#10488));
#10490=SURFACE_STYLE_USAGE(.POSITIVE.,#10489);
#10491=PRESENTATION_STYLE_ASSIGNMENT((#10490));
#10492=STYLED_ITEM('',(#10491),#10485);
#10493=CARTESIAN_POINT('',(9.018E0,1.35E0,1.4E0));
#10494=DIRECTION('',(-1.E0,0.E0,0.E0));
#10495=DIRECTION('',(0.E0,0.E0,1.E0));
#10496=AXIS2_PLACEMENT_3D('',#10493,#10494,#10495);
#10497=CYLINDRICAL_SURFACE('',#10496,1.E-1);
#10499=ORIENTED_EDGE('',*,*,#10498,.T.);
#10501=ORIENTED_EDGE('',*,*,#10500,.F.);
#10502=ORIENTED_EDGE('',*,*,#10473,.T.);
#10503=ORIENTED_EDGE('',*,*,#4939,.T.);
#10504=EDGE_LOOP('',(#10499,#10501,#10502,#10503));
#10505=FACE_OUTER_BOUND('',#10504,.F.);
#10506=ADVANCED_FACE('',(#10505),#10497,.T.);
#10507=FILL_AREA_STYLE_COLOUR('',#37);
#10508=FILL_AREA_STYLE('',(#10507));
#10509=SURFACE_STYLE_FILL_AREA(#10508);
#10510=SURFACE_SIDE_STYLE('',(#10509));
#10511=SURFACE_STYLE_USAGE(.POSITIVE.,#10510);
#10512=PRESENTATION_STYLE_ASSIGNMENT((#10511));
#10513=STYLED_ITEM('',(#10512),#10506);
#10514=CARTESIAN_POINT('',(-1.2775E0,0.E0,0.E0));
#10515=DIRECTION('',(1.E0,0.E0,0.E0));
#10516=DIRECTION('',(0.E0,1.E0,0.E0));
#10517=AXIS2_PLACEMENT_3D('',#10514,#10515,#10516);
#10518=PLANE('',#10517);
#10519=ORIENTED_EDGE('',*,*,#10498,.F.);
#10521=ORIENTED_EDGE('',*,*,#10520,.F.);
#10522=ORIENTED_EDGE('',*,*,#4724,.F.);
#10524=ORIENTED_EDGE('',*,*,#10523,.F.);
#10526=ORIENTED_EDGE('',*,*,#10525,.T.);
#10528=ORIENTED_EDGE('',*,*,#10527,.F.);
#10529=EDGE_LOOP('',(#10519,#10521,#10522,#10524,#10526,#10528));
#10530=FACE_OUTER_BOUND('',#10529,.F.);
#10531=ADVANCED_FACE('',(#10530),#10518,.F.);
#10532=FILL_AREA_STYLE_COLOUR('',#37);
#10533=FILL_AREA_STYLE('',(#10532));
#10534=SURFACE_STYLE_FILL_AREA(#10533);
#10535=SURFACE_SIDE_STYLE('',(#10534));
#10536=SURFACE_STYLE_USAGE(.POSITIVE.,#10535);
#10537=PRESENTATION_STYLE_ASSIGNMENT((#10536));
#10538=STYLED_ITEM('',(#10537),#10531);
#10539=CARTESIAN_POINT('',(-1.3275E0,1.35E0,-3.282036E0));
#10540=DIRECTION('',(0.E0,0.E0,1.E0));
#10541=DIRECTION('',(0.E0,-1.E0,0.E0));
#10542=AXIS2_PLACEMENT_3D('',#10539,#10540,#10541);
#10543=CYLINDRICAL_SURFACE('',#10542,5.E-2);
#10544=ORIENTED_EDGE('',*,*,#10520,.T.);
#10545=ORIENTED_EDGE('',*,*,#4937,.T.);
#10546=ORIENTED_EDGE('',*,*,#10435,.F.);
#10547=ORIENTED_EDGE('',*,*,#4726,.T.);
#10548=EDGE_LOOP('',(#10544,#10545,#10546,#10547));
#10549=FACE_OUTER_BOUND('',#10548,.F.);
#10550=ADVANCED_FACE('',(#10549),#10543,.F.);
#10551=FILL_AREA_STYLE_COLOUR('',#37);
#10552=FILL_AREA_STYLE('',(#10551));
#10553=SURFACE_STYLE_FILL_AREA(#10552);
#10554=SURFACE_SIDE_STYLE('',(#10553));
#10555=SURFACE_STYLE_USAGE(.POSITIVE.,#10554);
#10556=PRESENTATION_STYLE_ASSIGNMENT((#10555));
#10557=STYLED_ITEM('',(#10556),#10550);
#10558=CARTESIAN_POINT('',(1.2775E0,1.25E0,1.3E0));
#10559=DIRECTION('',(0.E0,1.E0,0.E0));
#10560=DIRECTION('',(0.E0,0.E0,-1.E0));
#10561=AXIS2_PLACEMENT_3D('',#10558,#10559,#10560);
#10562=PLANE('',#10561);
#10564=ORIENTED_EDGE('',*,*,#10563,.F.);
#10566=ORIENTED_EDGE('',*,*,#10565,.F.);
#10568=ORIENTED_EDGE('',*,*,#10567,.F.);
#10570=ORIENTED_EDGE('',*,*,#10569,.T.);
#10572=ORIENTED_EDGE('',*,*,#10571,.F.);
#10574=ORIENTED_EDGE('',*,*,#10573,.T.);
#10576=ORIENTED_EDGE('',*,*,#10575,.F.);
#10578=ORIENTED_EDGE('',*,*,#10577,.F.);
#10580=ORIENTED_EDGE('',*,*,#10579,.F.);
#10581=ORIENTED_EDGE('',*,*,#10523,.T.);
#10582=ORIENTED_EDGE('',*,*,#4722,.F.);
#10583=ORIENTED_EDGE('',*,*,#10479,.T.);
#10585=ORIENTED_EDGE('',*,*,#10584,.F.);
#10587=ORIENTED_EDGE('',*,*,#10586,.T.);
#10588=EDGE_LOOP('',(#10564,#10566,#10568,#10570,#10572,#10574,#10576,#10578,
#10580,#10581,#10582,#10583,#10585,#10587));
#10589=FACE_OUTER_BOUND('',#10588,.F.);
#10590=ADVANCED_FACE('',(#10589),#10562,.F.);
#10591=FILL_AREA_STYLE_COLOUR('',#37);
#10592=FILL_AREA_STYLE('',(#10591));
#10593=SURFACE_STYLE_FILL_AREA(#10592);
#10594=SURFACE_SIDE_STYLE('',(#10593));
#10595=SURFACE_STYLE_USAGE(.POSITIVE.,#10594);
#10596=PRESENTATION_STYLE_ASSIGNMENT((#10595));
#10597=STYLED_ITEM('',(#10596),#10590);
#10598=CARTESIAN_POINT('',(1.013541889013E0,-5.230469167348E0,2.E-1));
#10599=DIRECTION('',(0.E0,1.E0,0.E0));
#10600=DIRECTION('',(0.E0,0.E0,-1.E0));
#10601=AXIS2_PLACEMENT_3D('',#10598,#10599,#10600);
#10602=CYLINDRICAL_SURFACE('',#10601,1.E-1);
#10604=ORIENTED_EDGE('',*,*,#10603,.T.);
#10606=ORIENTED_EDGE('',*,*,#10605,.F.);
#10607=ORIENTED_EDGE('',*,*,#10563,.T.);
#10609=ORIENTED_EDGE('',*,*,#10608,.T.);
#10610=EDGE_LOOP('',(#10604,#10606,#10607,#10609));
#10611=FACE_OUTER_BOUND('',#10610,.F.);
#10612=ADVANCED_FACE('',(#10611),#10602,.T.);
#10613=FILL_AREA_STYLE_COLOUR('',#37);
#10614=FILL_AREA_STYLE('',(#10613));
#10615=SURFACE_STYLE_FILL_AREA(#10614);
#10616=SURFACE_SIDE_STYLE('',(#10615));
#10617=SURFACE_STYLE_USAGE(.POSITIVE.,#10616);
#10618=PRESENTATION_STYLE_ASSIGNMENT((#10617));
#10619=STYLED_ITEM('',(#10618),#10612);
#10620=CARTESIAN_POINT('',(1.2775E0,1.45E0,5.E-1));
#10621=DIRECTION('',(0.E0,-1.E0,0.E0));
#10622=DIRECTION('',(0.E0,0.E0,1.E0));
#10623=AXIS2_PLACEMENT_3D('',#10620,#10621,#10622);
#10624=PLANE('',#10623);
#10625=ORIENTED_EDGE('',*,*,#10500,.T.);
#10626=ORIENTED_EDGE('',*,*,#10527,.T.);
#10628=ORIENTED_EDGE('',*,*,#10627,.F.);
#10630=ORIENTED_EDGE('',*,*,#10629,.F.);
#10632=ORIENTED_EDGE('',*,*,#10631,.F.);
#10634=ORIENTED_EDGE('',*,*,#10633,.F.);
#10636=ORIENTED_EDGE('',*,*,#10635,.F.);
#10638=ORIENTED_EDGE('',*,*,#10637,.F.);
#10640=ORIENTED_EDGE('',*,*,#10639,.F.);
#10642=ORIENTED_EDGE('',*,*,#10641,.T.);
#10643=ORIENTED_EDGE('',*,*,#10603,.F.);
#10645=ORIENTED_EDGE('',*,*,#10644,.T.);
#10647=ORIENTED_EDGE('',*,*,#10646,.F.);
#10648=ORIENTED_EDGE('',*,*,#10475,.T.);
#10649=EDGE_LOOP('',(#10625,#10626,#10628,#10630,#10632,#10634,#10636,#10638,
#10640,#10642,#10643,#10645,#10647,#10648));
#10650=FACE_OUTER_BOUND('',#10649,.F.);
#10651=ADVANCED_FACE('',(#10650),#10624,.F.);
#10652=FILL_AREA_STYLE_COLOUR('',#37);
#10653=FILL_AREA_STYLE('',(#10652));
#10654=SURFACE_STYLE_FILL_AREA(#10653);
#10655=SURFACE_SIDE_STYLE('',(#10654));
#10656=SURFACE_STYLE_USAGE(.POSITIVE.,#10655);
#10657=PRESENTATION_STYLE_ASSIGNMENT((#10656));
#10658=STYLED_ITEM('',(#10657),#10651);
#10659=CARTESIAN_POINT('',(-1.2775E0,8.229E-1,1.E-1));
#10660=DIRECTION('',(0.E0,0.E0,1.E0));
#10661=DIRECTION('',(1.E0,0.E0,0.E0));
#10662=AXIS2_PLACEMENT_3D('',#10659,#10660,#10661);
#10663=CYLINDRICAL_SURFACE('',#10662,6.271E-1);
#10664=ORIENTED_EDGE('',*,*,#10627,.T.);
#10666=ORIENTED_EDGE('',*,*,#10665,.F.);
#10668=ORIENTED_EDGE('',*,*,#10667,.T.);
#10670=ORIENTED_EDGE('',*,*,#10669,.T.);
#10672=ORIENTED_EDGE('',*,*,#10671,.F.);
#10673=EDGE_LOOP('',(#10664,#10666,#10668,#10670,#10672));
#10674=FACE_OUTER_BOUND('',#10673,.F.);
#10675=ADVANCED_FACE('',(#10674),#10663,.T.);
#10676=FILL_AREA_STYLE_COLOUR('',#37);
#10677=FILL_AREA_STYLE('',(#10676));
#10678=SURFACE_STYLE_FILL_AREA(#10677);
#10679=SURFACE_SIDE_STYLE('',(#10678));
#10680=SURFACE_STYLE_USAGE(.POSITIVE.,#10679);
#10681=PRESENTATION_STYLE_ASSIGNMENT((#10680));
#10682=STYLED_ITEM('',(#10681),#10675);
#10683=CARTESIAN_POINT('',(-1.3275E0,-5.230459476332E0,4.5E-1));
#10684=DIRECTION('',(0.E0,1.E0,0.E0));
#10685=DIRECTION('',(1.E0,0.E0,0.E0));
#10686=AXIS2_PLACEMENT_3D('',#10683,#10684,#10685);
#10687=CYLINDRICAL_SURFACE('',#10686,5.E-2);
#10688=ORIENTED_EDGE('',*,*,#10525,.F.);
#10690=ORIENTED_EDGE('',*,*,#10689,.T.);
#10692=ORIENTED_EDGE('',*,*,#10691,.T.);
#10693=ORIENTED_EDGE('',*,*,#10665,.T.);
#10694=EDGE_LOOP('',(#10688,#10690,#10692,#10693));
#10695=FACE_OUTER_BOUND('',#10694,.F.);
#10696=ADVANCED_FACE('',(#10695),#10687,.F.);
#10697=FILL_AREA_STYLE_COLOUR('',#37);
#10698=FILL_AREA_STYLE('',(#10697));
#10699=SURFACE_STYLE_FILL_AREA(#10698);
#10700=SURFACE_SIDE_STYLE('',(#10699));
#10701=SURFACE_STYLE_USAGE(.POSITIVE.,#10700);
#10702=PRESENTATION_STYLE_ASSIGNMENT((#10701));
#10703=STYLED_ITEM('',(#10702),#10696);
#10704=CARTESIAN_POINT('',(-1.2775E0,5.731E-1,1.E-1));
#10705=DIRECTION('',(0.E0,0.E0,1.E0));
#10706=DIRECTION('',(1.E0,0.E0,0.E0));
#10707=AXIS2_PLACEMENT_3D('',#10704,#10705,#10706);
#10708=CYLINDRICAL_SURFACE('',#10707,6.769E-1);
#10710=ORIENTED_EDGE('',*,*,#10709,.T.);
#10711=ORIENTED_EDGE('',*,*,#10689,.F.);
#10712=ORIENTED_EDGE('',*,*,#10579,.T.);
#10714=ORIENTED_EDGE('',*,*,#10713,.F.);
#10716=ORIENTED_EDGE('',*,*,#10715,.F.);
#10717=EDGE_LOOP('',(#10710,#10711,#10712,#10714,#10716));
#10718=FACE_OUTER_BOUND('',#10717,.F.);
#10719=ADVANCED_FACE('',(#10718),#10708,.F.);
#10720=FILL_AREA_STYLE_COLOUR('',#37);
#10721=FILL_AREA_STYLE('',(#10720));
#10722=SURFACE_STYLE_FILL_AREA(#10721);
#10723=SURFACE_SIDE_STYLE('',(#10722));
#10724=SURFACE_STYLE_USAGE(.POSITIVE.,#10723);
#10725=PRESENTATION_STYLE_ASSIGNMENT((#10724));
#10726=STYLED_ITEM('',(#10725),#10719);
#10727=CARTESIAN_POINT('',(1.2775E0,0.E0,4.E-1));
#10728=DIRECTION('',(0.E0,0.E0,1.E0));
#10729=DIRECTION('',(1.E0,0.E0,0.E0));
#10730=AXIS2_PLACEMENT_3D('',#10727,#10728,#10729);
#10731=PLANE('',#10730);
#10732=ORIENTED_EDGE('',*,*,#10691,.F.);
#10733=ORIENTED_EDGE('',*,*,#10709,.F.);
#10735=ORIENTED_EDGE('',*,*,#10734,.F.);
#10737=ORIENTED_EDGE('',*,*,#10736,.F.);
#10738=ORIENTED_EDGE('',*,*,#10667,.F.);
#10739=EDGE_LOOP('',(#10732,#10733,#10735,#10737,#10738));
#10740=FACE_OUTER_BOUND('',#10739,.F.);
#10741=ADVANCED_FACE('',(#10740),#10731,.T.);
#10742=FILL_AREA_STYLE_COLOUR('',#37);
#10743=FILL_AREA_STYLE('',(#10742));
#10744=SURFACE_STYLE_FILL_AREA(#10743);
#10745=SURFACE_SIDE_STYLE('',(#10744));
#10746=SURFACE_STYLE_USAGE(.POSITIVE.,#10745);
#10747=PRESENTATION_STYLE_ASSIGNMENT((#10746));
#10748=STYLED_ITEM('',(#10747),#10741);
#10749=CARTESIAN_POINT('',(-1.647134970408E0,1.256432714460E0,5.772036E0));
#10750=DIRECTION('',(0.E0,0.E0,-1.E0));
#10751=DIRECTION('',(4.757819158292E-1,-8.795632828682E-1,0.E0));
#10752=AXIS2_PLACEMENT_3D('',#10749,#10750,#10751);
#10753=CYLINDRICAL_SURFACE('',#10752,1.E-1);
#10754=ORIENTED_EDGE('',*,*,#10734,.T.);
#10755=ORIENTED_EDGE('',*,*,#10715,.T.);
#10757=ORIENTED_EDGE('',*,*,#10756,.T.);
#10759=ORIENTED_EDGE('',*,*,#10758,.F.);
#10760=EDGE_LOOP('',(#10754,#10755,#10757,#10759));
#10761=FACE_OUTER_BOUND('',#10760,.F.);
#10762=ADVANCED_FACE('',(#10761),#10753,.T.);
#10763=FILL_AREA_STYLE_COLOUR('',#37);
#10764=FILL_AREA_STYLE('',(#10763));
#10765=SURFACE_STYLE_FILL_AREA(#10764);
#10766=SURFACE_SIDE_STYLE('',(#10765));
#10767=SURFACE_STYLE_USAGE(.POSITIVE.,#10766);
#10768=PRESENTATION_STYLE_ASSIGNMENT((#10767));
#10769=STYLED_ITEM('',(#10768),#10762);
#10770=CARTESIAN_POINT('',(1.2775E0,0.E0,1.E-1));
#10771=DIRECTION('',(0.E0,0.E0,1.E0));
#10772=DIRECTION('',(1.E0,0.E0,0.E0));
#10773=AXIS2_PLACEMENT_3D('',#10770,#10771,#10772);
#10774=PLANE('',#10773);
#10776=ORIENTED_EDGE('',*,*,#10775,.F.);
#10777=ORIENTED_EDGE('',*,*,#10629,.T.);
#10778=ORIENTED_EDGE('',*,*,#10671,.T.);
#10780=ORIENTED_EDGE('',*,*,#10779,.F.);
#10781=ORIENTED_EDGE('',*,*,#10756,.F.);
#10782=ORIENTED_EDGE('',*,*,#10713,.T.);
#10783=ORIENTED_EDGE('',*,*,#10577,.T.);
#10784=EDGE_LOOP('',(#10776,#10777,#10778,#10780,#10781,#10782,#10783));
#10785=FACE_OUTER_BOUND('',#10784,.F.);
#10786=ADVANCED_FACE('',(#10785),#10774,.F.);
#10787=FILL_AREA_STYLE_COLOUR('',#37);
#10788=FILL_AREA_STYLE('',(#10787));
#10789=SURFACE_STYLE_FILL_AREA(#10788);
#10790=SURFACE_SIDE_STYLE('',(#10789));
#10791=SURFACE_STYLE_USAGE(.POSITIVE.,#10790);
#10792=PRESENTATION_STYLE_ASSIGNMENT((#10791));
#10793=STYLED_ITEM('',(#10792),#10786);
#10794=CARTESIAN_POINT('',(-1.013541889013E0,5.230451021595E0,2.E-1));
#10795=DIRECTION('',(0.E0,-1.E0,0.E0));
#10796=DIRECTION('',(0.E0,0.E0,-1.E0));
#10797=AXIS2_PLACEMENT_3D('',#10794,#10795,#10796);
#10798=CYLINDRICAL_SURFACE('',#10797,1.E-1);
#10799=ORIENTED_EDGE('',*,*,#10575,.T.);
#10801=ORIENTED_EDGE('',*,*,#10800,.F.);
#10802=ORIENTED_EDGE('',*,*,#10631,.T.);
#10803=ORIENTED_EDGE('',*,*,#10775,.T.);
#10804=EDGE_LOOP('',(#10799,#10801,#10802,#10803));
#10805=FACE_OUTER_BOUND('',#10804,.F.);
#10806=ADVANCED_FACE('',(#10805),#10798,.T.);
#10807=FILL_AREA_STYLE_COLOUR('',#37);
#10808=FILL_AREA_STYLE('',(#10807));
#10809=SURFACE_STYLE_FILL_AREA(#10808);
#10810=SURFACE_SIDE_STYLE('',(#10809));
#10811=SURFACE_STYLE_USAGE(.POSITIVE.,#10810);
#10812=PRESENTATION_STYLE_ASSIGNMENT((#10811));
#10813=STYLED_ITEM('',(#10812),#10806);
#10814=CARTESIAN_POINT('',(-9.135418890132E-1,1.25E0,5.E-1));
#10815=DIRECTION('',(-1.E0,0.E0,0.E0));
#10816=DIRECTION('',(0.E0,1.E0,0.E0));
#10817=AXIS2_PLACEMENT_3D('',#10814,#10815,#10816);
#10818=PLANE('',#10817);
#10819=ORIENTED_EDGE('',*,*,#10800,.T.);
#10820=ORIENTED_EDGE('',*,*,#10573,.F.);
#10822=ORIENTED_EDGE('',*,*,#10821,.F.);
#10823=ORIENTED_EDGE('',*,*,#10633,.T.);
#10824=EDGE_LOOP('',(#10819,#10820,#10822,#10823));
#10825=FACE_OUTER_BOUND('',#10824,.F.);
#10826=ADVANCED_FACE('',(#10825),#10818,.F.);
#10827=FILL_AREA_STYLE_COLOUR('',#37);
#10828=FILL_AREA_STYLE('',(#10827));
#10829=SURFACE_STYLE_FILL_AREA(#10828);
#10830=SURFACE_SIDE_STYLE('',(#10829));
#10831=SURFACE_STYLE_USAGE(.POSITIVE.,#10830);
#10832=PRESENTATION_STYLE_ASSIGNMENT((#10831));
#10833=STYLED_ITEM('',(#10832),#10826);
#10834=CARTESIAN_POINT('',(-8.135418890132E-1,5.230451021595E0,4.E-1));
#10835=DIRECTION('',(0.E0,-1.E0,0.E0));
#10836=DIRECTION('',(0.E0,0.E0,1.E0));
#10837=AXIS2_PLACEMENT_3D('',#10834,#10835,#10836);
#10838=CYLINDRICAL_SURFACE('',#10837,1.E-1);
#10840=ORIENTED_EDGE('',*,*,#10839,.F.);
#10841=ORIENTED_EDGE('',*,*,#10635,.T.);
#10842=ORIENTED_EDGE('',*,*,#10821,.T.);
#10843=ORIENTED_EDGE('',*,*,#10571,.T.);
#10844=EDGE_LOOP('',(#10840,#10841,#10842,#10843));
#10845=FACE_OUTER_BOUND('',#10844,.F.);
#10846=ADVANCED_FACE('',(#10845),#10838,.F.);
#10847=FILL_AREA_STYLE_COLOUR('',#37);
#10848=FILL_AREA_STYLE('',(#10847));
#10849=SURFACE_STYLE_FILL_AREA(#10848);
#10850=SURFACE_SIDE_STYLE('',(#10849));
#10851=SURFACE_STYLE_USAGE(.POSITIVE.,#10850);
#10852=PRESENTATION_STYLE_ASSIGNMENT((#10851));
#10853=STYLED_ITEM('',(#10852),#10846);
#10854=CARTESIAN_POINT('',(1.2775E0,1.25E0,5.E-1));
#10855=DIRECTION('',(0.E0,0.E0,1.E0));
#10856=DIRECTION('',(0.E0,1.E0,0.E0));
#10857=AXIS2_PLACEMENT_3D('',#10854,#10855,#10856);
#10858=PLANE('',#10857);
#10860=ORIENTED_EDGE('',*,*,#10859,.T.);
#10861=ORIENTED_EDGE('',*,*,#10637,.T.);
#10862=ORIENTED_EDGE('',*,*,#10839,.T.);
#10863=ORIENTED_EDGE('',*,*,#10569,.F.);
#10864=EDGE_LOOP('',(#10860,#10861,#10862,#10863));
#10865=FACE_OUTER_BOUND('',#10864,.F.);
#10866=ADVANCED_FACE('',(#10865),#10858,.F.);
#10867=FILL_AREA_STYLE_COLOUR('',#37);
#10868=FILL_AREA_STYLE('',(#10867));
#10869=SURFACE_STYLE_FILL_AREA(#10868);
#10870=SURFACE_SIDE_STYLE('',(#10869));
#10871=SURFACE_STYLE_USAGE(.POSITIVE.,#10870);
#10872=PRESENTATION_STYLE_ASSIGNMENT((#10871));
#10873=STYLED_ITEM('',(#10872),#10866);
#10874=CARTESIAN_POINT('',(8.135418890132E-1,-5.230469167348E0,4.E-1));
#10875=DIRECTION('',(0.E0,1.E0,0.E0));
#10876=DIRECTION('',(0.E0,0.E0,1.E0));
#10877=AXIS2_PLACEMENT_3D('',#10874,#10875,#10876);
#10878=CYLINDRICAL_SURFACE('',#10877,1.E-1);
#10879=ORIENTED_EDGE('',*,*,#10859,.F.);
#10880=ORIENTED_EDGE('',*,*,#10567,.T.);
#10882=ORIENTED_EDGE('',*,*,#10881,.T.);
#10883=ORIENTED_EDGE('',*,*,#10639,.T.);
#10884=EDGE_LOOP('',(#10879,#10880,#10882,#10883));
#10885=FACE_OUTER_BOUND('',#10884,.F.);
#10886=ADVANCED_FACE('',(#10885),#10878,.F.);
#10887=FILL_AREA_STYLE_COLOUR('',#37);
#10888=FILL_AREA_STYLE('',(#10887));
#10889=SURFACE_STYLE_FILL_AREA(#10888);
#10890=SURFACE_SIDE_STYLE('',(#10889));
#10891=SURFACE_STYLE_USAGE(.POSITIVE.,#10890);
#10892=PRESENTATION_STYLE_ASSIGNMENT((#10891));
#10893=STYLED_ITEM('',(#10892),#10886);
#10894=CARTESIAN_POINT('',(9.135418890132E-1,1.25E0,5.E-1));
#10895=DIRECTION('',(-1.E0,0.E0,0.E0));
#10896=DIRECTION('',(0.E0,1.E0,0.E0));
#10897=AXIS2_PLACEMENT_3D('',#10894,#10895,#10896);
#10898=PLANE('',#10897);
#10899=ORIENTED_EDGE('',*,*,#10605,.T.);
#10900=ORIENTED_EDGE('',*,*,#10641,.F.);
#10901=ORIENTED_EDGE('',*,*,#10881,.F.);
#10902=ORIENTED_EDGE('',*,*,#10565,.T.);
#10903=EDGE_LOOP('',(#10899,#10900,#10901,#10902));
#10904=FACE_OUTER_BOUND('',#10903,.F.);
#10905=ADVANCED_FACE('',(#10904),#10898,.T.);
#10906=FILL_AREA_STYLE_COLOUR('',#37);
#10907=FILL_AREA_STYLE('',(#10906));
#10908=SURFACE_STYLE_FILL_AREA(#10907);
#10909=SURFACE_SIDE_STYLE('',(#10908));
#10910=SURFACE_STYLE_USAGE(.POSITIVE.,#10909);
#10911=PRESENTATION_STYLE_ASSIGNMENT((#10910));
#10912=STYLED_ITEM('',(#10911),#10905);
#10913=CARTESIAN_POINT('',(-1.615771177727E0,1.187154060127E0,5.772036E0));
#10914=DIRECTION('',(0.E0,0.E0,-1.E0));
#10915=DIRECTION('',(-9.999999965625E-1,-8.291509820274E-5,0.E0));
#10916=AXIS2_PLACEMENT_3D('',#10913,#10914,#10915);
#10917=CYLINDRICAL_SURFACE('',#10916,1.3E-1);
#10918=ORIENTED_EDGE('',*,*,#10779,.T.);
#10919=ORIENTED_EDGE('',*,*,#10669,.F.);
#10920=ORIENTED_EDGE('',*,*,#10736,.T.);
#10921=ORIENTED_EDGE('',*,*,#10758,.T.);
#10922=EDGE_LOOP('',(#10918,#10919,#10920,#10921));
#10923=FACE_OUTER_BOUND('',#10922,.F.);
#10924=ADVANCED_FACE('',(#10923),#10917,.T.);
#10925=FILL_AREA_STYLE_COLOUR('',#37);
#10926=FILL_AREA_STYLE('',(#10925));
#10927=SURFACE_STYLE_FILL_AREA(#10926);
#10928=SURFACE_SIDE_STYLE('',(#10927));
#10929=SURFACE_STYLE_USAGE(.POSITIVE.,#10928);
#10930=PRESENTATION_STYLE_ASSIGNMENT((#10929));
#10931=STYLED_ITEM('',(#10930),#10924);
#10932=CARTESIAN_POINT('',(-1.2775E0,0.E0,1.E-1));
#10933=DIRECTION('',(0.E0,0.E0,-1.E0));
#10934=DIRECTION('',(-1.E0,0.E0,0.E0));
#10935=AXIS2_PLACEMENT_3D('',#10932,#10933,#10934);
#10936=PLANE('',#10935);
#10937=ORIENTED_EDGE('',*,*,#10608,.F.);
#10938=ORIENTED_EDGE('',*,*,#10586,.F.);
#10940=ORIENTED_EDGE('',*,*,#10939,.F.);
#10942=ORIENTED_EDGE('',*,*,#10941,.F.);
#10944=ORIENTED_EDGE('',*,*,#10943,.F.);
#10946=ORIENTED_EDGE('',*,*,#10945,.F.);
#10947=ORIENTED_EDGE('',*,*,#10644,.F.);
#10948=EDGE_LOOP('',(#10937,#10938,#10940,#10942,#10944,#10946,#10947));
#10949=FACE_OUTER_BOUND('',#10948,.F.);
#10950=ADVANCED_FACE('',(#10949),#10936,.T.);
#10951=FILL_AREA_STYLE_COLOUR('',#37);
#10952=FILL_AREA_STYLE('',(#10951));
#10953=SURFACE_STYLE_FILL_AREA(#10952);
#10954=SURFACE_SIDE_STYLE('',(#10953));
#10955=SURFACE_STYLE_USAGE(.POSITIVE.,#10954);
#10956=PRESENTATION_STYLE_ASSIGNMENT((#10955));
#10957=STYLED_ITEM('',(#10956),#10950);
#10958=CARTESIAN_POINT('',(1.2775E0,5.731E-1,1.E-1));
#10959=DIRECTION('',(0.E0,0.E0,-1.E0));
#10960=DIRECTION('',(-1.E0,0.E0,0.E0));
#10961=AXIS2_PLACEMENT_3D('',#10958,#10959,#10960);
#10962=CYLINDRICAL_SURFACE('',#10961,6.769E-1);
#10963=ORIENTED_EDGE('',*,*,#10584,.T.);
#10965=ORIENTED_EDGE('',*,*,#10964,.F.);
#10967=ORIENTED_EDGE('',*,*,#10966,.F.);
#10969=ORIENTED_EDGE('',*,*,#10968,.F.);
#10970=ORIENTED_EDGE('',*,*,#10939,.T.);
#10971=EDGE_LOOP('',(#10963,#10965,#10967,#10969,#10970));
#10972=FACE_OUTER_BOUND('',#10971,.F.);
#10973=ADVANCED_FACE('',(#10972),#10962,.F.);
#10974=FILL_AREA_STYLE_COLOUR('',#37);
#10975=FILL_AREA_STYLE('',(#10974));
#10976=SURFACE_STYLE_FILL_AREA(#10975);
#10977=SURFACE_SIDE_STYLE('',(#10976));
#10978=SURFACE_STYLE_USAGE(.POSITIVE.,#10977);
#10979=PRESENTATION_STYLE_ASSIGNMENT((#10978));
#10980=STYLED_ITEM('',(#10979),#10973);
#10981=CARTESIAN_POINT('',(1.3525E0,5.230468146653E0,4.75E-1));
#10982=DIRECTION('',(0.E0,-1.E0,0.E0));
#10983=DIRECTION('',(-1.E0,0.E0,0.E0));
#10984=AXIS2_PLACEMENT_3D('',#10981,#10982,#10983);
#10985=CYLINDRICAL_SURFACE('',#10984,7.5E-2);
#10986=ORIENTED_EDGE('',*,*,#10477,.F.);
#10988=ORIENTED_EDGE('',*,*,#10987,.T.);
#10990=ORIENTED_EDGE('',*,*,#10989,.T.);
#10991=ORIENTED_EDGE('',*,*,#10964,.T.);
#10992=EDGE_LOOP('',(#10986,#10988,#10990,#10991));
#10993=FACE_OUTER_BOUND('',#10992,.F.);
#10994=ADVANCED_FACE('',(#10993),#10985,.F.);
#10995=FILL_AREA_STYLE_COLOUR('',#37);
#10996=FILL_AREA_STYLE('',(#10995));
#10997=SURFACE_STYLE_FILL_AREA(#10996);
#10998=SURFACE_SIDE_STYLE('',(#10997));
#10999=SURFACE_STYLE_USAGE(.POSITIVE.,#10998);
#11000=PRESENTATION_STYLE_ASSIGNMENT((#10999));
#11001=STYLED_ITEM('',(#11000),#10994);
#11002=CARTESIAN_POINT('',(1.2775E0,8.229E-1,1.E-1));
#11003=DIRECTION('',(0.E0,0.E0,-1.E0));
#11004=DIRECTION('',(-1.E0,0.E0,0.E0));
#11005=AXIS2_PLACEMENT_3D('',#11002,#11003,#11004);
#11006=CYLINDRICAL_SURFACE('',#11005,6.271E-1);
#11008=ORIENTED_EDGE('',*,*,#11007,.F.);
#11009=ORIENTED_EDGE('',*,*,#10987,.F.);
#11010=ORIENTED_EDGE('',*,*,#10646,.T.);
#11011=ORIENTED_EDGE('',*,*,#10945,.T.);
#11013=ORIENTED_EDGE('',*,*,#11012,.T.);
#11014=EDGE_LOOP('',(#11008,#11009,#11010,#11011,#11013));
#11015=FACE_OUTER_BOUND('',#11014,.F.);
#11016=ADVANCED_FACE('',(#11015),#11006,.T.);
#11017=FILL_AREA_STYLE_COLOUR('',#37);
#11018=FILL_AREA_STYLE('',(#11017));
#11019=SURFACE_STYLE_FILL_AREA(#11018);
#11020=SURFACE_SIDE_STYLE('',(#11019));
#11021=SURFACE_STYLE_USAGE(.POSITIVE.,#11020);
#11022=PRESENTATION_STYLE_ASSIGNMENT((#11021));
#11023=STYLED_ITEM('',(#11022),#11016);
#11024=CARTESIAN_POINT('',(-1.2775E0,0.E0,4.E-1));
#11025=DIRECTION('',(0.E0,0.E0,-1.E0));
#11026=DIRECTION('',(-1.E0,0.E0,0.E0));
#11027=AXIS2_PLACEMENT_3D('',#11024,#11025,#11026);
#11028=PLANE('',#11027);
#11029=ORIENTED_EDGE('',*,*,#10989,.F.);
#11030=ORIENTED_EDGE('',*,*,#11007,.T.);
#11032=ORIENTED_EDGE('',*,*,#11031,.F.);
#11034=ORIENTED_EDGE('',*,*,#11033,.F.);
#11035=ORIENTED_EDGE('',*,*,#10966,.T.);
#11036=EDGE_LOOP('',(#11029,#11030,#11032,#11034,#11035));
#11037=FACE_OUTER_BOUND('',#11036,.F.);
#11038=ADVANCED_FACE('',(#11037),#11028,.F.);
#11039=FILL_AREA_STYLE_COLOUR('',#37);
#11040=FILL_AREA_STYLE('',(#11039));
#11041=SURFACE_STYLE_FILL_AREA(#11040);
#11042=SURFACE_SIDE_STYLE('',(#11041));
#11043=SURFACE_STYLE_USAGE(.POSITIVE.,#11042);
#11044=PRESENTATION_STYLE_ASSIGNMENT((#11043));
#11045=STYLED_ITEM('',(#11044),#11038);
#11046=CARTESIAN_POINT('',(1.615771177727E0,1.187154060127E0,-3.282036E0));
#11047=DIRECTION('',(0.E0,0.E0,1.E0));
#11048=DIRECTION('',(9.999999965625E-1,-8.291509820103E-5,0.E0));
#11049=AXIS2_PLACEMENT_3D('',#11046,#11047,#11048);
#11050=CYLINDRICAL_SURFACE('',#11049,1.3E-1);
#11051=ORIENTED_EDGE('',*,*,#11031,.T.);
#11052=ORIENTED_EDGE('',*,*,#11012,.F.);
#11053=ORIENTED_EDGE('',*,*,#10943,.T.);
#11055=ORIENTED_EDGE('',*,*,#11054,.T.);
#11056=EDGE_LOOP('',(#11051,#11052,#11053,#11055));
#11057=FACE_OUTER_BOUND('',#11056,.F.);
#11058=ADVANCED_FACE('',(#11057),#11050,.T.);
#11059=FILL_AREA_STYLE_COLOUR('',#37);
#11060=FILL_AREA_STYLE('',(#11059));
#11061=SURFACE_STYLE_FILL_AREA(#11060);
#11062=SURFACE_SIDE_STYLE('',(#11061));
#11063=SURFACE_STYLE_USAGE(.POSITIVE.,#11062);
#11064=PRESENTATION_STYLE_ASSIGNMENT((#11063));
#11065=STYLED_ITEM('',(#11064),#11058);
#11066=CARTESIAN_POINT('',(1.647134970408E0,1.256432714460E0,-3.282036E0));
#11067=DIRECTION('',(0.E0,0.E0,1.E0));
#11068=DIRECTION('',(-4.757819158292E-1,-8.795632828682E-1,0.E0));
#11069=AXIS2_PLACEMENT_3D('',#11066,#11067,#11068);
#11070=CYLINDRICAL_SURFACE('',#11069,1.E-1);
#11071=ORIENTED_EDGE('',*,*,#10941,.T.);
#11072=ORIENTED_EDGE('',*,*,#10968,.T.);
#11073=ORIENTED_EDGE('',*,*,#11033,.T.);
#11074=ORIENTED_EDGE('',*,*,#11054,.F.);
#11075=EDGE_LOOP('',(#11071,#11072,#11073,#11074));
#11076=FACE_OUTER_BOUND('',#11075,.F.);
#11077=ADVANCED_FACE('',(#11076),#11070,.T.);
#11078=FILL_AREA_STYLE_COLOUR('',#37);
#11079=FILL_AREA_STYLE('',(#11078));
#11080=SURFACE_STYLE_FILL_AREA(#11079);
#11081=SURFACE_SIDE_STYLE('',(#11080));
#11082=SURFACE_STYLE_USAGE(.POSITIVE.,#11081);
#11083=PRESENTATION_STYLE_ASSIGNMENT((#11082));
#11084=STYLED_ITEM('',(#11083),#11077);
#11085=CARTESIAN_POINT('',(-1.3275E0,-1.35E0,5.772036E0));
#11086=DIRECTION('',(0.E0,0.E0,-1.E0));
#11087=DIRECTION('',(0.E0,1.E0,0.E0));
#11088=AXIS2_PLACEMENT_3D('',#11085,#11086,#11087);
#11089=CYLINDRICAL_SURFACE('',#11088,5.E-2);
#11091=ORIENTED_EDGE('',*,*,#11090,.T.);
#11092=ORIENTED_EDGE('',*,*,#4762,.T.);
#11093=ORIENTED_EDGE('',*,*,#5049,.F.);
#11094=ORIENTED_EDGE('',*,*,#4901,.T.);
#11095=EDGE_LOOP('',(#11091,#11092,#11093,#11094));
#11096=FACE_OUTER_BOUND('',#11095,.F.);
#11097=ADVANCED_FACE('',(#11096),#11089,.F.);
#11098=FILL_AREA_STYLE_COLOUR('',#37);
#11099=FILL_AREA_STYLE('',(#11098));
#11100=SURFACE_STYLE_FILL_AREA(#11099);
#11101=SURFACE_SIDE_STYLE('',(#11100));
#11102=SURFACE_STYLE_USAGE(.POSITIVE.,#11101);
#11103=PRESENTATION_STYLE_ASSIGNMENT((#11102));
#11104=STYLED_ITEM('',(#11103),#11097);
#11105=CARTESIAN_POINT('',(-1.2775E0,0.E0,0.E0));
#11106=DIRECTION('',(-1.E0,0.E0,0.E0));
#11107=DIRECTION('',(0.E0,-1.E0,0.E0));
#11108=AXIS2_PLACEMENT_3D('',#11105,#11106,#11107);
#11109=PLANE('',#11108);
#11111=ORIENTED_EDGE('',*,*,#11110,.F.);
#11113=ORIENTED_EDGE('',*,*,#11112,.F.);
#11115=ORIENTED_EDGE('',*,*,#11114,.T.);
#11117=ORIENTED_EDGE('',*,*,#11116,.F.);
#11118=ORIENTED_EDGE('',*,*,#4764,.F.);
#11119=ORIENTED_EDGE('',*,*,#11090,.F.);
#11120=EDGE_LOOP('',(#11111,#11113,#11115,#11117,#11118,#11119));
#11121=FACE_OUTER_BOUND('',#11120,.F.);
#11122=ADVANCED_FACE('',(#11121),#11109,.T.);
#11123=FILL_AREA_STYLE_COLOUR('',#37);
#11124=FILL_AREA_STYLE('',(#11123));
#11125=SURFACE_STYLE_FILL_AREA(#11124);
#11126=SURFACE_SIDE_STYLE('',(#11125));
#11127=SURFACE_STYLE_USAGE(.POSITIVE.,#11126);
#11128=PRESENTATION_STYLE_ASSIGNMENT((#11127));
#11129=STYLED_ITEM('',(#11128),#11122);
#11130=CARTESIAN_POINT('',(-9.018E0,-1.35E0,1.4E0));
#11131=DIRECTION('',(1.E0,0.E0,0.E0));
#11132=DIRECTION('',(0.E0,0.E0,1.E0));
#11133=AXIS2_PLACEMENT_3D('',#11130,#11131,#11132);
#11134=CYLINDRICAL_SURFACE('',#11133,1.E-1);
#11136=ORIENTED_EDGE('',*,*,#11135,.T.);
#11138=ORIENTED_EDGE('',*,*,#11137,.F.);
#11139=ORIENTED_EDGE('',*,*,#11110,.T.);
#11140=ORIENTED_EDGE('',*,*,#4899,.T.);
#11141=EDGE_LOOP('',(#11136,#11138,#11139,#11140));
#11142=FACE_OUTER_BOUND('',#11141,.F.);
#11143=ADVANCED_FACE('',(#11142),#11134,.T.);
#11144=FILL_AREA_STYLE_COLOUR('',#37);
#11145=FILL_AREA_STYLE('',(#11144));
#11146=SURFACE_STYLE_FILL_AREA(#11145);
#11147=SURFACE_SIDE_STYLE('',(#11146));
#11148=SURFACE_STYLE_USAGE(.POSITIVE.,#11147);
#11149=PRESENTATION_STYLE_ASSIGNMENT((#11148));
#11150=STYLED_ITEM('',(#11149),#11143);
#11151=CARTESIAN_POINT('',(1.2775E0,0.E0,0.E0));
#11152=DIRECTION('',(-1.E0,0.E0,0.E0));
#11153=DIRECTION('',(0.E0,-1.E0,0.E0));
#11154=AXIS2_PLACEMENT_3D('',#11151,#11152,#11153);
#11155=PLANE('',#11154);
#11156=ORIENTED_EDGE('',*,*,#11135,.F.);
#11158=ORIENTED_EDGE('',*,*,#11157,.F.);
#11159=ORIENTED_EDGE('',*,*,#4768,.F.);
#11161=ORIENTED_EDGE('',*,*,#11160,.F.);
#11163=ORIENTED_EDGE('',*,*,#11162,.T.);
#11165=ORIENTED_EDGE('',*,*,#11164,.F.);
#11166=EDGE_LOOP('',(#11156,#11158,#11159,#11161,#11163,#11165));
#11167=FACE_OUTER_BOUND('',#11166,.F.);
#11168=ADVANCED_FACE('',(#11167),#11155,.F.);
#11169=FILL_AREA_STYLE_COLOUR('',#37);
#11170=FILL_AREA_STYLE('',(#11169));
#11171=SURFACE_STYLE_FILL_AREA(#11170);
#11172=SURFACE_SIDE_STYLE('',(#11171));
#11173=SURFACE_STYLE_USAGE(.POSITIVE.,#11172);
#11174=PRESENTATION_STYLE_ASSIGNMENT((#11173));
#11175=STYLED_ITEM('',(#11174),#11168);
#11176=CARTESIAN_POINT('',(1.3275E0,-1.35E0,-3.282036E0));
#11177=DIRECTION('',(0.E0,0.E0,1.E0));
#11178=DIRECTION('',(0.E0,1.E0,0.E0));
#11179=AXIS2_PLACEMENT_3D('',#11176,#11177,#11178);
#11180=CYLINDRICAL_SURFACE('',#11179,5.E-2);
#11181=ORIENTED_EDGE('',*,*,#11157,.T.);
#11182=ORIENTED_EDGE('',*,*,#4897,.T.);
#11183=ORIENTED_EDGE('',*,*,#5069,.F.);
#11184=ORIENTED_EDGE('',*,*,#4770,.T.);
#11185=EDGE_LOOP('',(#11181,#11182,#11183,#11184));
#11186=FACE_OUTER_BOUND('',#11185,.F.);
#11187=ADVANCED_FACE('',(#11186),#11180,.F.);
#11188=FILL_AREA_STYLE_COLOUR('',#37);
#11189=FILL_AREA_STYLE('',(#11188));
#11190=SURFACE_STYLE_FILL_AREA(#11189);
#11191=SURFACE_SIDE_STYLE('',(#11190));
#11192=SURFACE_STYLE_USAGE(.POSITIVE.,#11191);
#11193=PRESENTATION_STYLE_ASSIGNMENT((#11192));
#11194=STYLED_ITEM('',(#11193),#11187);
#11195=CARTESIAN_POINT('',(1.2775E0,-1.25E0,1.3E0));
#11196=DIRECTION('',(0.E0,1.E0,0.E0));
#11197=DIRECTION('',(0.E0,0.E0,-1.E0));
#11198=AXIS2_PLACEMENT_3D('',#11195,#11196,#11197);
#11199=PLANE('',#11198);
#11201=ORIENTED_EDGE('',*,*,#11200,.F.);
#11203=ORIENTED_EDGE('',*,*,#11202,.F.);
#11205=ORIENTED_EDGE('',*,*,#11204,.F.);
#11206=ORIENTED_EDGE('',*,*,#11160,.T.);
#11207=ORIENTED_EDGE('',*,*,#4766,.T.);
#11208=ORIENTED_EDGE('',*,*,#11116,.T.);
#11210=ORIENTED_EDGE('',*,*,#11209,.F.);
#11212=ORIENTED_EDGE('',*,*,#11211,.T.);
#11214=ORIENTED_EDGE('',*,*,#11213,.F.);
#11216=ORIENTED_EDGE('',*,*,#11215,.F.);
#11218=ORIENTED_EDGE('',*,*,#11217,.F.);
#11220=ORIENTED_EDGE('',*,*,#11219,.F.);
#11222=ORIENTED_EDGE('',*,*,#11221,.F.);
#11224=ORIENTED_EDGE('',*,*,#11223,.T.);
#11225=EDGE_LOOP('',(#11201,#11203,#11205,#11206,#11207,#11208,#11210,#11212,
#11214,#11216,#11218,#11220,#11222,#11224));
#11226=FACE_OUTER_BOUND('',#11225,.F.);
#11227=ADVANCED_FACE('',(#11226),#11199,.T.);
#11228=FILL_AREA_STYLE_COLOUR('',#37);
#11229=FILL_AREA_STYLE('',(#11228));
#11230=SURFACE_STYLE_FILL_AREA(#11229);
#11231=SURFACE_SIDE_STYLE('',(#11230));
#11232=SURFACE_STYLE_USAGE(.POSITIVE.,#11231);
#11233=PRESENTATION_STYLE_ASSIGNMENT((#11232));
#11234=STYLED_ITEM('',(#11233),#11227);
#11235=CARTESIAN_POINT('',(1.013541889013E0,-5.230457125058E0,2.E-1));
#11236=DIRECTION('',(0.E0,1.E0,0.E0));
#11237=DIRECTION('',(0.E0,0.E0,-1.E0));
#11238=AXIS2_PLACEMENT_3D('',#11235,#11236,#11237);
#11239=CYLINDRICAL_SURFACE('',#11238,1.E-1);
#11240=ORIENTED_EDGE('',*,*,#11200,.T.);
#11242=ORIENTED_EDGE('',*,*,#11241,.F.);
#11244=ORIENTED_EDGE('',*,*,#11243,.T.);
#11246=ORIENTED_EDGE('',*,*,#11245,.T.);
#11247=EDGE_LOOP('',(#11240,#11242,#11244,#11246));
#11248=FACE_OUTER_BOUND('',#11247,.F.);
#11249=ADVANCED_FACE('',(#11248),#11239,.T.);
#11250=FILL_AREA_STYLE_COLOUR('',#37);
#11251=FILL_AREA_STYLE('',(#11250));
#11252=SURFACE_STYLE_FILL_AREA(#11251);
#11253=SURFACE_SIDE_STYLE('',(#11252));
#11254=SURFACE_STYLE_USAGE(.POSITIVE.,#11253);
#11255=PRESENTATION_STYLE_ASSIGNMENT((#11254));
#11256=STYLED_ITEM('',(#11255),#11249);
#11257=CARTESIAN_POINT('',(9.135418890132E-1,-1.25E0,5.E-1));
#11258=DIRECTION('',(1.E0,0.E0,0.E0));
#11259=DIRECTION('',(0.E0,-1.E0,0.E0));
#11260=AXIS2_PLACEMENT_3D('',#11257,#11258,#11259);
#11261=PLANE('',#11260);
#11262=ORIENTED_EDGE('',*,*,#11241,.T.);
#11263=ORIENTED_EDGE('',*,*,#11223,.F.);
#11265=ORIENTED_EDGE('',*,*,#11264,.F.);
#11267=ORIENTED_EDGE('',*,*,#11266,.T.);
#11268=EDGE_LOOP('',(#11262,#11263,#11265,#11267));
#11269=FACE_OUTER_BOUND('',#11268,.F.);
#11270=ADVANCED_FACE('',(#11269),#11261,.F.);
#11271=FILL_AREA_STYLE_COLOUR('',#37);
#11272=FILL_AREA_STYLE('',(#11271));
#11273=SURFACE_STYLE_FILL_AREA(#11272);
#11274=SURFACE_SIDE_STYLE('',(#11273));
#11275=SURFACE_STYLE_USAGE(.POSITIVE.,#11274);
#11276=PRESENTATION_STYLE_ASSIGNMENT((#11275));
#11277=STYLED_ITEM('',(#11276),#11270);
#11278=CARTESIAN_POINT('',(8.135418890132E-1,-5.230457125058E0,4.E-1));
#11279=DIRECTION('',(0.E0,1.E0,0.E0));
#11280=DIRECTION('',(0.E0,0.E0,1.E0));
#11281=AXIS2_PLACEMENT_3D('',#11278,#11279,#11280);
#11282=CYLINDRICAL_SURFACE('',#11281,1.E-1);
#11284=ORIENTED_EDGE('',*,*,#11283,.F.);
#11286=ORIENTED_EDGE('',*,*,#11285,.T.);
#11287=ORIENTED_EDGE('',*,*,#11264,.T.);
#11288=ORIENTED_EDGE('',*,*,#11221,.T.);
#11289=EDGE_LOOP('',(#11284,#11286,#11287,#11288));
#11290=FACE_OUTER_BOUND('',#11289,.F.);
#11291=ADVANCED_FACE('',(#11290),#11282,.F.);
#11292=FILL_AREA_STYLE_COLOUR('',#37);
#11293=FILL_AREA_STYLE('',(#11292));
#11294=SURFACE_STYLE_FILL_AREA(#11293);
#11295=SURFACE_SIDE_STYLE('',(#11294));
#11296=SURFACE_STYLE_USAGE(.POSITIVE.,#11295);
#11297=PRESENTATION_STYLE_ASSIGNMENT((#11296));
#11298=STYLED_ITEM('',(#11297),#11291);
#11299=CARTESIAN_POINT('',(1.2775E0,-1.25E0,5.E-1));
#11300=DIRECTION('',(0.E0,0.E0,-1.E0));
#11301=DIRECTION('',(0.E0,-1.E0,0.E0));
#11302=AXIS2_PLACEMENT_3D('',#11299,#11300,#11301);
#11303=PLANE('',#11302);
#11304=ORIENTED_EDGE('',*,*,#11283,.T.);
#11305=ORIENTED_EDGE('',*,*,#11219,.T.);
#11307=ORIENTED_EDGE('',*,*,#11306,.T.);
#11309=ORIENTED_EDGE('',*,*,#11308,.F.);
#11310=EDGE_LOOP('',(#11304,#11305,#11307,#11309));
#11311=FACE_OUTER_BOUND('',#11310,.F.);
#11312=ADVANCED_FACE('',(#11311),#11303,.T.);
#11313=FILL_AREA_STYLE_COLOUR('',#37);
#11314=FILL_AREA_STYLE('',(#11313));
#11315=SURFACE_STYLE_FILL_AREA(#11314);
#11316=SURFACE_SIDE_STYLE('',(#11315));
#11317=SURFACE_STYLE_USAGE(.POSITIVE.,#11316);
#11318=PRESENTATION_STYLE_ASSIGNMENT((#11317));
#11319=STYLED_ITEM('',(#11318),#11312);
#11320=CARTESIAN_POINT('',(-8.135418890132E-1,5.23044E0,4.E-1));
#11321=DIRECTION('',(0.E0,-1.E0,0.E0));
#11322=DIRECTION('',(0.E0,0.E0,1.E0));
#11323=AXIS2_PLACEMENT_3D('',#11320,#11321,#11322);
#11324=CYLINDRICAL_SURFACE('',#11323,1.E-1);
#11325=ORIENTED_EDGE('',*,*,#11306,.F.);
#11326=ORIENTED_EDGE('',*,*,#11217,.T.);
#11328=ORIENTED_EDGE('',*,*,#11327,.T.);
#11330=ORIENTED_EDGE('',*,*,#11329,.T.);
#11331=EDGE_LOOP('',(#11325,#11326,#11328,#11330));
#11332=FACE_OUTER_BOUND('',#11331,.F.);
#11333=ADVANCED_FACE('',(#11332),#11324,.F.);
#11334=FILL_AREA_STYLE_COLOUR('',#37);
#11335=FILL_AREA_STYLE('',(#11334));
#11336=SURFACE_STYLE_FILL_AREA(#11335);
#11337=SURFACE_SIDE_STYLE('',(#11336));
#11338=SURFACE_STYLE_USAGE(.POSITIVE.,#11337);
#11339=PRESENTATION_STYLE_ASSIGNMENT((#11338));
#11340=STYLED_ITEM('',(#11339),#11333);
#11341=CARTESIAN_POINT('',(-9.135418890132E-1,-1.25E0,5.E-1));
#11342=DIRECTION('',(1.E0,0.E0,0.E0));
#11343=DIRECTION('',(0.E0,-1.E0,0.E0));
#11344=AXIS2_PLACEMENT_3D('',#11341,#11342,#11343);
#11345=PLANE('',#11344);
#11347=ORIENTED_EDGE('',*,*,#11346,.T.);
#11349=ORIENTED_EDGE('',*,*,#11348,.F.);
#11350=ORIENTED_EDGE('',*,*,#11327,.F.);
#11351=ORIENTED_EDGE('',*,*,#11215,.T.);
#11352=EDGE_LOOP('',(#11347,#11349,#11350,#11351));
#11353=FACE_OUTER_BOUND('',#11352,.F.);
#11354=ADVANCED_FACE('',(#11353),#11345,.T.);
#11355=FILL_AREA_STYLE_COLOUR('',#37);
#11356=FILL_AREA_STYLE('',(#11355));
#11357=SURFACE_STYLE_FILL_AREA(#11356);
#11358=SURFACE_SIDE_STYLE('',(#11357));
#11359=SURFACE_STYLE_USAGE(.POSITIVE.,#11358);
#11360=PRESENTATION_STYLE_ASSIGNMENT((#11359));
#11361=STYLED_ITEM('',(#11360),#11354);
#11362=CARTESIAN_POINT('',(-1.013541889013E0,5.23044E0,2.E-1));
#11363=DIRECTION('',(0.E0,-1.E0,0.E0));
#11364=DIRECTION('',(0.E0,0.E0,-1.E0));
#11365=AXIS2_PLACEMENT_3D('',#11362,#11363,#11364);
#11366=CYLINDRICAL_SURFACE('',#11365,1.E-1);
#11368=ORIENTED_EDGE('',*,*,#11367,.T.);
#11369=ORIENTED_EDGE('',*,*,#11346,.F.);
#11370=ORIENTED_EDGE('',*,*,#11213,.T.);
#11372=ORIENTED_EDGE('',*,*,#11371,.T.);
#11373=EDGE_LOOP('',(#11368,#11369,#11370,#11372));
#11374=FACE_OUTER_BOUND('',#11373,.F.);
#11375=ADVANCED_FACE('',(#11374),#11366,.T.);
#11376=FILL_AREA_STYLE_COLOUR('',#37);
#11377=FILL_AREA_STYLE('',(#11376));
#11378=SURFACE_STYLE_FILL_AREA(#11377);
#11379=SURFACE_SIDE_STYLE('',(#11378));
#11380=SURFACE_STYLE_USAGE(.POSITIVE.,#11379);
#11381=PRESENTATION_STYLE_ASSIGNMENT((#11380));
#11382=STYLED_ITEM('',(#11381),#11375);
#11383=CARTESIAN_POINT('',(1.2775E0,-1.45E0,5.E-1));
#11384=DIRECTION('',(0.E0,-1.E0,0.E0));
#11385=DIRECTION('',(0.E0,0.E0,1.E0));
#11386=AXIS2_PLACEMENT_3D('',#11383,#11384,#11385);
#11387=PLANE('',#11386);
#11388=ORIENTED_EDGE('',*,*,#11137,.T.);
#11389=ORIENTED_EDGE('',*,*,#11164,.T.);
#11391=ORIENTED_EDGE('',*,*,#11390,.F.);
#11393=ORIENTED_EDGE('',*,*,#11392,.F.);
#11394=ORIENTED_EDGE('',*,*,#11243,.F.);
#11395=ORIENTED_EDGE('',*,*,#11266,.F.);
#11396=ORIENTED_EDGE('',*,*,#11285,.F.);
#11397=ORIENTED_EDGE('',*,*,#11308,.T.);
#11398=ORIENTED_EDGE('',*,*,#11329,.F.);
#11399=ORIENTED_EDGE('',*,*,#11348,.T.);
#11400=ORIENTED_EDGE('',*,*,#11367,.F.);
#11402=ORIENTED_EDGE('',*,*,#11401,.T.);
#11404=ORIENTED_EDGE('',*,*,#11403,.F.);
#11405=ORIENTED_EDGE('',*,*,#11112,.T.);
#11406=EDGE_LOOP('',(#11388,#11389,#11391,#11393,#11394,#11395,#11396,#11397,
#11398,#11399,#11400,#11402,#11404,#11405));
#11407=FACE_OUTER_BOUND('',#11406,.F.);
#11408=ADVANCED_FACE('',(#11407),#11387,.T.);
#11409=FILL_AREA_STYLE_COLOUR('',#37);
#11410=FILL_AREA_STYLE('',(#11409));
#11411=SURFACE_STYLE_FILL_AREA(#11410);
#11412=SURFACE_SIDE_STYLE('',(#11411));
#11413=SURFACE_STYLE_USAGE(.POSITIVE.,#11412);
#11414=PRESENTATION_STYLE_ASSIGNMENT((#11413));
#11415=STYLED_ITEM('',(#11414),#11408);
#11416=CARTESIAN_POINT('',(1.2775E0,-8.229E-1,1.E-1));
#11417=DIRECTION('',(0.E0,0.E0,1.E0));
#11418=DIRECTION('',(-1.E0,0.E0,0.E0));
#11419=AXIS2_PLACEMENT_3D('',#11416,#11417,#11418);
#11420=CYLINDRICAL_SURFACE('',#11419,6.271E-1);
#11421=ORIENTED_EDGE('',*,*,#11390,.T.);
#11423=ORIENTED_EDGE('',*,*,#11422,.F.);
#11425=ORIENTED_EDGE('',*,*,#11424,.T.);
#11427=ORIENTED_EDGE('',*,*,#11426,.T.);
#11429=ORIENTED_EDGE('',*,*,#11428,.F.);
#11430=EDGE_LOOP('',(#11421,#11423,#11425,#11427,#11429));
#11431=FACE_OUTER_BOUND('',#11430,.F.);
#11432=ADVANCED_FACE('',(#11431),#11420,.T.);
#11433=FILL_AREA_STYLE_COLOUR('',#37);
#11434=FILL_AREA_STYLE('',(#11433));
#11435=SURFACE_STYLE_FILL_AREA(#11434);
#11436=SURFACE_SIDE_STYLE('',(#11435));
#11437=SURFACE_STYLE_USAGE(.POSITIVE.,#11436);
#11438=PRESENTATION_STYLE_ASSIGNMENT((#11437));
#11439=STYLED_ITEM('',(#11438),#11432);
#11440=CARTESIAN_POINT('',(1.3525E0,5.230449691017E0,4.75E-1));
#11441=DIRECTION('',(0.E0,-1.E0,0.E0));
#11442=DIRECTION('',(-1.E0,0.E0,0.E0));
#11443=AXIS2_PLACEMENT_3D('',#11440,#11441,#11442);
#11444=CYLINDRICAL_SURFACE('',#11443,7.5E-2);
#11445=ORIENTED_EDGE('',*,*,#11162,.F.);
#11447=ORIENTED_EDGE('',*,*,#11446,.T.);
#11449=ORIENTED_EDGE('',*,*,#11448,.T.);
#11450=ORIENTED_EDGE('',*,*,#11422,.T.);
#11451=EDGE_LOOP('',(#11445,#11447,#11449,#11450));
#11452=FACE_OUTER_BOUND('',#11451,.F.);
#11453=ADVANCED_FACE('',(#11452),#11444,.F.);
#11454=FILL_AREA_STYLE_COLOUR('',#37);
#11455=FILL_AREA_STYLE('',(#11454));
#11456=SURFACE_STYLE_FILL_AREA(#11455);
#11457=SURFACE_SIDE_STYLE('',(#11456));
#11458=SURFACE_STYLE_USAGE(.POSITIVE.,#11457);
#11459=PRESENTATION_STYLE_ASSIGNMENT((#11458));
#11460=STYLED_ITEM('',(#11459),#11453);
#11461=CARTESIAN_POINT('',(1.2775E0,-5.731E-1,1.E-1));
#11462=DIRECTION('',(0.E0,0.E0,1.E0));
#11463=DIRECTION('',(-1.E0,0.E0,0.E0));
#11464=AXIS2_PLACEMENT_3D('',#11461,#11462,#11463);
#11465=CYLINDRICAL_SURFACE('',#11464,6.769E-1);
#11467=ORIENTED_EDGE('',*,*,#11466,.T.);
#11468=ORIENTED_EDGE('',*,*,#11446,.F.);
#11469=ORIENTED_EDGE('',*,*,#11204,.T.);
#11471=ORIENTED_EDGE('',*,*,#11470,.F.);
#11473=ORIENTED_EDGE('',*,*,#11472,.F.);
#11474=EDGE_LOOP('',(#11467,#11468,#11469,#11471,#11473));
#11475=FACE_OUTER_BOUND('',#11474,.F.);
#11476=ADVANCED_FACE('',(#11475),#11465,.F.);
#11477=FILL_AREA_STYLE_COLOUR('',#37);
#11478=FILL_AREA_STYLE('',(#11477));
#11479=SURFACE_STYLE_FILL_AREA(#11478);
#11480=SURFACE_SIDE_STYLE('',(#11479));
#11481=SURFACE_STYLE_USAGE(.POSITIVE.,#11480);
#11482=PRESENTATION_STYLE_ASSIGNMENT((#11481));
#11483=STYLED_ITEM('',(#11482),#11476);
#11484=CARTESIAN_POINT('',(-1.2775E0,0.E0,4.E-1));
#11485=DIRECTION('',(0.E0,0.E0,1.E0));
#11486=DIRECTION('',(-1.E0,0.E0,0.E0));
#11487=AXIS2_PLACEMENT_3D('',#11484,#11485,#11486);
#11488=PLANE('',#11487);
#11489=ORIENTED_EDGE('',*,*,#11448,.F.);
#11490=ORIENTED_EDGE('',*,*,#11466,.F.);
#11492=ORIENTED_EDGE('',*,*,#11491,.F.);
#11494=ORIENTED_EDGE('',*,*,#11493,.F.);
#11495=ORIENTED_EDGE('',*,*,#11424,.F.);
#11496=EDGE_LOOP('',(#11489,#11490,#11492,#11494,#11495));
#11497=FACE_OUTER_BOUND('',#11496,.F.);
#11498=ADVANCED_FACE('',(#11497),#11488,.T.);
#11499=FILL_AREA_STYLE_COLOUR('',#37);
#11500=FILL_AREA_STYLE('',(#11499));
#11501=SURFACE_STYLE_FILL_AREA(#11500);
#11502=SURFACE_SIDE_STYLE('',(#11501));
#11503=SURFACE_STYLE_USAGE(.POSITIVE.,#11502);
#11504=PRESENTATION_STYLE_ASSIGNMENT((#11503));
#11505=STYLED_ITEM('',(#11504),#11498);
#11506=CARTESIAN_POINT('',(1.647134970408E0,-1.256432714460E0,5.772036E0));
#11507=DIRECTION('',(0.E0,0.E0,-1.E0));
#11508=DIRECTION('',(-4.757819158292E-1,8.795632828682E-1,0.E0));
#11509=AXIS2_PLACEMENT_3D('',#11506,#11507,#11508);
#11510=CYLINDRICAL_SURFACE('',#11509,1.E-1);
#11511=ORIENTED_EDGE('',*,*,#11491,.T.);
#11512=ORIENTED_EDGE('',*,*,#11472,.T.);
#11514=ORIENTED_EDGE('',*,*,#11513,.T.);
#11516=ORIENTED_EDGE('',*,*,#11515,.F.);
#11517=EDGE_LOOP('',(#11511,#11512,#11514,#11516));
#11518=FACE_OUTER_BOUND('',#11517,.F.);
#11519=ADVANCED_FACE('',(#11518),#11510,.T.);
#11520=FILL_AREA_STYLE_COLOUR('',#37);
#11521=FILL_AREA_STYLE('',(#11520));
#11522=SURFACE_STYLE_FILL_AREA(#11521);
#11523=SURFACE_SIDE_STYLE('',(#11522));
#11524=SURFACE_STYLE_USAGE(.POSITIVE.,#11523);
#11525=PRESENTATION_STYLE_ASSIGNMENT((#11524));
#11526=STYLED_ITEM('',(#11525),#11519);
#11527=CARTESIAN_POINT('',(-1.2775E0,0.E0,1.E-1));
#11528=DIRECTION('',(0.E0,0.E0,1.E0));
#11529=DIRECTION('',(-1.E0,0.E0,0.E0));
#11530=AXIS2_PLACEMENT_3D('',#11527,#11528,#11529);
#11531=PLANE('',#11530);
#11532=ORIENTED_EDGE('',*,*,#11245,.F.);
#11533=ORIENTED_EDGE('',*,*,#11392,.T.);
#11534=ORIENTED_EDGE('',*,*,#11428,.T.);
#11536=ORIENTED_EDGE('',*,*,#11535,.F.);
#11537=ORIENTED_EDGE('',*,*,#11513,.F.);
#11538=ORIENTED_EDGE('',*,*,#11470,.T.);
#11539=ORIENTED_EDGE('',*,*,#11202,.T.);
#11540=EDGE_LOOP('',(#11532,#11533,#11534,#11536,#11537,#11538,#11539));
#11541=FACE_OUTER_BOUND('',#11540,.F.);
#11542=ADVANCED_FACE('',(#11541),#11531,.F.);
#11543=FILL_AREA_STYLE_COLOUR('',#37);
#11544=FILL_AREA_STYLE('',(#11543));
#11545=SURFACE_STYLE_FILL_AREA(#11544);
#11546=SURFACE_SIDE_STYLE('',(#11545));
#11547=SURFACE_STYLE_USAGE(.POSITIVE.,#11546);
#11548=PRESENTATION_STYLE_ASSIGNMENT((#11547));
#11549=STYLED_ITEM('',(#11548),#11542);
#11550=CARTESIAN_POINT('',(1.615771177727E0,-1.187154060127E0,5.772036E0));
#11551=DIRECTION('',(0.E0,0.E0,-1.E0));
#11552=DIRECTION('',(9.999999965625E-1,8.291509820274E-5,0.E0));
#11553=AXIS2_PLACEMENT_3D('',#11550,#11551,#11552);
#11554=CYLINDRICAL_SURFACE('',#11553,1.3E-1);
#11555=ORIENTED_EDGE('',*,*,#11535,.T.);
#11556=ORIENTED_EDGE('',*,*,#11426,.F.);
#11557=ORIENTED_EDGE('',*,*,#11493,.T.);
#11558=ORIENTED_EDGE('',*,*,#11515,.T.);
#11559=EDGE_LOOP('',(#11555,#11556,#11557,#11558));
#11560=FACE_OUTER_BOUND('',#11559,.F.);
#11561=ADVANCED_FACE('',(#11560),#11554,.T.);
#11562=FILL_AREA_STYLE_COLOUR('',#37);
#11563=FILL_AREA_STYLE('',(#11562));
#11564=SURFACE_STYLE_FILL_AREA(#11563);
#11565=SURFACE_SIDE_STYLE('',(#11564));
#11566=SURFACE_STYLE_USAGE(.POSITIVE.,#11565);
#11567=PRESENTATION_STYLE_ASSIGNMENT((#11566));
#11568=STYLED_ITEM('',(#11567),#11561);
#11569=CARTESIAN_POINT('',(1.2775E0,0.E0,1.E-1));
#11570=DIRECTION('',(0.E0,0.E0,-1.E0));
#11571=DIRECTION('',(1.E0,0.E0,0.E0));
#11572=AXIS2_PLACEMENT_3D('',#11569,#11570,#11571);
#11573=PLANE('',#11572);
#11574=ORIENTED_EDGE('',*,*,#11371,.F.);
#11575=ORIENTED_EDGE('',*,*,#11211,.F.);
#11577=ORIENTED_EDGE('',*,*,#11576,.F.);
#11579=ORIENTED_EDGE('',*,*,#11578,.F.);
#11581=ORIENTED_EDGE('',*,*,#11580,.F.);
#11583=ORIENTED_EDGE('',*,*,#11582,.F.);
#11584=ORIENTED_EDGE('',*,*,#11401,.F.);
#11585=EDGE_LOOP('',(#11574,#11575,#11577,#11579,#11581,#11583,#11584));
#11586=FACE_OUTER_BOUND('',#11585,.F.);
#11587=ADVANCED_FACE('',(#11586),#11573,.T.);
#11588=FILL_AREA_STYLE_COLOUR('',#37);
#11589=FILL_AREA_STYLE('',(#11588));
#11590=SURFACE_STYLE_FILL_AREA(#11589);
#11591=SURFACE_SIDE_STYLE('',(#11590));
#11592=SURFACE_STYLE_USAGE(.POSITIVE.,#11591);
#11593=PRESENTATION_STYLE_ASSIGNMENT((#11592));
#11594=STYLED_ITEM('',(#11593),#11587);
#11595=CARTESIAN_POINT('',(-1.2775E0,-5.731E-1,1.E-1));
#11596=DIRECTION('',(0.E0,0.E0,-1.E0));
#11597=DIRECTION('',(1.E0,0.E0,0.E0));
#11598=AXIS2_PLACEMENT_3D('',#11595,#11596,#11597);
#11599=CYLINDRICAL_SURFACE('',#11598,6.769E-1);
#11600=ORIENTED_EDGE('',*,*,#11209,.T.);
#11602=ORIENTED_EDGE('',*,*,#11601,.F.);
#11604=ORIENTED_EDGE('',*,*,#11603,.F.);
#11606=ORIENTED_EDGE('',*,*,#11605,.F.);
#11607=ORIENTED_EDGE('',*,*,#11576,.T.);
#11608=EDGE_LOOP('',(#11600,#11602,#11604,#11606,#11607));
#11609=FACE_OUTER_BOUND('',#11608,.F.);
#11610=ADVANCED_FACE('',(#11609),#11599,.F.);
#11611=FILL_AREA_STYLE_COLOUR('',#37);
#11612=FILL_AREA_STYLE('',(#11611));
#11613=SURFACE_STYLE_FILL_AREA(#11612);
#11614=SURFACE_SIDE_STYLE('',(#11613));
#11615=SURFACE_STYLE_USAGE(.POSITIVE.,#11614);
#11616=PRESENTATION_STYLE_ASSIGNMENT((#11615));
#11617=STYLED_ITEM('',(#11616),#11610);
#11618=CARTESIAN_POINT('',(-1.3275E0,-5.23044E0,4.5E-1));
#11619=DIRECTION('',(0.E0,1.E0,0.E0));
#11620=DIRECTION('',(1.E0,0.E0,0.E0));
#11621=AXIS2_PLACEMENT_3D('',#11618,#11619,#11620);
#11622=CYLINDRICAL_SURFACE('',#11621,5.E-2);
#11623=ORIENTED_EDGE('',*,*,#11114,.F.);
#11625=ORIENTED_EDGE('',*,*,#11624,.T.);
#11627=ORIENTED_EDGE('',*,*,#11626,.T.);
#11628=ORIENTED_EDGE('',*,*,#11601,.T.);
#11629=EDGE_LOOP('',(#11623,#11625,#11627,#11628));
#11630=FACE_OUTER_BOUND('',#11629,.F.);
#11631=ADVANCED_FACE('',(#11630),#11622,.F.);
#11632=FILL_AREA_STYLE_COLOUR('',#37);
#11633=FILL_AREA_STYLE('',(#11632));
#11634=SURFACE_STYLE_FILL_AREA(#11633);
#11635=SURFACE_SIDE_STYLE('',(#11634));
#11636=SURFACE_STYLE_USAGE(.POSITIVE.,#11635);
#11637=PRESENTATION_STYLE_ASSIGNMENT((#11636));
#11638=STYLED_ITEM('',(#11637),#11631);
#11639=CARTESIAN_POINT('',(-1.2775E0,-8.229E-1,1.E-1));
#11640=DIRECTION('',(0.E0,0.E0,-1.E0));
#11641=DIRECTION('',(1.E0,0.E0,0.E0));
#11642=AXIS2_PLACEMENT_3D('',#11639,#11640,#11641);
#11643=CYLINDRICAL_SURFACE('',#11642,6.271E-1);
#11645=ORIENTED_EDGE('',*,*,#11644,.F.);
#11646=ORIENTED_EDGE('',*,*,#11624,.F.);
#11647=ORIENTED_EDGE('',*,*,#11403,.T.);
#11648=ORIENTED_EDGE('',*,*,#11582,.T.);
#11650=ORIENTED_EDGE('',*,*,#11649,.T.);
#11651=EDGE_LOOP('',(#11645,#11646,#11647,#11648,#11650));
#11652=FACE_OUTER_BOUND('',#11651,.F.);
#11653=ADVANCED_FACE('',(#11652),#11643,.T.);
#11654=FILL_AREA_STYLE_COLOUR('',#37);
#11655=FILL_AREA_STYLE('',(#11654));
#11656=SURFACE_STYLE_FILL_AREA(#11655);
#11657=SURFACE_SIDE_STYLE('',(#11656));
#11658=SURFACE_STYLE_USAGE(.POSITIVE.,#11657);
#11659=PRESENTATION_STYLE_ASSIGNMENT((#11658));
#11660=STYLED_ITEM('',(#11659),#11653);
#11661=CARTESIAN_POINT('',(1.2775E0,0.E0,4.E-1));
#11662=DIRECTION('',(0.E0,0.E0,-1.E0));
#11663=DIRECTION('',(1.E0,0.E0,0.E0));
#11664=AXIS2_PLACEMENT_3D('',#11661,#11662,#11663);
#11665=PLANE('',#11664);
#11666=ORIENTED_EDGE('',*,*,#11626,.F.);
#11667=ORIENTED_EDGE('',*,*,#11644,.T.);
#11669=ORIENTED_EDGE('',*,*,#11668,.F.);
#11671=ORIENTED_EDGE('',*,*,#11670,.F.);
#11672=ORIENTED_EDGE('',*,*,#11603,.T.);
#11673=EDGE_LOOP('',(#11666,#11667,#11669,#11671,#11672));
#11674=FACE_OUTER_BOUND('',#11673,.F.);
#11675=ADVANCED_FACE('',(#11674),#11665,.F.);
#11676=FILL_AREA_STYLE_COLOUR('',#37);
#11677=FILL_AREA_STYLE('',(#11676));
#11678=SURFACE_STYLE_FILL_AREA(#11677);
#11679=SURFACE_SIDE_STYLE('',(#11678));
#11680=SURFACE_STYLE_USAGE(.POSITIVE.,#11679);
#11681=PRESENTATION_STYLE_ASSIGNMENT((#11680));
#11682=STYLED_ITEM('',(#11681),#11675);
#11683=CARTESIAN_POINT('',(-1.615771177727E0,-1.187154060127E0,-3.282036E0));
#11684=DIRECTION('',(0.E0,0.E0,1.E0));
#11685=DIRECTION('',(-9.999999965625E-1,8.291509820274E-5,0.E0));
#11686=AXIS2_PLACEMENT_3D('',#11683,#11684,#11685);
#11687=CYLINDRICAL_SURFACE('',#11686,1.3E-1);
#11688=ORIENTED_EDGE('',*,*,#11668,.T.);
#11689=ORIENTED_EDGE('',*,*,#11649,.F.);
#11690=ORIENTED_EDGE('',*,*,#11580,.T.);
#11692=ORIENTED_EDGE('',*,*,#11691,.T.);
#11693=EDGE_LOOP('',(#11688,#11689,#11690,#11692));
#11694=FACE_OUTER_BOUND('',#11693,.F.);
#11695=ADVANCED_FACE('',(#11694),#11687,.T.);
#11696=FILL_AREA_STYLE_COLOUR('',#37);
#11697=FILL_AREA_STYLE('',(#11696));
#11698=SURFACE_STYLE_FILL_AREA(#11697);
#11699=SURFACE_SIDE_STYLE('',(#11698));
#11700=SURFACE_STYLE_USAGE(.POSITIVE.,#11699);
#11701=PRESENTATION_STYLE_ASSIGNMENT((#11700));
#11702=STYLED_ITEM('',(#11701),#11695);
#11703=CARTESIAN_POINT('',(-1.647134970408E0,-1.256432714460E0,-3.282036E0));
#11704=DIRECTION('',(0.E0,0.E0,1.E0));
#11705=DIRECTION('',(4.757819158292E-1,8.795632828682E-1,0.E0));
#11706=AXIS2_PLACEMENT_3D('',#11703,#11704,#11705);
#11707=CYLINDRICAL_SURFACE('',#11706,1.E-1);
#11708=ORIENTED_EDGE('',*,*,#11578,.T.);
#11709=ORIENTED_EDGE('',*,*,#11605,.T.);
#11710=ORIENTED_EDGE('',*,*,#11670,.T.);
#11711=ORIENTED_EDGE('',*,*,#11691,.F.);
#11712=EDGE_LOOP('',(#11708,#11709,#11710,#11711));
#11713=FACE_OUTER_BOUND('',#11712,.F.);
#11714=ADVANCED_FACE('',(#11713),#11707,.T.);
#11715=FILL_AREA_STYLE_COLOUR('',#37);
#11716=FILL_AREA_STYLE('',(#11715));
#11717=SURFACE_STYLE_FILL_AREA(#11716);
#11718=SURFACE_SIDE_STYLE('',(#11717));
#11719=SURFACE_STYLE_USAGE(.POSITIVE.,#11718);
#11720=PRESENTATION_STYLE_ASSIGNMENT((#11719));
#11721=STYLED_ITEM('',(#11720),#11714);
#11722=CLOSED_SHELL('',(#4810,#4832,#4852,#4951,#4972,#4993,#5013,#5033,#5054,
#5074,#5094,#5114,#5135,#5155,#5175,#5195,#5215,#5245,#5266,#5296,#5320,#5341,
#5362,#5393,#5412,#5485,#5507,#5529,#5547,#5567,#5586,#5616,#5637,#5666,#5690,
#5711,#5732,#5752,#5780,#5801,#5845,#5867,#5888,#5917,#5944,#5970,#6000,#6250,
#6289,#6310,#6340,#6377,#6406,#6457,#6479,#6500,#6533,#6554,#6574,#6594,#6616,
#6635,#6656,#6677,#6698,#6717,#6737,#6757,#6776,#6796,#6815,#6835,#6854,#6874,
#6893,#6914,#6935,#6976,#6995,#7016,#7037,#7063,#7089,#7113,#7139,#7163,#7183,
#7203,#7222,#7241,#7263,#7284,#7304,#7324,#7343,#7363,#7383,#7402,#7426,#7446,
#7465,#7485,#7504,#7526,#7546,#7566,#7586,#7606,#7625,#7645,#7665,#7684,#7709,
#7734,#7754,#7767,#7787,#7806,#7826,#7846,#7866,#7885,#7897,#7919,#7940,#7961,
#7982,#8003,#8023,#8044,#8139,#8178,#8247,#8286,#8307,#8327,#8347,#8367,#8387,
#8407,#8427,#8447,#8467,#8487,#8507,#8527,#8547,#8567,#8587,#8607,#8627,#8647,
#8667,#8687,#8707,#8727,#8747,#8767,#8787,#8807,#8827,#8847,#8867,#8887,#8907,
#8927,#8947,#8967,#8987,#9007,#9027,#9047,#9067,#9086,#9107,#9127,#9147,#9167,
#9187,#9207,#9227,#9247,#9267,#9287,#9307,#9326,#9347,#9367,#9387,#9407,#9427,
#9447,#9467,#9487,#9507,#9527,#9547,#9567,#9587,#9606,#9627,#9647,#9667,#9687,
#9707,#9727,#9747,#9767,#9787,#9807,#9827,#9846,#9867,#9887,#9907,#9927,#9947,
#9967,#9987,#10006,#10027,#10047,#10066,#10086,#10105,#10124,#10144,#10164,
#10184,#10203,#10223,#10243,#10263,#10282,#10301,#10321,#10341,#10361,#10380,
#10400,#10420,#10440,#10460,#10485,#10506,#10531,#10550,#10590,#10612,#10651,
#10675,#10696,#10719,#10741,#10762,#10786,#10806,#10826,#10846,#10866,#10886,
#10905,#10924,#10950,#10973,#10994,#11016,#11038,#11058,#11077,#11097,#11122,
#11143,#11168,#11187,#11227,#11249,#11270,#11291,#11312,#11333,#11354,#11375,
#11408,#11432,#11453,#11476,#11498,#11519,#11542,#11561,#11587,#11610,#11631,
#11653,#11675,#11695,#11714));
#11723=MANIFOLD_SOLID_BREP('',#11722);
#11725=DIMENSIONAL_EXPONENTS(0.E0,0.E0,0.E0,0.E0,0.E0,0.E0,0.E0);
#11727=PLANE_ANGLE_MEASURE_WITH_UNIT(PLANE_ANGLE_MEASURE(1.745329251994E-2),
#11726);
#11728=(CONVERSION_BASED_UNIT('DEGREE',#11727)NAMED_UNIT(*)PLANE_ANGLE_UNIT());
#11730=UNCERTAINTY_MEASURE_WITH_UNIT(LENGTH_MEASURE(6.301350753840E-4),#11724,
'closure',
'Maximum model space distance between geometric entities at asserted connectivities');
#11731=(GEOMETRIC_REPRESENTATION_CONTEXT(3)GLOBAL_UNCERTAINTY_ASSIGNED_CONTEXT((
#11730))GLOBAL_UNIT_ASSIGNED_CONTEXT((#11724,#11728,#11729))REPRESENTATION_CONTEXT('ID1','3'));
#11733=MECHANICAL_DESIGN_GEOMETRIC_PRESENTATION_REPRESENTATION('',(#4817,#4839,
#4859,#4958,#4979,#5000,#5020,#5040,#5061,#5081,#5101,#5121,#5142,#5162,#5182,
#5202,#5222,#5252,#5273,#5303,#5327,#5348,#5369,#5400,#5419,#5492,#5514,#5536,
#5554,#5574,#5593,#5623,#5644,#5673,#5697,#5718,#5739,#5759,#5787,#5808,#5852,
#5874,#5895,#5924,#5951,#5977,#6007,#6257,#6296,#6317,#6347,#6384,#6413,#6464,
#6486,#6507,#6540,#6561,#6581,#6601,#6623,#6642,#6663,#6684,#6705,#6724,#6744,
#6764,#6783,#6803,#6822,#6842,#6861,#6881,#6900,#6921,#6942,#6983,#7002,#7023,
#7044,#7070,#7096,#7120,#7146,#7170,#7190,#7210,#7229,#7248,#7270,#7291,#7311,
#7331,#7350,#7370,#7390,#7409,#7433,#7453,#7472,#7492,#7511,#7533,#7553,#7573,
#7593,#7613,#7632,#7652,#7672,#7691,#7716,#7741,#7774,#7794,#7813,#7833,#7853,
#7873,#7904,#7926,#7947,#7968,#7989,#8010,#8030,#8051,#8146,#8185,#8254,#8293,
#8314,#8334,#8354,#8374,#8394,#8414,#8434,#8454,#8474,#8494,#8514,#8534,#8554,
#8574,#8594,#8614,#8634,#8654,#8674,#8694,#8714,#8734,#8754,#8774,#8794,#8814,
#8834,#8854,#8874,#8894,#8914,#8934,#8954,#8974,#8994,#9014,#9034,#9054,#9074,
#9093,#9114,#9134,#9154,#9174,#9194,#9214,#9234,#9254,#9274,#9294,#9314,#9333,
#9354,#9374,#9394,#9414,#9434,#9454,#9474,#9494,#9514,#9534,#9554,#9574,#9594,
#9613,#9634,#9654,#9674,#9694,#9714,#9734,#9754,#9774,#9794,#9814,#9834,#9853,
#9874,#9894,#9914,#9934,#9954,#9974,#9994,#10013,#10034,#10054,#10073,#10093,
#10112,#10131,#10151,#10171,#10191,#10210,#10230,#10250,#10270,#10289,#10308,
#10328,#10348,#10368,#10387,#10407,#10427,#10447,#10467,#10492,#10513,#10538,
#10557,#10597,#10619,#10658,#10682,#10703,#10726,#10748,#10769,#10793,#10813,
#10833,#10853,#10873,#10893,#10912,#10931,#10957,#10980,#11001,#11023,#11045,
#11065,#11084,#11104,#11129,#11150,#11175,#11194,#11234,#11256,#11277,#11298,
#11319,#11340,#11361,#11382,#11415,#11439,#11460,#11483,#11505,#11526,#11549,
#11568,#11594,#11617,#11638,#11660,#11682,#11702,#11721),#11731);
#11734=APPLICATION_CONTEXT(
'CONFIGURATION CONTROLLED 3D DESIGNS OF MECHANICAL PARTS AND ASSEMBLIES');
#11735=APPLICATION_PROTOCOL_DEFINITION('international standard',
'ccd_cla_gvp_ast_asd',1995,#11734);
#11736=DESIGN_CONTEXT('',#11734,'design');
#11737=MECHANICAL_CONTEXT('',#11734,'mechanical');
#11738=PRODUCT('66','66','NOT SPECIFIED',(#11737));
#11739=PRODUCT_DEFINITION_FORMATION_WITH_SPECIFIED_SOURCE('1','LAST_VERSION',
#11738,.MADE.);
#11747=DERIVED_UNIT_ELEMENT(#11746,2.E0);
#11748=DERIVED_UNIT((#11747));
#11749=MEASURE_REPRESENTATION_ITEM('surface area measure',AREA_MEASURE(
8.529436607137E1),#11748);
#11754=DERIVED_UNIT_ELEMENT(#11753,3.E0);
#11755=DERIVED_UNIT((#11754));
#11756=MEASURE_REPRESENTATION_ITEM('volume measure',VOLUME_MEASURE(
1.811928280040E1),#11755);
#11760=CARTESIAN_POINT('centre point',(6.729835757939E-5,-3.506352600847E-4,
9.085737264815E-1));
#11765=DERIVED_UNIT_ELEMENT(#11764,2.E0);
#11766=DERIVED_UNIT((#11765));
#11767=MEASURE_REPRESENTATION_ITEM('surface area measure',AREA_MEASURE(
8.529436607137E1),#11766);
#11772=DERIVED_UNIT_ELEMENT(#11771,3.E0);
#11773=DERIVED_UNIT((#11772));
#11774=MEASURE_REPRESENTATION_ITEM('volume measure',VOLUME_MEASURE(
1.811928280040E1),#11773);
#11778=CARTESIAN_POINT('centre point',(6.729835757939E-5,-3.506352600847E-4,
9.085737264815E-1));
#11783=PRODUCT_CATEGORY('part','');
#11784=PRODUCT_RELATED_PRODUCT_CATEGORY('detail','',(#11738));
#11785=PRODUCT_CATEGORY_RELATIONSHIP('','',#11783,#11784);
#11786=SECURITY_CLASSIFICATION_LEVEL('unclassified');
#11787=SECURITY_CLASSIFICATION('','',#11786);
#11788=CC_DESIGN_SECURITY_CLASSIFICATION(#11787,(#11739));
#11789=APPROVAL_STATUS('approved');
#11790=APPROVAL(#11789,'');
#11791=CC_DESIGN_APPROVAL(#11790,(#11787,#11739,#11740));
#11792=CALENDAR_DATE(121,7,9);
#11793=COORDINATED_UNIVERSAL_TIME_OFFSET(8,0,.AHEAD.);
#11794=LOCAL_TIME(21,25,1.8E1,#11793);
#11795=DATE_AND_TIME(#11792,#11794);
#11796=APPROVAL_DATE_TIME(#11795,#11790);
#11797=DATE_TIME_ROLE('creation_date');
#11798=CC_DESIGN_DATE_AND_TIME_ASSIGNMENT(#11795,#11797,(#11740));
#11799=DATE_TIME_ROLE('classification_date');
#11800=CC_DESIGN_DATE_AND_TIME_ASSIGNMENT(#11795,#11799,(#11787));
#11801=PERSON('UNSPECIFIED','UNSPECIFIED',$,$,$,$);
#11802=ORGANIZATION('UNSPECIFIED','UNSPECIFIED','UNSPECIFIED');
#11803=PERSON_AND_ORGANIZATION(#11801,#11802);
#11804=APPROVAL_ROLE('approver');
#11805=APPROVAL_PERSON_ORGANIZATION(#11803,#11790,#11804);
#11806=PERSON_AND_ORGANIZATION_ROLE('creator');
#11807=CC_DESIGN_PERSON_AND_ORGANIZATION_ASSIGNMENT(#11803,#11806,(#11739,
#11740));
#11808=PERSON_AND_ORGANIZATION_ROLE('design_supplier');
#11809=CC_DESIGN_PERSON_AND_ORGANIZATION_ASSIGNMENT(#11803,#11808,(#11739));
#11810=PERSON_AND_ORGANIZATION_ROLE('classification_officer');
#11811=CC_DESIGN_PERSON_AND_ORGANIZATION_ASSIGNMENT(#11803,#11810,(#11787));
#11812=PERSON_AND_ORGANIZATION_ROLE('design_owner');
#11813=CC_DESIGN_PERSON_AND_ORGANIZATION_ASSIGNMENT(#11803,#11812,(#11738));
#1=DRAUGHTING_PRE_DEFINED_COLOUR('green');
#2=COLOUR_RGB('',1.1E-2,1.2E-2,1.E0);
#3=COLOUR_RGB('',2.15686E-1,5.18041E-1,1.E0);
#4=COLOUR_RGB('',2.36993E-1,1.E0,6.49617E-1);
#5=COLOUR_RGB('',2.57282E-1,2.57282E-1,2.57282E-1);
#6=COLOUR_RGB('',2.57282E-1,2.57282E-1,2.57282E-1);
#7=COLOUR_RGB('',2.57282E-1,2.57282E-1,2.57282E-1);
#8=COLOUR_RGB('',2.57282E-1,2.57282E-1,2.57282E-1);
#9=COLOUR_RGB('',2.57282E-1,2.57282E-1,2.57282E-1);
#10=COLOUR_RGB('',2.57282E-1,2.57282E-1,2.57282E-1);
#11=COLOUR_RGB('',2.57282E-1,2.57282E-1,2.57282E-1);
#12=COLOUR_RGB('',2.57282E-1,2.57282E-1,2.57282E-1);
#13=COLOUR_RGB('',2.57282E-1,2.57282E-1,2.57282E-1);
#14=COLOUR_RGB('',2.57282E-1,2.57282E-1,2.57282E-1);
#15=COLOUR_RGB('',2.57282E-1,2.57282E-1,2.57282E-1);
#16=COLOUR_RGB('',2.57282E-1,2.57282E-1,2.57282E-1);
#17=COLOUR_RGB('',2.57282E-1,2.57282E-1,2.57282E-1);
#18=COLOUR_RGB('',2.60765E-1,3.42788E-1,8.64078E-1);
#19=COLOUR_RGB('',2.69953E-1,7.31256E-1,1.E0);
#20=COLOUR_RGB('',3.34677E-1,8.15534E-1,4.38691E-1);
#21=COLOUR_RGB('',3.43194E-1,8.15534E-1,5.48197E-1);
#22=COLOUR_RGB('',4.1E-1,2.61589E-1,1.12848E-1);
#23=COLOUR_RGB('',4.46095E-1,1.E0,3.94692E-1);
#24=COLOUR_RGB('',4.51243E-1,1.E0,6.21554E-1);
#25=COLOUR_RGB('',5.45098E-1,2.62745E-1,1.76471E-1);
#26=COLOUR_RGB('',6.31068E-1,5.73064E-1,5.17491E-1);
#27=COLOUR_RGB('',6.35294E-1,6.86275E-1,7.4902E-1);
#28=COLOUR_RGB('',6.40777E-1,6.40777E-1,6.40777E-1);
#29=COLOUR_RGB('',6.69062E-1,6.69903E-1,6.55217E-1);
#30=COLOUR_RGB('',6.86275E-1,4.07471E-1,2.42725E-1);
#31=COLOUR_RGB('',6.86275E-1,5.35447E-1,4.36243E-1);
#32=COLOUR_RGB('',6.8932E-1,1.934E-1,1.61111E-1);
#33=COLOUR_RGB('',6.94175E-1,1.01459E-1,1.27464E-1);
#34=COLOUR_RGB('',7.82797E-1,8.00971E-1,7.18987E-1);
#35=COLOUR_RGB('',7.96078E-1,8.1E-1,9.41176E-1);
#36=COLOUR_RGB('',8.03922E-1,4.98039E-1,1.96078E-1);
#37=COLOUR_RGB('',8.15534E-1,8.15534E-1,8.15534E-1);
#38=COLOUR_RGB('',8.5098E-1,8.07843E-1,7.37255E-1);
#39=COLOUR_RGB('',8.5098E-1,8.07843E-1,7.7E-1);
#40=COLOUR_RGB('',8.73786E-1,8.73278E-1,7.54776E-1);
#41=COLOUR_RGB('',8.83495E-1,8.E-1,7.4E-1);
#42=COLOUR_RGB('',8.82353E-1,8.82353E-1,8.82353E-1);
#43=COLOUR_RGB('',8.8835E-1,7.49609E-1,6.19346E-1);
#44=COLOUR_RGB('',1.E0,2.99729E-1,5.3274E-2);
#45=COLOUR_RGB('',1.E0,6.48135E-1,4.66429E-1);
#46=DRAUGHTING_PRE_DEFINED_COLOUR('yellow');
#47=COLOUR_RGB('',1.E0,1.E0,5.3E-1);
#48=DRAUGHTING_PRE_DEFINED_COLOUR('white');
#53=CIRCLE('',#52,9.E-1);
#58=CIRCLE('',#57,9.E-1);
#63=CIRCLE('',#62,1.E-1);
#88=CIRCLE('',#87,1.E-1);
#129=CIRCLE('',#128,1.E-1);
#154=CIRCLE('',#153,1.E-1);
#203=CIRCLE('',#202,9.E-1);
#208=CIRCLE('',#207,9.E-1);
#213=CIRCLE('',#212,1.E-1);
#254=CIRCLE('',#253,1.E-1);
#271=CIRCLE('',#270,1.E-1);
#312=CIRCLE('',#311,1.E-1);
#381=CIRCLE('',#380,1.3E-1);
#386=CIRCLE('',#385,1.3E-1);
#399=CIRCLE('',#398,1.3E-1);
#404=CIRCLE('',#403,1.3E-1);
#409=CIRCLE('',#408,1.E-1);
#430=CIRCLE('',#429,1.E-1);
#455=CIRCLE('',#454,1.E-1);
#460=CIRCLE('',#459,1.E-1);
#465=CIRCLE('',#464,1.E-1);
#506=CIRCLE('',#505,1.E-1);
#511=CIRCLE('',#510,8.5E-1);
#516=CIRCLE('',#515,8.5E-1);
#633=CIRCLE('',#632,8.5E-1);
#642=CIRCLE('',#641,1.5E-1);
#647=CIRCLE('',#646,7.E-1);
#652=CIRCLE('',#651,7.E-1);
#657=CIRCLE('',#656,1.5E-1);
#662=CIRCLE('',#661,8.5E-1);
#671=CIRCLE('',#670,1.E-1);
#692=CIRCLE('',#691,1.E-1);
#717=CIRCLE('',#716,1.E-1);
#722=CIRCLE('',#721,1.E-1);
#727=CIRCLE('',#726,1.E-1);
#744=CIRCLE('',#743,1.E-1);
#905=CIRCLE('',#904,3.5E-1);
#914=CIRCLE('',#913,3.5E-1);
#939=CIRCLE('',#938,8.45E-1);
#956=CIRCLE('',#955,8.45E-1);
#1005=CIRCLE('',#1004,8.45E-1);
#1022=CIRCLE('',#1021,8.45E-1);
#1487=CIRCLE('',#1486,3.5E-1);
#1528=CIRCLE('',#1527,3.5E-1);
#1617=CIRCLE('',#1616,3.5E-1);
#1630=CIRCLE('',#1629,3.5E-1);
#1647=CIRCLE('',#1646,3.5E-1);
#1668=CIRCLE('',#1667,3.5E-1);
#1781=CIRCLE('',#1780,8.45E-1);
#1806=CIRCLE('',#1805,8.45E-1);
#1823=CIRCLE('',#1822,8.45E-1);
#1832=CIRCLE('',#1831,8.45E-1);
#2801=CIRCLE('',#2800,1.3E-1);
#2806=CIRCLE('',#2805,1.3E-1);
#2819=CIRCLE('',#2818,1.3E-1);
#2824=CIRCLE('',#2823,1.3E-1);
#2833=CIRCLE('',#2832,1.3E-1);
#2838=CIRCLE('',#2837,1.3E-1);
#2851=CIRCLE('',#2850,1.3E-1);
#2856=CIRCLE('',#2855,1.3E-1);
#2865=CIRCLE('',#2864,1.3E-1);
#2870=CIRCLE('',#2869,1.3E-1);
#2883=CIRCLE('',#2882,1.3E-1);
#2888=CIRCLE('',#2887,1.3E-1);
#2913=CIRCLE('',#2912,5.E-2);
#2918=CIRCLE('',#2917,5.E-2);
#2923=CIRCLE('',#2922,1.E-1);
#2936=CIRCLE('',#2935,1.E-1);
#2949=CIRCLE('',#2948,5.E-2);
#2954=CIRCLE('',#2953,5.E-2);
#2959=CIRCLE('',#2958,1.E-1);
#2964=CIRCLE('',#2963,1.E-1);
#2985=CIRCLE('',#2984,1.E-1);
#3002=CIRCLE('',#3001,1.E-1);
#3023=B_SPLINE_CURVE_WITH_KNOTS('',3,(#3015,#3016,#3017,#3018,#3019,#3020,#3021,
#3022),.UNSPECIFIED.,.F.,.F.,(4,1,1,1,1,4),(0.E0,2.E-1,4.E-1,6.E-1,8.E-1,1.E0),
.UNSPECIFIED.);
#3032=B_SPLINE_CURVE_WITH_KNOTS('',3,(#3024,#3025,#3026,#3027,#3028,#3029,#3030,
#3031),.UNSPECIFIED.,.F.,.F.,(4,1,1,1,1,4),(0.E0,2.E-1,4.E-1,6.E-1,8.E-1,1.E0),
.UNSPECIFIED.);
#3049=CIRCLE('',#3048,6.769E-1);
#3054=CIRCLE('',#3053,1.E-1);
#3059=CIRCLE('',#3058,1.3E-1);
#3064=CIRCLE('',#3063,6.271E-1);
#3081=CIRCLE('',#3080,6.271E-1);
#3086=CIRCLE('',#3085,1.3E-1);
#3091=CIRCLE('',#3090,1.E-1);
#3096=CIRCLE('',#3095,6.769E-1);
#3117=CIRCLE('',#3116,1.E-1);
#3122=CIRCLE('',#3121,1.E-1);
#3139=CIRCLE('',#3138,1.E-1);
#3144=CIRCLE('',#3143,1.E-1);
#3169=CIRCLE('',#3168,6.769E-1);
#3174=CIRCLE('',#3173,1.E-1);
#3179=CIRCLE('',#3178,1.3E-1);
#3184=CIRCLE('',#3183,6.271E-1);
#3206=B_SPLINE_CURVE_WITH_KNOTS('',3,(#3197,#3198,#3199,#3200,#3201,#3202,#3203,
#3204,#3205),.UNSPECIFIED.,.F.,.F.,(4,1,1,1,1,1,4),(0.E0,1.666666666667E-1,
3.333333333333E-1,5.E-1,6.666666666667E-1,8.333333333333E-1,1.E0),
.UNSPECIFIED.);
#3216=B_SPLINE_CURVE_WITH_KNOTS('',3,(#3207,#3208,#3209,#3210,#3211,#3212,#3213,
#3214,#3215),.UNSPECIFIED.,.F.,.F.,(4,1,1,1,1,1,4),(0.E0,1.666666666667E-1,
3.333333333333E-1,5.E-1,6.666666666667E-1,8.333333333333E-1,1.E0),
.UNSPECIFIED.);
#3233=CIRCLE('',#3232,6.271E-1);
#3238=CIRCLE('',#3237,1.3E-1);
#3243=CIRCLE('',#3242,1.E-1);
#3248=CIRCLE('',#3247,6.769E-1);
#3257=CIRCLE('',#3256,5.E-2);
#3262=CIRCLE('',#3261,5.E-2);
#3267=CIRCLE('',#3266,1.E-1);
#3280=CIRCLE('',#3279,1.E-1);
#3293=CIRCLE('',#3292,5.E-2);
#3298=CIRCLE('',#3297,5.E-2);
#3303=CIRCLE('',#3302,1.E-1);
#3316=CIRCLE('',#3315,1.E-1);
#3333=CIRCLE('',#3332,1.E-1);
#3338=CIRCLE('',#3337,1.E-1);
#3355=CIRCLE('',#3354,1.E-1);
#3360=CIRCLE('',#3359,1.E-1);
#3385=CIRCLE('',#3384,1.E-1);
#3402=CIRCLE('',#3401,1.E-1);
#3424=B_SPLINE_CURVE_WITH_KNOTS('',3,(#3415,#3416,#3417,#3418,#3419,#3420,#3421,
#3422,#3423),.UNSPECIFIED.,.F.,.F.,(4,1,1,1,1,1,4),(0.E0,1.666666666667E-1,
3.333333333333E-1,5.E-1,6.666666666667E-1,8.333333333333E-1,1.E0),
.UNSPECIFIED.);
#3434=B_SPLINE_CURVE_WITH_KNOTS('',3,(#3425,#3426,#3427,#3428,#3429,#3430,#3431,
#3432,#3433),.UNSPECIFIED.,.F.,.F.,(4,1,1,1,1,1,4),(0.E0,1.666666666667E-1,
3.333333333333E-1,5.E-1,6.666666666667E-1,8.333333333333E-1,1.E0),
.UNSPECIFIED.);
#3451=CIRCLE('',#3450,6.769E-1);
#3456=CIRCLE('',#3455,1.E-1);
#3461=CIRCLE('',#3460,1.3E-1);
#3466=CIRCLE('',#3465,6.271E-1);
#3483=CIRCLE('',#3482,6.271E-1);
#3488=CIRCLE('',#3487,1.3E-1);
#3493=CIRCLE('',#3492,1.E-1);
#3498=CIRCLE('',#3497,6.769E-1);
#3515=CIRCLE('',#3514,6.769E-1);
#3520=CIRCLE('',#3519,1.E-1);
#3525=CIRCLE('',#3524,1.3E-1);
#3530=CIRCLE('',#3529,6.271E-1);
#3551=B_SPLINE_CURVE_WITH_KNOTS('',3,(#3543,#3544,#3545,#3546,#3547,#3548,#3549,
#3550),.UNSPECIFIED.,.F.,.F.,(4,1,1,1,1,4),(0.E0,2.E-1,4.E-1,6.E-1,8.E-1,1.E0),
.UNSPECIFIED.);
#3560=B_SPLINE_CURVE_WITH_KNOTS('',3,(#3552,#3553,#3554,#3555,#3556,#3557,#3558,
#3559),.UNSPECIFIED.,.F.,.F.,(4,1,1,1,1,4),(0.E0,2.E-1,4.E-1,6.E-1,8.E-1,1.E0),
.UNSPECIFIED.);
#3577=CIRCLE('',#3576,6.271E-1);
#3582=CIRCLE('',#3581,1.3E-1);
#3587=CIRCLE('',#3586,1.E-1);
#3592=CIRCLE('',#3591,6.769E-1);
#4714=EDGE_CURVE('',#4199,#4200,#63,.T.);
#4716=EDGE_CURVE('',#4199,#4188,#67,.T.);
#4718=EDGE_CURVE('',#4194,#4188,#2913,.T.);
#4720=EDGE_CURVE('',#4194,#4103,#71,.T.);
#4722=EDGE_CURVE('',#4103,#4104,#75,.T.);
#4724=EDGE_CURVE('',#4104,#4196,#79,.T.);
#4726=EDGE_CURVE('',#4191,#4196,#2954,.T.);
#4728=EDGE_CURVE('',#4191,#4208,#83,.T.);
#4730=EDGE_CURVE('',#4207,#4208,#88,.T.);
#4732=EDGE_CURVE('',#4207,#3795,#92,.T.);
#4734=EDGE_CURVE('',#3795,#3808,#96,.T.);
#4736=EDGE_CURVE('',#3807,#3808,#2888,.T.);
#4738=EDGE_CURVE('',#3862,#3807,#100,.T.);
#4740=EDGE_CURVE('',#3834,#3862,#2865,.T.);
#4742=EDGE_CURVE('',#3834,#3827,#104,.T.);
#4744=EDGE_CURVE('',#3827,#3828,#108,.T.);
#4746=EDGE_CURVE('',#3836,#3828,#112,.T.);
#4748=EDGE_CURVE('',#3864,#3836,#404,.T.);
#4750=EDGE_CURVE('',#3824,#3864,#116,.T.);
#4752=EDGE_CURVE('',#3823,#3824,#386,.T.);
#4754=EDGE_CURVE('',#3799,#3823,#120,.T.);
#4756=EDGE_CURVE('',#3799,#4088,#124,.T.);
#4758=EDGE_CURVE('',#4087,#4088,#129,.T.);
#4760=EDGE_CURVE('',#4087,#4068,#133,.T.);
#4762=EDGE_CURVE('',#4074,#4068,#3257,.T.);
#4764=EDGE_CURVE('',#4074,#3984,#137,.T.);
#4766=EDGE_CURVE('',#3983,#3984,#141,.T.);
#4768=EDGE_CURVE('',#3983,#4076,#145,.T.);
#4770=EDGE_CURVE('',#4071,#4076,#3298,.T.);
#4772=EDGE_CURVE('',#4071,#4096,#149,.T.);
#4774=EDGE_CURVE('',#4095,#4096,#154,.T.);
#4776=EDGE_CURVE('',#4095,#3879,#158,.T.);
#4778=EDGE_CURVE('',#3879,#3903,#162,.T.);
#4780=EDGE_CURVE('',#3899,#3903,#2819,.T.);
#4782=EDGE_CURVE('',#3899,#3895,#166,.T.);
#4784=EDGE_CURVE('',#4708,#3895,#2801,.T.);
#4786=EDGE_CURVE('',#4708,#3872,#170,.T.);
#4788=EDGE_CURVE('',#3868,#3872,#174,.T.);
#4790=EDGE_CURVE('',#4706,#3868,#178,.T.);
#4792=EDGE_CURVE('',#3891,#4706,#2838,.T.);
#4794=EDGE_CURVE('',#3891,#3887,#182,.T.);
#4796=EDGE_CURVE('',#3883,#3887,#2851,.T.);
#4798=EDGE_CURVE('',#3875,#3883,#186,.T.);
#4800=EDGE_CURVE('',#3875,#4200,#190,.T.);
#4804=EDGE_CURVE('',#3787,#3788,#53,.T.);
#4806=EDGE_CURVE('',#3788,#3787,#58,.T.);
#4824=EDGE_CURVE('',#3787,#3791,#194,.T.);
#4826=EDGE_CURVE('',#3791,#3792,#203,.T.);
#4828=EDGE_CURVE('',#3788,#3792,#198,.T.);
#4847=EDGE_CURVE('',#3792,#3791,#208,.T.);
#4865=EDGE_CURVE('',#4202,#4204,#213,.T.);
#4867=EDGE_CURVE('',#3876,#4202,#217,.T.);
#4869=EDGE_CURVE('',#3876,#3884,#221,.T.);
#4871=EDGE_CURVE('',#3888,#3884,#2856,.T.);
#4873=EDGE_CURVE('',#3892,#3888,#225,.T.);
#4875=EDGE_CURVE('',#3906,#3892,#2833,.T.);
#4877=EDGE_CURVE('',#3906,#3914,#229,.T.);
#4879=EDGE_CURVE('',#3914,#3912,#233,.T.);
#4881=EDGE_CURVE('',#3912,#3908,#237,.T.);
#4883=EDGE_CURVE('',#3896,#3908,#2806,.T.);
#4885=EDGE_CURVE('',#3900,#3896,#241,.T.);
#4887=EDGE_CURVE('',#3904,#3900,#2824,.T.);
#4889=EDGE_CURVE('',#3880,#3904,#245,.T.);
#4891=EDGE_CURVE('',#4100,#3880,#249,.T.);
#4893=EDGE_CURVE('',#4098,#4100,#254,.T.);
#4895=EDGE_CURVE('',#4072,#4098,#258,.T.);
#4897=EDGE_CURVE('',#4079,#4072,#3293,.T.);
#4899=EDGE_CURVE('',#4084,#4079,#262,.T.);
#4901=EDGE_CURVE('',#4067,#4084,#3262,.T.);
#4903=EDGE_CURVE('',#4092,#4067,#266,.T.);
#4905=EDGE_CURVE('',#4090,#4092,#271,.T.);
#4907=EDGE_CURVE('',#3800,#4090,#275,.T.);
#4909=EDGE_CURVE('',#3800,#3820,#279,.T.);
#4911=EDGE_CURVE('',#3819,#3820,#381,.T.);
#4913=EDGE_CURVE('',#3819,#3816,#283,.T.);
#4915=EDGE_CURVE('',#3815,#3816,#399,.T.);
#4917=EDGE_CURVE('',#3815,#3842,#287,.T.);
#4919=EDGE_CURVE('',#3842,#3840,#291,.T.);
#4921=EDGE_CURVE('',#3840,#3812,#295,.T.);
#4923=EDGE_CURVE('',#3811,#3812,#2870,.T.);
#4925=EDGE_CURVE('',#3811,#3804,#299,.T.);
#4927=EDGE_CURVE('',#3803,#3804,#2883,.T.);
#4929=EDGE_CURVE('',#3796,#3803,#303,.T.);
#4931=EDGE_CURVE('',#4212,#3796,#307,.T.);
#4933=EDGE_CURVE('',#4210,#4212,#312,.T.);
#4935=EDGE_CURVE('',#4192,#4210,#316,.T.);
#4937=EDGE_CURVE('',#4215,#4192,#2949,.T.);
#4939=EDGE_CURVE('',#4220,#4215,#320,.T.);
#4941=EDGE_CURVE('',#4187,#4220,#2918,.T.);
#4943=EDGE_CURVE('',#4204,#4187,#324,.T.);
#4965=EDGE_CURVE('',#4202,#4200,#336,.T.);
#4968=EDGE_CURVE('',#4204,#4199,#2896,.T.);
#4985=EDGE_CURVE('',#4100,#4095,#328,.T.);
#4988=EDGE_CURVE('',#3879,#3880,#332,.T.);
#5008=EDGE_CURVE('',#3875,#3876,#340,.T.);
#5027=EDGE_CURVE('',#4098,#4096,#352,.T.);
#5046=EDGE_CURVE('',#4092,#4087,#344,.T.);
#5049=EDGE_CURVE('',#4067,#4068,#348,.T.);
#5069=EDGE_CURVE('',#4071,#4072,#356,.T.);
#5088=EDGE_CURVE('',#4090,#4088,#360,.T.);
#5109=EDGE_CURVE('',#3799,#3800,#364,.T.);
#5127=EDGE_CURVE('',#4212,#4207,#368,.T.);
#5130=EDGE_CURVE('',#3795,#3796,#372,.T.);
#5148=EDGE_CURVE('',#3820,#3823,#376,.T.);
#5171=EDGE_CURVE('',#3819,#3824,#394,.T.);
#5188=EDGE_CURVE('',#3816,#3864,#390,.T.);
#5208=EDGE_CURVE('',#3815,#3836,#413,.T.);
#5228=EDGE_CURVE('',#3842,#3844,#409,.T.);
#5233=EDGE_CURVE('',#3832,#3828,#417,.T.);
#5235=EDGE_CURVE('',#4700,#3832,#576,.T.);
#5237=EDGE_CURVE('',#4700,#3852,#489,.T.);
#5239=EDGE_CURVE('',#3850,#3852,#421,.T.);
#5241=EDGE_CURVE('',#3844,#3850,#425,.T.);
#5258=EDGE_CURVE('',#3839,#3840,#430,.T.);
#5262=EDGE_CURVE('',#3844,#3839,#450,.T.);
#5280=EDGE_CURVE('',#3839,#3855,#434,.T.);
#5282=EDGE_CURVE('',#3860,#3855,#438,.T.);
#5284=EDGE_CURVE('',#4698,#3860,#481,.T.);
#5286=EDGE_CURVE('',#4698,#3830,#584,.T.);
#5288=EDGE_CURVE('',#3830,#3827,#442,.T.);
#5291=EDGE_CURVE('',#3812,#3834,#446,.T.);
#5311=EDGE_CURVE('',#3847,#3850,#455,.T.);
#5313=EDGE_CURVE('',#3856,#3847,#477,.T.);
#5315=EDGE_CURVE('',#3855,#3856,#460,.T.);
#5333=EDGE_CURVE('',#3847,#3848,#469,.T.);
#5337=EDGE_CURVE('',#3852,#3848,#465,.T.);
#5355=EDGE_CURVE('',#3858,#3848,#485,.T.);
#5357=EDGE_CURVE('',#3858,#3856,#473,.T.);
#5376=EDGE_CURVE('',#3858,#3860,#506,.T.);
#5381=EDGE_CURVE('',#4700,#3620,#572,.T.);
#5383=EDGE_CURVE('',#3612,#3620,#493,.T.);
#5385=EDGE_CURVE('',#3611,#3612,#497,.T.);
#5387=EDGE_CURVE('',#3616,#3611,#501,.T.);
#5389=EDGE_CURVE('',#3616,#4698,#588,.T.);
#5425=EDGE_CURVE('',#4702,#3867,#520,.T.);
#5427=EDGE_CURVE('',#3867,#3871,#524,.T.);
#5429=EDGE_CURVE('',#4704,#3871,#528,.T.);
#5431=EDGE_CURVE('',#4704,#3636,#532,.T.);
#5433=EDGE_CURVE('',#3644,#3636,#536,.T.);
#5435=EDGE_CURVE('',#3646,#3644,#540,.T.);
#5437=EDGE_CURVE('',#3712,#3646,#544,.T.);
#5439=EDGE_CURVE('',#3712,#3708,#548,.T.);
#5441=EDGE_CURVE('',#3707,#3708,#552,.T.);
#5443=EDGE_CURVE('',#3710,#3707,#556,.T.);
#5445=EDGE_CURVE('',#3628,#3710,#560,.T.);
#5447=EDGE_CURVE('',#3619,#3628,#564,.T.);
#5449=EDGE_CURVE('',#3619,#3620,#568,.T.);
#5453=EDGE_CURVE('',#3830,#3832,#580,.T.);
#5457=EDGE_CURVE('',#3615,#3616,#592,.T.);
#5459=EDGE_CURVE('',#3626,#3615,#596,.T.);
#5461=EDGE_CURVE('',#3742,#3626,#600,.T.);
#5463=EDGE_CURVE('',#3742,#3731,#604,.T.);
#5465=EDGE_CURVE('',#3731,#3740,#608,.T.);
#5467=EDGE_CURVE('',#3744,#3740,#612,.T.);
#5469=EDGE_CURVE('',#3648,#3744,#616,.T.);
#5471=EDGE_CURVE('',#3642,#3648,#620,.T.);
#5473=EDGE_CURVE('',#3642,#3634,#624,.T.);
#5475=EDGE_CURVE('',#3634,#4702,#628,.T.);
#5479=EDGE_CURVE('',#3599,#3600,#511,.T.);
#5481=EDGE_CURVE('',#3600,#3599,#516,.T.);
#5498=EDGE_CURVE('',#3607,#3608,#633,.T.);
#5500=EDGE_CURVE('',#3600,#3608,#666,.T.);
#5503=EDGE_CURVE('',#3599,#3607,#637,.T.);
#5520=EDGE_CURVE('',#3603,#3604,#647,.T.);
#5522=EDGE_CURVE('',#3604,#3608,#657,.T.);
#5525=EDGE_CURVE('',#3603,#3607,#642,.T.);
#5543=EDGE_CURVE('',#3604,#3603,#652,.T.);
#5562=EDGE_CURVE('',#3608,#3607,#662,.T.);
#5599=EDGE_CURVE('',#3914,#3916,#671,.T.);
#5602=EDGE_CURVE('',#4706,#3906,#675,.T.);
#5605=EDGE_CURVE('',#3867,#3868,#679,.T.);
#5608=EDGE_CURVE('',#4702,#3932,#752,.T.);
#5610=EDGE_CURVE('',#3930,#3932,#683,.T.);
#5612=EDGE_CURVE('',#3916,#3930,#687,.T.);
#5629=EDGE_CURVE('',#3911,#3912,#692,.T.);
#5633=EDGE_CURVE('',#3916,#3911,#712,.T.);
#5651=EDGE_CURVE('',#3911,#3919,#696,.T.);
#5653=EDGE_CURVE('',#3924,#3919,#700,.T.);
#5655=EDGE_CURVE('',#4704,#3924,#768,.T.);
#5658=EDGE_CURVE('',#3871,#3872,#704,.T.);
#5661=EDGE_CURVE('',#4708,#3908,#708,.T.);
#5681=EDGE_CURVE('',#3927,#3930,#717,.T.);
#5683=EDGE_CURVE('',#3927,#3920,#735,.T.);
#5685=EDGE_CURVE('',#3919,#3920,#722,.T.);
#5703=EDGE_CURVE('',#3927,#3928,#739,.T.);
#5707=EDGE_CURVE('',#3932,#3928,#727,.T.);
#5724=EDGE_CURVE('',#3922,#3920,#731,.T.);
#5728=EDGE_CURVE('',#3928,#3922,#748,.T.);
#5747=EDGE_CURVE('',#3922,#3924,#744,.T.);
#5769=EDGE_CURVE('',#3634,#3631,#756,.T.);
#5771=EDGE_CURVE('',#3631,#3632,#760,.T.);
#5773=EDGE_CURVE('',#3632,#3636,#764,.T.);
#5795=EDGE_CURVE('',#3642,#3638,#800,.T.);
#5797=EDGE_CURVE('',#3638,#3631,#2796,.T.);
#5814=EDGE_CURVE('',#3778,#3780,#772,.T.);
#5816=EDGE_CURVE('',#3784,#3778,#776,.T.);
#5818=EDGE_CURVE('',#3686,#3784,#964,.T.);
#5820=EDGE_CURVE('',#3686,#3694,#780,.T.);
#5822=EDGE_CURVE('',#3693,#3694,#784,.T.);
#5824=EDGE_CURVE('',#3646,#3693,#788,.T.);
#5827=EDGE_CURVE('',#3644,#3640,#792,.T.);
#5829=EDGE_CURVE('',#3638,#3640,#796,.T.);
#5833=EDGE_CURVE('',#3698,#3648,#804,.T.);
#5835=EDGE_CURVE('',#3697,#3698,#808,.T.);
#5837=EDGE_CURVE('',#3675,#3697,#812,.T.);
#5839=EDGE_CURVE('',#3782,#3675,#996,.T.);
#5841=EDGE_CURVE('',#3782,#3780,#816,.T.);
#5858=EDGE_CURVE('',#3778,#3771,#820,.T.);
#5861=EDGE_CURVE('',#3780,#3772,#2028,.T.);
#5863=EDGE_CURVE('',#3771,#3772,#840,.T.);
#5880=EDGE_CURVE('',#3776,#3771,#836,.T.);
#5882=EDGE_CURVE('',#3784,#3776,#968,.T.);
#5901=EDGE_CURVE('',#3955,#3956,#824,.T.);
#5903=EDGE_CURVE('',#3956,#3960,#828,.T.);
#5905=EDGE_CURVE('',#3959,#3960,#832,.T.);
#5907=EDGE_CURVE('',#3776,#3959,#972,.T.);
#5911=EDGE_CURVE('',#3772,#3774,#844,.T.);
#5913=EDGE_CURVE('',#3955,#3774,#988,.T.);
#5930=EDGE_CURVE('',#3947,#3948,#880,.T.);
#5932=EDGE_CURVE('',#3948,#3935,#848,.T.);
#5934=EDGE_CURVE('',#3935,#3936,#852,.T.);
#5936=EDGE_CURVE('',#3936,#3938,#856,.T.);
#5938=EDGE_CURVE('',#3938,#3974,#860,.T.);
#5940=EDGE_CURVE('',#3947,#3974,#1042,.T.);
#5958=EDGE_CURVE('',#3978,#3955,#984,.T.);
#5960=EDGE_CURVE('',#3978,#3963,#864,.T.);
#5962=EDGE_CURVE('',#3963,#3964,#868,.T.);
#5964=EDGE_CURVE('',#3964,#3966,#872,.T.);
#5966=EDGE_CURVE('',#3966,#3956,#876,.T.);
#5984=EDGE_CURVE('',#3947,#3760,#1038,.T.);
#5986=EDGE_CURVE('',#3756,#3760,#884,.T.);
#5988=EDGE_CURVE('',#3755,#3756,#888,.T.);
#5990=EDGE_CURVE('',#3764,#3755,#892,.T.);
#5992=EDGE_CURVE('',#3764,#3951,#922,.T.);
#5994=EDGE_CURVE('',#3951,#3952,#896,.T.);
#5996=EDGE_CURVE('',#3948,#3952,#900,.T.);
#6014=EDGE_CURVE('',#3763,#3764,#926,.T.);
#6016=EDGE_CURVE('',#3763,#3667,#930,.T.);
#6018=EDGE_CURVE('',#3667,#3668,#934,.T.);
#6020=EDGE_CURVE('',#3670,#3668,#939,.T.);
#6022=EDGE_CURVE('',#3672,#3670,#943,.T.);
#6024=EDGE_CURVE('',#3672,#3681,#947,.T.);
#6026=EDGE_CURVE('',#3681,#3682,#951,.T.);
#6028=EDGE_CURVE('',#3684,#3682,#956,.T.);
#6030=EDGE_CURVE('',#3686,#3684,#960,.T.);
#6035=EDGE_CURVE('',#3980,#3959,#976,.T.);
#6037=EDGE_CURVE('',#3978,#3980,#980,.T.);
#6041=EDGE_CURVE('',#3782,#3774,#992,.T.);
#6044=EDGE_CURVE('',#3675,#3676,#1000,.T.);
#6046=EDGE_CURVE('',#3678,#3676,#1005,.T.);
#6048=EDGE_CURVE('',#3662,#3678,#1009,.T.);
#6050=EDGE_CURVE('',#3662,#3651,#1013,.T.);
#6052=EDGE_CURVE('',#3651,#3652,#1017,.T.);
#6054=EDGE_CURVE('',#3654,#3652,#1022,.T.);
#6056=EDGE_CURVE('',#3656,#3654,#1026,.T.);
#6058=EDGE_CURVE('',#3656,#3759,#1030,.T.);
#6060=EDGE_CURVE('',#3759,#3760,#1034,.T.);
#6064=EDGE_CURVE('',#3974,#3976,#1046,.T.);
#6066=EDGE_CURVE('',#3951,#3976,#1050,.T.);
#6070=EDGE_CURVE('',#4603,#4604,#905,.T.);
#6072=EDGE_CURVE('',#4604,#4606,#909,.T.);
#6074=EDGE_CURVE('',#4606,#4608,#914,.T.);
#6076=EDGE_CURVE('',#4608,#4603,#918,.T.);
#6080=EDGE_CURVE('',#4413,#4414,#1054,.T.);
#6082=EDGE_CURVE('',#4414,#4416,#1058,.T.);
#6084=EDGE_CURVE('',#4416,#4418,#1062,.T.);
#6086=EDGE_CURVE('',#4418,#4420,#1066,.T.);
#6088=EDGE_CURVE('',#4420,#4422,#1070,.T.);
#6090=EDGE_CURVE('',#4422,#4413,#1074,.T.);
#6094=EDGE_CURVE('',#4425,#4426,#1078,.T.);
#6096=EDGE_CURVE('',#4426,#4428,#1082,.T.);
#6098=EDGE_CURVE('',#4428,#4430,#1086,.T.);
#6100=EDGE_CURVE('',#4430,#4432,#1090,.T.);
#6102=EDGE_CURVE('',#4432,#4434,#1094,.T.);
#6104=EDGE_CURVE('',#4434,#4436,#1098,.T.);
#6106=EDGE_CURVE('',#4436,#4438,#1102,.T.);
#6108=EDGE_CURVE('',#4438,#4440,#1106,.T.);
#6110=EDGE_CURVE('',#4440,#4442,#1110,.T.);
#6112=EDGE_CURVE('',#4442,#4444,#1114,.T.);
#6114=EDGE_CURVE('',#4444,#4446,#1118,.T.);
#6116=EDGE_CURVE('',#4446,#4448,#1122,.T.);
#6118=EDGE_CURVE('',#4448,#4450,#1126,.T.);
#6120=EDGE_CURVE('',#4450,#4452,#1130,.T.);
#6122=EDGE_CURVE('',#4452,#4454,#1134,.T.);
#6124=EDGE_CURVE('',#4454,#4456,#1138,.T.);
#6126=EDGE_CURVE('',#4456,#4458,#1142,.T.);
#6128=EDGE_CURVE('',#4458,#4460,#1146,.T.);
#6130=EDGE_CURVE('',#4460,#4462,#1150,.T.);
#6132=EDGE_CURVE('',#4462,#4464,#1154,.T.);
#6134=EDGE_CURVE('',#4464,#4466,#1158,.T.);
#6136=EDGE_CURVE('',#4466,#4468,#1162,.T.);
#6138=EDGE_CURVE('',#4468,#4470,#1166,.T.);
#6140=EDGE_CURVE('',#4470,#4472,#1170,.T.);
#6142=EDGE_CURVE('',#4472,#4474,#1174,.T.);
#6144=EDGE_CURVE('',#4474,#4476,#1178,.T.);
#6146=EDGE_CURVE('',#4476,#4478,#1182,.T.);
#6148=EDGE_CURVE('',#4478,#4480,#1186,.T.);
#6150=EDGE_CURVE('',#4480,#4482,#1190,.T.);
#6152=EDGE_CURVE('',#4482,#4484,#1194,.T.);
#6154=EDGE_CURVE('',#4484,#4486,#1198,.T.);
#6156=EDGE_CURVE('',#4486,#4488,#1202,.T.);
#6158=EDGE_CURVE('',#4488,#4490,#1206,.T.);
#6160=EDGE_CURVE('',#4490,#4492,#1210,.T.);
#6162=EDGE_CURVE('',#4492,#4494,#1214,.T.);
#6164=EDGE_CURVE('',#4494,#4496,#1218,.T.);
#6166=EDGE_CURVE('',#4496,#4498,#1222,.T.);
#6168=EDGE_CURVE('',#4498,#4500,#1226,.T.);
#6170=EDGE_CURVE('',#4500,#4502,#1230,.T.);
#6172=EDGE_CURVE('',#4502,#4425,#1234,.T.);
#6176=EDGE_CURVE('',#4505,#4506,#1238,.T.);
#6178=EDGE_CURVE('',#4506,#4508,#1242,.T.);
#6180=EDGE_CURVE('',#4508,#4510,#1246,.T.);
#6182=EDGE_CURVE('',#4510,#4512,#1250,.T.);
#6184=EDGE_CURVE('',#4512,#4514,#1254,.T.);
#6186=EDGE_CURVE('',#4514,#4516,#1258,.T.);
#6188=EDGE_CURVE('',#4516,#4518,#1262,.T.);
#6190=EDGE_CURVE('',#4518,#4520,#1266,.T.);
#6192=EDGE_CURVE('',#4520,#4522,#1270,.T.);
#6194=EDGE_CURVE('',#4522,#4524,#1274,.T.);
#6196=EDGE_CURVE('',#4524,#4526,#1278,.T.);
#6198=EDGE_CURVE('',#4526,#4505,#1282,.T.);
#6202=EDGE_CURVE('',#4529,#4530,#1286,.T.);
#6204=EDGE_CURVE('',#4530,#4532,#1290,.T.);
#6206=EDGE_CURVE('',#4532,#4534,#1294,.T.);
#6208=EDGE_CURVE('',#4534,#4536,#1298,.T.);
#6210=EDGE_CURVE('',#4536,#4538,#1302,.T.);
#6212=EDGE_CURVE('',#4538,#4540,#1306,.T.);
#6214=EDGE_CURVE('',#4540,#4542,#1310,.T.);
#6216=EDGE_CURVE('',#4542,#4544,#1314,.T.);
#6218=EDGE_CURVE('',#4544,#4546,#1318,.T.);
#6220=EDGE_CURVE('',#4546,#4548,#1322,.T.);
#6222=EDGE_CURVE('',#4548,#4550,#1326,.T.);
#6224=EDGE_CURVE('',#4550,#4552,#1330,.T.);
#6226=EDGE_CURVE('',#4552,#4554,#1334,.T.);
#6228=EDGE_CURVE('',#4554,#4529,#1338,.T.);
#6232=EDGE_CURVE('',#4581,#4582,#1390,.T.);
#6234=EDGE_CURVE('',#4582,#4584,#1394,.T.);
#6236=EDGE_CURVE('',#4584,#4586,#1398,.T.);
#6238=EDGE_CURVE('',#4586,#4588,#1402,.T.);
#6240=EDGE_CURVE('',#4588,#4590,#1406,.T.);
#6242=EDGE_CURVE('',#4590,#4592,#1410,.T.);
#6244=EDGE_CURVE('',#4592,#4594,#1414,.T.);
#6246=EDGE_CURVE('',#4594,#4581,#1418,.T.);
#6263=EDGE_CURVE('',#4557,#4558,#1342,.T.);
#6265=EDGE_CURVE('',#4558,#4560,#1346,.T.);
#6267=EDGE_CURVE('',#4560,#4562,#1350,.T.);
#6269=EDGE_CURVE('',#4562,#4564,#1354,.T.);
#6271=EDGE_CURVE('',#4564,#4566,#1358,.T.);
#6273=EDGE_CURVE('',#4566,#4568,#1362,.T.);
#6275=EDGE_CURVE('',#4568,#4570,#1366,.T.);
#6277=EDGE_CURVE('',#4570,#4572,#1370,.T.);
#6279=EDGE_CURVE('',#4572,#4574,#1374,.T.);
#6281=EDGE_CURVE('',#4574,#4576,#1378,.T.);
#6283=EDGE_CURVE('',#4576,#4578,#1382,.T.);
#6285=EDGE_CURVE('',#4578,#4557,#1386,.T.);
#6302=EDGE_CURVE('',#4597,#4598,#1422,.T.);
#6304=EDGE_CURVE('',#4598,#4600,#1426,.T.);
#6306=EDGE_CURVE('',#4600,#4597,#1430,.T.);
#6323=EDGE_CURVE('',#4603,#4652,#1434,.T.);
#6325=EDGE_CURVE('',#4652,#4654,#1668,.T.);
#6327=EDGE_CURVE('',#4693,#4654,#1708,.T.);
#6329=EDGE_CURVE('',#4693,#4690,#1487,.T.);
#6331=EDGE_CURVE('',#4690,#4646,#1438,.T.);
#6333=EDGE_CURVE('',#4646,#4648,#1647,.T.);
#6335=EDGE_CURVE('',#4648,#4604,#1442,.T.);
#6353=EDGE_CURVE('',#4640,#4608,#1458,.T.);
#6355=EDGE_CURVE('',#4640,#4635,#1625,.T.);
#6357=EDGE_CURVE('',#4681,#4635,#1688,.T.);
#6359=EDGE_CURVE('',#4681,#4668,#1515,.T.);
#6361=EDGE_CURVE('',#4668,#4620,#1446,.T.);
#6363=EDGE_CURVE('',#4620,#4622,#1600,.T.);
#6365=EDGE_CURVE('',#4671,#4622,#1684,.T.);
#6367=EDGE_CURVE('',#4671,#4696,#1499,.T.);
#6369=EDGE_CURVE('',#4696,#4651,#1450,.T.);
#6371=EDGE_CURVE('',#4651,#4652,#1655,.T.);
#6390=EDGE_CURVE('',#4675,#4684,#1528,.T.);
#6392=EDGE_CURVE('',#4684,#4638,#1454,.T.);
#6394=EDGE_CURVE('',#4638,#4640,#1630,.T.);
#6398=EDGE_CURVE('',#4606,#4628,#1462,.T.);
#6400=EDGE_CURVE('',#4628,#4630,#1617,.T.);
#6402=EDGE_CURVE('',#4675,#4630,#1568,.T.);
#6419=EDGE_CURVE('',#4659,#4660,#1466,.T.);
#6421=EDGE_CURVE('',#4660,#4662,#1470,.T.);
#6423=EDGE_CURVE('',#4687,#4662,#1474,.T.);
#6425=EDGE_CURVE('',#4687,#4688,#1478,.T.);
#6427=EDGE_CURVE('',#4688,#4690,#1482,.T.);
#6430=EDGE_CURVE('',#4693,#4694,#1491,.T.);
#6432=EDGE_CURVE('',#4694,#4696,#1495,.T.);
#6435=EDGE_CURVE('',#4671,#4672,#1503,.T.);
#6437=EDGE_CURVE('',#4672,#4667,#1507,.T.);
#6439=EDGE_CURVE('',#4667,#4668,#1511,.T.);
#6442=EDGE_CURVE('',#4681,#4682,#1519,.T.);
#6444=EDGE_CURVE('',#4682,#4684,#1523,.T.);
#6447=EDGE_CURVE('',#4675,#4676,#1532,.T.);
#6449=EDGE_CURVE('',#4676,#4678,#1536,.T.);
#6451=EDGE_CURVE('',#4664,#4678,#1540,.T.);
#6453=EDGE_CURVE('',#4664,#4659,#1544,.T.);
#6471=EDGE_CURVE('',#4659,#4611,#1548,.T.);
#6473=EDGE_CURVE('',#4611,#4612,#1572,.T.);
#6475=EDGE_CURVE('',#4660,#4612,#1672,.T.);
#6493=EDGE_CURVE('',#4664,#4616,#1552,.T.);
#6495=EDGE_CURVE('',#4616,#4611,#1576,.T.);
#6514=EDGE_CURVE('',#4678,#4627,#1556,.T.);
#6516=EDGE_CURVE('',#4627,#4628,#1604,.T.);
#6521=EDGE_CURVE('',#4648,#4643,#1642,.T.);
#6523=EDGE_CURVE('',#4687,#4643,#1696,.T.);
#6526=EDGE_CURVE('',#4662,#4614,#1560,.T.);
#6528=EDGE_CURVE('',#4614,#4616,#1580,.T.);
#6547=EDGE_CURVE('',#4676,#4632,#1564,.T.);
#6549=EDGE_CURVE('',#4632,#4627,#1608,.T.);
#6569=EDGE_CURVE('',#4630,#4632,#1612,.T.);
#6590=EDGE_CURVE('',#4612,#4614,#1584,.T.);
#6607=EDGE_CURVE('',#4619,#4620,#1588,.T.);
#6609=EDGE_CURVE('',#4624,#4619,#1592,.T.);
#6611=EDGE_CURVE('',#4622,#4624,#1596,.T.);
#6648=EDGE_CURVE('',#4635,#4636,#1621,.T.);
#6652=EDGE_CURVE('',#4636,#4638,#1634,.T.);
#6669=EDGE_CURVE('',#4643,#4644,#1638,.T.);
#6673=EDGE_CURVE('',#4644,#4646,#1651,.T.);
#6691=EDGE_CURVE('',#4656,#4651,#1659,.T.);
#6693=EDGE_CURVE('',#4654,#4656,#1663,.T.);
#6731=EDGE_CURVE('',#4667,#4619,#1676,.T.);
#6751=EDGE_CURVE('',#4672,#4624,#1680,.T.);
#6792=EDGE_CURVE('',#4682,#4636,#1692,.T.);
#6831=EDGE_CURVE('',#4688,#4644,#1700,.T.);
#6868=EDGE_CURVE('',#4694,#4656,#1704,.T.);
#6908=EDGE_CURVE('',#3767,#3755,#1712,.T.);
#6910=EDGE_CURVE('',#3763,#3767,#1760,.T.);
#6927=EDGE_CURVE('',#3767,#3768,#1716,.T.);
#6931=EDGE_CURVE('',#3768,#3756,#1764,.T.);
#6949=EDGE_CURVE('',#3759,#3768,#1720,.T.);
#6952=EDGE_CURVE('',#3656,#3660,#1724,.T.);
#6954=EDGE_CURVE('',#3659,#3660,#1728,.T.);
#6956=EDGE_CURVE('',#3626,#3659,#1732,.T.);
#6959=EDGE_CURVE('',#3615,#3622,#1736,.T.);
#6961=EDGE_CURVE('',#3622,#3624,#1740,.T.);
#6963=EDGE_CURVE('',#3619,#3624,#1744,.T.);
#6966=EDGE_CURVE('',#3690,#3628,#1748,.T.);
#6968=EDGE_CURVE('',#3689,#3690,#1752,.T.);
#6970=EDGE_CURVE('',#3667,#3689,#1756,.T.);
#7009=EDGE_CURVE('',#3654,#3664,#1768,.T.);
#7011=EDGE_CURVE('',#3664,#3660,#1818,.T.);
#7029=EDGE_CURVE('',#3735,#3664,#1823,.T.);
#7033=EDGE_CURVE('',#3652,#3735,#1772,.T.);
#7050=EDGE_CURVE('',#3723,#3724,#1776,.T.);
#7052=EDGE_CURVE('',#3700,#3724,#1781,.T.);
#7054=EDGE_CURVE('',#3689,#3700,#1785,.T.);
#7057=EDGE_CURVE('',#3690,#3718,#1860,.T.);
#7059=EDGE_CURVE('',#3718,#3723,#1789,.T.);
#7076=EDGE_CURVE('',#3727,#3728,#1793,.T.);
#7078=EDGE_CURVE('',#3720,#3728,#1797,.T.);
#7080=EDGE_CURVE('',#3720,#3693,#1868,.T.);
#7083=EDGE_CURVE('',#3704,#3694,#1801,.T.);
#7085=EDGE_CURVE('',#3727,#3704,#1806,.T.);
#7102=EDGE_CURVE('',#3732,#3735,#1810,.T.);
#7104=EDGE_CURVE('',#3750,#3732,#1814,.T.);
#7106=EDGE_CURVE('',#3750,#3659,#1924,.T.);
#7126=EDGE_CURVE('',#3736,#3739,#1827,.T.);
#7128=EDGE_CURVE('',#3702,#3736,#1832,.T.);
#7130=EDGE_CURVE('',#3697,#3702,#1836,.T.);
#7133=EDGE_CURVE('',#3698,#3752,#1932,.T.);
#7135=EDGE_CURVE('',#3752,#3739,#1840,.T.);
#7153=EDGE_CURVE('',#3728,#3708,#1844,.T.);
#7156=EDGE_CURVE('',#3724,#3727,#1848,.T.);
#7159=EDGE_CURVE('',#3707,#3723,#1852,.T.);
#7177=EDGE_CURVE('',#3712,#3720,#1864,.T.);
#7196=EDGE_CURVE('',#3710,#3718,#1856,.T.);
#7254=EDGE_CURVE('',#3715,#3716,#1872,.T.);
#7256=EDGE_CURVE('',#3724,#3715,#1896,.T.);
#7259=EDGE_CURVE('',#3716,#3727,#1884,.T.);
#7277=EDGE_CURVE('',#3681,#3716,#1876,.T.);
#7280=EDGE_CURVE('',#3672,#3715,#1880,.T.);
#7298=EDGE_CURVE('',#3682,#3727,#1888,.T.);
#7318=EDGE_CURVE('',#3684,#3704,#1892,.T.);
#7359=EDGE_CURVE('',#3670,#3724,#1900,.T.);
#7379=EDGE_CURVE('',#3668,#3700,#1904,.T.);
#7415=EDGE_CURVE('',#3731,#3732,#1908,.T.);
#7418=EDGE_CURVE('',#3735,#3736,#1912,.T.);
#7421=EDGE_CURVE('',#3739,#3740,#1916,.T.);
#7441=EDGE_CURVE('',#3742,#3750,#1920,.T.);
#7478=EDGE_CURVE('',#3744,#3752,#1928,.T.);
#7518=EDGE_CURVE('',#3748,#3735,#1936,.T.);
#7520=EDGE_CURVE('',#3747,#3748,#1940,.T.);
#7522=EDGE_CURVE('',#3736,#3747,#1952,.T.);
#7542=EDGE_CURVE('',#3651,#3748,#1944,.T.);
#7562=EDGE_CURVE('',#3662,#3747,#1948,.T.);
#7582=EDGE_CURVE('',#3678,#3736,#1956,.T.);
#7602=EDGE_CURVE('',#3676,#3702,#1960,.T.);
#7640=EDGE_CURVE('',#3622,#3611,#1964,.T.);
#7661=EDGE_CURVE('',#3624,#3612,#1968,.T.);
#7699=EDGE_CURVE('',#3944,#3976,#1972,.T.);
#7701=EDGE_CURVE('',#3942,#3944,#1976,.T.);
#7703=EDGE_CURVE('',#3941,#3942,#1980,.T.);
#7705=EDGE_CURVE('',#3952,#3941,#1984,.T.);
#7723=EDGE_CURVE('',#3972,#3960,#1988,.T.);
#7725=EDGE_CURVE('',#3970,#3972,#1992,.T.);
#7727=EDGE_CURVE('',#3969,#3970,#1996,.T.);
#7729=EDGE_CURVE('',#3980,#3969,#2000,.T.);
#7748=EDGE_CURVE('',#3938,#3944,#2004,.T.);
#7761=EDGE_CURVE('',#3936,#3942,#2008,.T.);
#7781=EDGE_CURVE('',#3935,#3941,#2012,.T.);
#7821=EDGE_CURVE('',#3966,#3972,#2016,.T.);
#7840=EDGE_CURVE('',#3964,#3970,#2020,.T.);
#7860=EDGE_CURVE('',#3963,#3969,#2024,.T.);
#7911=EDGE_CURVE('',#4413,#4223,#2032,.T.);
#7913=EDGE_CURVE('',#4223,#4224,#2056,.T.);
#7915=EDGE_CURVE('',#4414,#4224,#2052,.T.);
#7933=EDGE_CURVE('',#4422,#4232,#2036,.T.);
#7935=EDGE_CURVE('',#4232,#4223,#2060,.T.);
#7954=EDGE_CURVE('',#4420,#4230,#2040,.T.);
#7956=EDGE_CURVE('',#4230,#4232,#2064,.T.);
#7975=EDGE_CURVE('',#4418,#4228,#2044,.T.);
#7977=EDGE_CURVE('',#4228,#4230,#2068,.T.);
#7996=EDGE_CURVE('',#4416,#4226,#2048,.T.);
#7998=EDGE_CURVE('',#4226,#4228,#2072,.T.);
#8018=EDGE_CURVE('',#4224,#4226,#2076,.T.);
#8057=EDGE_CURVE('',#4235,#4236,#2080,.T.);
#8059=EDGE_CURVE('',#4312,#4235,#2084,.T.);
#8061=EDGE_CURVE('',#4310,#4312,#2088,.T.);
#8063=EDGE_CURVE('',#4308,#4310,#2092,.T.);
#8065=EDGE_CURVE('',#4306,#4308,#2096,.T.);
#8067=EDGE_CURVE('',#4304,#4306,#2100,.T.);
#8069=EDGE_CURVE('',#4302,#4304,#2104,.T.);
#8071=EDGE_CURVE('',#4300,#4302,#2108,.T.);
#8073=EDGE_CURVE('',#4298,#4300,#2112,.T.);
#8075=EDGE_CURVE('',#4296,#4298,#2116,.T.);
#8077=EDGE_CURVE('',#4294,#4296,#2120,.T.);
#8079=EDGE_CURVE('',#4292,#4294,#2124,.T.);
#8081=EDGE_CURVE('',#4290,#4292,#2128,.T.);
#8083=EDGE_CURVE('',#4288,#4290,#2132,.T.);
#8085=EDGE_CURVE('',#4286,#4288,#2136,.T.);
#8087=EDGE_CURVE('',#4284,#4286,#2140,.T.);
#8089=EDGE_CURVE('',#4282,#4284,#2144,.T.);
#8091=EDGE_CURVE('',#4280,#4282,#2148,.T.);
#8093=EDGE_CURVE('',#4278,#4280,#2152,.T.);
#8095=EDGE_CURVE('',#4276,#4278,#2156,.T.);
#8097=EDGE_CURVE('',#4274,#4276,#2160,.T.);
#8099=EDGE_CURVE('',#4272,#4274,#2164,.T.);
#8101=EDGE_CURVE('',#4270,#4272,#2168,.T.);
#8103=EDGE_CURVE('',#4268,#4270,#2172,.T.);
#8105=EDGE_CURVE('',#4266,#4268,#2176,.T.);
#8107=EDGE_CURVE('',#4264,#4266,#2180,.T.);
#8109=EDGE_CURVE('',#4262,#4264,#2184,.T.);
#8111=EDGE_CURVE('',#4260,#4262,#2188,.T.);
#8113=EDGE_CURVE('',#4258,#4260,#2192,.T.);
#8115=EDGE_CURVE('',#4256,#4258,#2196,.T.);
#8117=EDGE_CURVE('',#4254,#4256,#2200,.T.);
#8119=EDGE_CURVE('',#4252,#4254,#2204,.T.);
#8121=EDGE_CURVE('',#4250,#4252,#2208,.T.);
#8123=EDGE_CURVE('',#4248,#4250,#2212,.T.);
#8125=EDGE_CURVE('',#4246,#4248,#2216,.T.);
#8127=EDGE_CURVE('',#4244,#4246,#2220,.T.);
#8129=EDGE_CURVE('',#4242,#4244,#2224,.T.);
#8131=EDGE_CURVE('',#4240,#4242,#2228,.T.);
#8133=EDGE_CURVE('',#4238,#4240,#2232,.T.);
#8135=EDGE_CURVE('',#4236,#4238,#2236,.T.);
#8152=EDGE_CURVE('',#4315,#4316,#2240,.T.);
#8154=EDGE_CURVE('',#4336,#4315,#2244,.T.);
#8156=EDGE_CURVE('',#4334,#4336,#2248,.T.);
#8158=EDGE_CURVE('',#4332,#4334,#2252,.T.);
#8160=EDGE_CURVE('',#4330,#4332,#2256,.T.);
#8162=EDGE_CURVE('',#4328,#4330,#2260,.T.);
#8164=EDGE_CURVE('',#4326,#4328,#2264,.T.);
#8166=EDGE_CURVE('',#4324,#4326,#2268,.T.);
#8168=EDGE_CURVE('',#4322,#4324,#2272,.T.);
#8170=EDGE_CURVE('',#4320,#4322,#2276,.T.);
#8172=EDGE_CURVE('',#4318,#4320,#2280,.T.);
#8174=EDGE_CURVE('',#4316,#4318,#2284,.T.);
#8191=EDGE_CURVE('',#4339,#4340,#2288,.T.);
#8193=EDGE_CURVE('',#4364,#4339,#2292,.T.);
#8195=EDGE_CURVE('',#4362,#4364,#2296,.T.);
#8197=EDGE_CURVE('',#4360,#4362,#2300,.T.);
#8199=EDGE_CURVE('',#4358,#4360,#2304,.T.);
#8201=EDGE_CURVE('',#4356,#4358,#2308,.T.);
#8203=EDGE_CURVE('',#4354,#4356,#2312,.T.);
#8205=EDGE_CURVE('',#4352,#4354,#2316,.T.);
#8207=EDGE_CURVE('',#4350,#4352,#2320,.T.);
#8209=EDGE_CURVE('',#4348,#4350,#2324,.T.);
#8211=EDGE_CURVE('',#4346,#4348,#2328,.T.);
#8213=EDGE_CURVE('',#4344,#4346,#2332,.T.);
#8215=EDGE_CURVE('',#4342,#4344,#2336,.T.);
#8217=EDGE_CURVE('',#4340,#4342,#2340,.T.);
#8221=EDGE_CURVE('',#4367,#4368,#2344,.T.);
#8223=EDGE_CURVE('',#4388,#4367,#2348,.T.);
#8225=EDGE_CURVE('',#4386,#4388,#2352,.T.);
#8227=EDGE_CURVE('',#4384,#4386,#2356,.T.);
#8229=EDGE_CURVE('',#4382,#4384,#2360,.T.);
#8231=EDGE_CURVE('',#4380,#4382,#2364,.T.);
#8233=EDGE_CURVE('',#4378,#4380,#2368,.T.);
#8235=EDGE_CURVE('',#4376,#4378,#2372,.T.);
#8237=EDGE_CURVE('',#4374,#4376,#2376,.T.);
#8239=EDGE_CURVE('',#4372,#4374,#2380,.T.);
#8241=EDGE_CURVE('',#4370,#4372,#2384,.T.);
#8243=EDGE_CURVE('',#4368,#4370,#2388,.T.);
#8260=EDGE_CURVE('',#4391,#4392,#2392,.T.);
#8262=EDGE_CURVE('',#4404,#4391,#2396,.T.);
#8264=EDGE_CURVE('',#4402,#4404,#2400,.T.);
#8266=EDGE_CURVE('',#4400,#4402,#2404,.T.);
#8268=EDGE_CURVE('',#4398,#4400,#2408,.T.);
#8270=EDGE_CURVE('',#4396,#4398,#2412,.T.);
#8272=EDGE_CURVE('',#4394,#4396,#2416,.T.);
#8274=EDGE_CURVE('',#4392,#4394,#2420,.T.);
#8278=EDGE_CURVE('',#4407,#4408,#2424,.T.);
#8280=EDGE_CURVE('',#4410,#4407,#2428,.T.);
#8282=EDGE_CURVE('',#4408,#4410,#2432,.T.);
#8300=EDGE_CURVE('',#4425,#4235,#2436,.T.);
#8303=EDGE_CURVE('',#4426,#4236,#2592,.T.);
#8321=EDGE_CURVE('',#4502,#4312,#2440,.T.);
#8341=EDGE_CURVE('',#4500,#4310,#2444,.T.);
#8361=EDGE_CURVE('',#4498,#4308,#2448,.T.);
#8381=EDGE_CURVE('',#4496,#4306,#2452,.T.);
#8401=EDGE_CURVE('',#4494,#4304,#2456,.T.);
#8421=EDGE_CURVE('',#4492,#4302,#2460,.T.);
#8441=EDGE_CURVE('',#4490,#4300,#2464,.T.);
#8461=EDGE_CURVE('',#4488,#4298,#2468,.T.);
#8481=EDGE_CURVE('',#4486,#4296,#2472,.T.);
#8501=EDGE_CURVE('',#4484,#4294,#2476,.T.);
#8521=EDGE_CURVE('',#4482,#4292,#2480,.T.);
#8541=EDGE_CURVE('',#4480,#4290,#2484,.T.);
#8561=EDGE_CURVE('',#4478,#4288,#2488,.T.);
#8581=EDGE_CURVE('',#4476,#4286,#2492,.T.);
#8601=EDGE_CURVE('',#4474,#4284,#2496,.T.);
#8621=EDGE_CURVE('',#4472,#4282,#2500,.T.);
#8641=EDGE_CURVE('',#4470,#4280,#2504,.T.);
#8661=EDGE_CURVE('',#4468,#4278,#2508,.T.);
#8681=EDGE_CURVE('',#4466,#4276,#2512,.T.);
#8701=EDGE_CURVE('',#4464,#4274,#2516,.T.);
#8721=EDGE_CURVE('',#4462,#4272,#2520,.T.);
#8741=EDGE_CURVE('',#4460,#4270,#2524,.T.);
#8761=EDGE_CURVE('',#4458,#4268,#2528,.T.);
#8781=EDGE_CURVE('',#4456,#4266,#2532,.T.);
#8801=EDGE_CURVE('',#4454,#4264,#2536,.T.);
#8821=EDGE_CURVE('',#4452,#4262,#2540,.T.);
#8841=EDGE_CURVE('',#4450,#4260,#2544,.T.);
#8861=EDGE_CURVE('',#4448,#4258,#2548,.T.);
#8881=EDGE_CURVE('',#4446,#4256,#2552,.T.);
#8901=EDGE_CURVE('',#4444,#4254,#2556,.T.);
#8921=EDGE_CURVE('',#4442,#4252,#2560,.T.);
#8941=EDGE_CURVE('',#4440,#4250,#2564,.T.);
#8961=EDGE_CURVE('',#4438,#4248,#2568,.T.);
#8981=EDGE_CURVE('',#4436,#4246,#2572,.T.);
#9001=EDGE_CURVE('',#4434,#4244,#2576,.T.);
#9021=EDGE_CURVE('',#4432,#4242,#2580,.T.);
#9041=EDGE_CURVE('',#4430,#4240,#2584,.T.);
#9061=EDGE_CURVE('',#4428,#4238,#2588,.T.);
#9100=EDGE_CURVE('',#4505,#4315,#2596,.T.);
#9103=EDGE_CURVE('',#4506,#4316,#2640,.T.);
#9121=EDGE_CURVE('',#4526,#4336,#2600,.T.);
#9141=EDGE_CURVE('',#4524,#4334,#2604,.T.);
#9161=EDGE_CURVE('',#4522,#4332,#2608,.T.);
#9181=EDGE_CURVE('',#4520,#4330,#2612,.T.);
#9201=EDGE_CURVE('',#4518,#4328,#2616,.T.);
#9221=EDGE_CURVE('',#4516,#4326,#2620,.T.);
#9241=EDGE_CURVE('',#4514,#4324,#2624,.T.);
#9261=EDGE_CURVE('',#4512,#4322,#2628,.T.);
#9281=EDGE_CURVE('',#4510,#4320,#2632,.T.);
#9301=EDGE_CURVE('',#4508,#4318,#2636,.T.);
#9340=EDGE_CURVE('',#4529,#4339,#2644,.T.);
#9343=EDGE_CURVE('',#4530,#4340,#2696,.T.);
#9361=EDGE_CURVE('',#4554,#4364,#2648,.T.);
#9381=EDGE_CURVE('',#4552,#4362,#2652,.T.);
#9401=EDGE_CURVE('',#4550,#4360,#2656,.T.);
#9421=EDGE_CURVE('',#4548,#4358,#2660,.T.);
#9441=EDGE_CURVE('',#4546,#4356,#2664,.T.);
#9461=EDGE_CURVE('',#4544,#4354,#2668,.T.);
#9481=EDGE_CURVE('',#4542,#4352,#2672,.T.);
#9501=EDGE_CURVE('',#4540,#4350,#2676,.T.);
#9521=EDGE_CURVE('',#4538,#4348,#2680,.T.);
#9541=EDGE_CURVE('',#4536,#4346,#2684,.T.);
#9561=EDGE_CURVE('',#4534,#4344,#2688,.T.);
#9581=EDGE_CURVE('',#4532,#4342,#2692,.T.);
#9620=EDGE_CURVE('',#4557,#4367,#2700,.T.);
#9623=EDGE_CURVE('',#4558,#4368,#2744,.T.);
#9641=EDGE_CURVE('',#4578,#4388,#2704,.T.);
#9661=EDGE_CURVE('',#4576,#4386,#2708,.T.);
#9681=EDGE_CURVE('',#4574,#4384,#2712,.T.);
#9701=EDGE_CURVE('',#4572,#4382,#2716,.T.);
#9721=EDGE_CURVE('',#4570,#4380,#2720,.T.);
#9741=EDGE_CURVE('',#4568,#4378,#2724,.T.);
#9761=EDGE_CURVE('',#4566,#4376,#2728,.T.);
#9781=EDGE_CURVE('',#4564,#4374,#2732,.T.);
#9801=EDGE_CURVE('',#4562,#4372,#2736,.T.);
#9821=EDGE_CURVE('',#4560,#4370,#2740,.T.);
#9860=EDGE_CURVE('',#4581,#4391,#2748,.T.);
#9863=EDGE_CURVE('',#4582,#4392,#2776,.T.);
#9881=EDGE_CURVE('',#4594,#4404,#2752,.T.);
#9901=EDGE_CURVE('',#4592,#4402,#2756,.T.);
#9921=EDGE_CURVE('',#4590,#4400,#2760,.T.);
#9941=EDGE_CURVE('',#4588,#4398,#2764,.T.);
#9961=EDGE_CURVE('',#4586,#4396,#2768,.T.);
#9981=EDGE_CURVE('',#4584,#4394,#2772,.T.);
#10020=EDGE_CURVE('',#4597,#4407,#2780,.T.);
#10023=EDGE_CURVE('',#4598,#4408,#2788,.T.);
#10041=EDGE_CURVE('',#4600,#4410,#2784,.T.);
#10080=EDGE_CURVE('',#3640,#3632,#2792,.T.);
#10139=EDGE_CURVE('',#3895,#3896,#2810,.T.);
#10159=EDGE_CURVE('',#3899,#3900,#2814,.T.);
#10179=EDGE_CURVE('',#3903,#3904,#2828,.T.);
#10218=EDGE_CURVE('',#3891,#3892,#2846,.T.);
#10236=EDGE_CURVE('',#3887,#3888,#2842,.T.);
#10256=EDGE_CURVE('',#3883,#3884,#2860,.T.);
#10316=EDGE_CURVE('',#3811,#3862,#2878,.T.);
#10334=EDGE_CURVE('',#3804,#3807,#2874,.T.);
#10357=EDGE_CURVE('',#3803,#3808,#2892,.T.);
#10394=EDGE_CURVE('',#4210,#4208,#2904,.T.);
#10415=EDGE_CURVE('',#4187,#4188,#2900,.T.);
#10435=EDGE_CURVE('',#4191,#4192,#2908,.T.);
#10453=EDGE_CURVE('',#4220,#4194,#2931,.T.);
#10473=EDGE_CURVE('',#4218,#4220,#2923,.T.);
#10475=EDGE_CURVE('',#4163,#4218,#3006,.T.);
#10477=EDGE_CURVE('',#4163,#4164,#2927,.T.);
#10479=EDGE_CURVE('',#4103,#4164,#2972,.T.);
#10498=EDGE_CURVE('',#4215,#4216,#2936,.T.);
#10500=EDGE_CURVE('',#4218,#4216,#2976,.T.);
#10520=EDGE_CURVE('',#4196,#4215,#2940,.T.);
#10523=EDGE_CURVE('',#4123,#4104,#2968,.T.);
#10525=EDGE_CURVE('',#4123,#4124,#2944,.T.);
#10527=EDGE_CURVE('',#4216,#4124,#2980,.T.);
#10563=EDGE_CURVE('',#4182,#4184,#2959,.T.);
#10565=EDGE_CURVE('',#4175,#4182,#3156,.T.);
#10567=EDGE_CURVE('',#4171,#4175,#3139,.T.);
#10569=EDGE_CURVE('',#4171,#4132,#3134,.T.);
#10571=EDGE_CURVE('',#4136,#4132,#3122,.T.);
#10573=EDGE_CURVE('',#4136,#4140,#3108,.T.);
#10575=EDGE_CURVE('',#4139,#4140,#2964,.T.);
#10577=EDGE_CURVE('',#4120,#4139,#3100,.T.);
#10579=EDGE_CURVE('',#4123,#4120,#3036,.T.);
#10584=EDGE_CURVE('',#4160,#4164,#3192,.T.);
#10586=EDGE_CURVE('',#4160,#4184,#3164,.T.);
#10603=EDGE_CURVE('',#4179,#4180,#3002,.T.);
#10605=EDGE_CURVE('',#4182,#4180,#3148,.T.);
#10608=EDGE_CURVE('',#4184,#4179,#3160,.T.);
#10627=EDGE_CURVE('',#4118,#4124,#3010,.T.);
#10629=EDGE_CURVE('',#4144,#4118,#3076,.T.);
#10631=EDGE_CURVE('',#4142,#4144,#2985,.T.);
#10633=EDGE_CURVE('',#4135,#4142,#2989,.T.);
#10635=EDGE_CURVE('',#4131,#4135,#3117,.T.);
#10637=EDGE_CURVE('',#4172,#4131,#2993,.T.);
#10639=EDGE_CURVE('',#4176,#4172,#3144,.T.);
#10641=EDGE_CURVE('',#4176,#4180,#2997,.T.);
#10644=EDGE_CURVE('',#4179,#4158,#3188,.T.);
#10646=EDGE_CURVE('',#4163,#4158,#3220,.T.);
#10665=EDGE_CURVE('',#4128,#4124,#3032,.T.);
#10667=EDGE_CURVE('',#4128,#4116,#3064,.T.);
#10669=EDGE_CURVE('',#4116,#4114,#3014,.T.);
#10671=EDGE_CURVE('',#4118,#4114,#3081,.T.);
#10689=EDGE_CURVE('',#4123,#4127,#3023,.T.);
#10691=EDGE_CURVE('',#4127,#4128,#3044,.T.);
#10709=EDGE_CURVE('',#4108,#4127,#3049,.T.);
#10713=EDGE_CURVE('',#4110,#4120,#3096,.T.);
#10715=EDGE_CURVE('',#4108,#4110,#3040,.T.);
#10734=EDGE_CURVE('',#4107,#4108,#3054,.T.);
#10736=EDGE_CURVE('',#4116,#4107,#3059,.T.);
#10756=EDGE_CURVE('',#4110,#4112,#3091,.T.);
#10758=EDGE_CURVE('',#4107,#4112,#3068,.T.);
#10775=EDGE_CURVE('',#4144,#4139,#3072,.T.);
#10779=EDGE_CURVE('',#4112,#4114,#3086,.T.);
#10800=EDGE_CURVE('',#4142,#4140,#3104,.T.);
#10821=EDGE_CURVE('',#4135,#4136,#3112,.T.);
#10839=EDGE_CURVE('',#4131,#4132,#3130,.T.);
#10859=EDGE_CURVE('',#4171,#4172,#3126,.T.);
#10881=EDGE_CURVE('',#4175,#4176,#3152,.T.);
#10939=EDGE_CURVE('',#4148,#4160,#3169,.T.);
#10941=EDGE_CURVE('',#4147,#4148,#3174,.T.);
#10943=EDGE_CURVE('',#4156,#4147,#3179,.T.);
#10945=EDGE_CURVE('',#4158,#4156,#3184,.T.);
#10964=EDGE_CURVE('',#4168,#4164,#3216,.T.);
#10966=EDGE_CURVE('',#4150,#4168,#3248,.T.);
#10968=EDGE_CURVE('',#4148,#4150,#3196,.T.);
#10987=EDGE_CURVE('',#4163,#4167,#3206,.T.);
#10989=EDGE_CURVE('',#4167,#4168,#3228,.T.);
#11007=EDGE_CURVE('',#4167,#4154,#3233,.T.);
#11012=EDGE_CURVE('',#4156,#4154,#3224,.T.);
#11031=EDGE_CURVE('',#4152,#4154,#3238,.T.);
#11033=EDGE_CURVE('',#4150,#4152,#3243,.T.);
#11054=EDGE_CURVE('',#4147,#4152,#3252,.T.);
#11090=EDGE_CURVE('',#4084,#4074,#3275,.T.);
#11110=EDGE_CURVE('',#4082,#4084,#3267,.T.);
#11112=EDGE_CURVE('',#4003,#4082,#3406,.T.);
#11114=EDGE_CURVE('',#4003,#4004,#3271,.T.);
#11116=EDGE_CURVE('',#3984,#4004,#3311,.T.);
#11135=EDGE_CURVE('',#4079,#4080,#3280,.T.);
#11137=EDGE_CURVE('',#4082,#4080,#3376,.T.);
#11157=EDGE_CURVE('',#4076,#4079,#3284,.T.);
#11160=EDGE_CURVE('',#4043,#3983,#3307,.T.);
#11162=EDGE_CURVE('',#4043,#4044,#3288,.T.);
#11164=EDGE_CURVE('',#4080,#4044,#3380,.T.);
#11200=EDGE_CURVE('',#4059,#4060,#3303,.T.);
#11202=EDGE_CURVE('',#4040,#4059,#3502,.T.);
#11204=EDGE_CURVE('',#4043,#4040,#3438,.T.);
#11209=EDGE_CURVE('',#4000,#4004,#3538,.T.);
#11211=EDGE_CURVE('',#4000,#4024,#3510,.T.);
#11213=EDGE_CURVE('',#4022,#4024,#3316,.T.);
#11215=EDGE_CURVE('',#4015,#4022,#3372,.T.);
#11217=EDGE_CURVE('',#4011,#4015,#3355,.T.);
#11219=EDGE_CURVE('',#4052,#4011,#3346,.T.);
#11221=EDGE_CURVE('',#4056,#4052,#3338,.T.);
#11223=EDGE_CURVE('',#4056,#4060,#3324,.T.);
#11241=EDGE_CURVE('',#4062,#4060,#3320,.T.);
#11243=EDGE_CURVE('',#4062,#4064,#3385,.T.);
#11245=EDGE_CURVE('',#4064,#4059,#3474,.T.);
#11264=EDGE_CURVE('',#4055,#4056,#3328,.T.);
#11266=EDGE_CURVE('',#4055,#4062,#3389,.T.);
#11283=EDGE_CURVE('',#4051,#4052,#3342,.T.);
#11285=EDGE_CURVE('',#4051,#4055,#3333,.T.);
#11306=EDGE_CURVE('',#4011,#4012,#3350,.T.);
#11308=EDGE_CURVE('',#4051,#4012,#3393,.T.);
#11327=EDGE_CURVE('',#4015,#4016,#3368,.T.);
#11329=EDGE_CURVE('',#4016,#4012,#3360,.T.);
#11346=EDGE_CURVE('',#4022,#4020,#3364,.T.);
#11348=EDGE_CURVE('',#4016,#4020,#3397,.T.);
#11367=EDGE_CURVE('',#4019,#4020,#3402,.T.);
#11371=EDGE_CURVE('',#4024,#4019,#3506,.T.);
#11390=EDGE_CURVE('',#4038,#4044,#3410,.T.);
#11392=EDGE_CURVE('',#4064,#4038,#3478,.T.);
#11401=EDGE_CURVE('',#4019,#3998,#3534,.T.);
#11403=EDGE_CURVE('',#4003,#3998,#3564,.T.);
#11422=EDGE_CURVE('',#4048,#4044,#3434,.T.);
#11424=EDGE_CURVE('',#4048,#4036,#3466,.T.);
#11426=EDGE_CURVE('',#4036,#4034,#3414,.T.);
#11428=EDGE_CURVE('',#4038,#4034,#3483,.T.);
#11446=EDGE_CURVE('',#4043,#4047,#3424,.T.);
#11448=EDGE_CURVE('',#4047,#4048,#3446,.T.);
#11466=EDGE_CURVE('',#4028,#4047,#3451,.T.);
#11470=EDGE_CURVE('',#4030,#4040,#3498,.T.);
#11472=EDGE_CURVE('',#4028,#4030,#3442,.T.);
#11491=EDGE_CURVE('',#4027,#4028,#3456,.T.);
#11493=EDGE_CURVE('',#4036,#4027,#3461,.T.);
#11513=EDGE_CURVE('',#4030,#4032,#3493,.T.);
#11515=EDGE_CURVE('',#4027,#4032,#3470,.T.);
#11535=EDGE_CURVE('',#4032,#4034,#3488,.T.);
#11576=EDGE_CURVE('',#3988,#4000,#3515,.T.);
#11578=EDGE_CURVE('',#3987,#3988,#3520,.T.);
#11580=EDGE_CURVE('',#3996,#3987,#3525,.T.);
#11582=EDGE_CURVE('',#3998,#3996,#3530,.T.);
#11601=EDGE_CURVE('',#4008,#4004,#3560,.T.);
#11603=EDGE_CURVE('',#3990,#4008,#3592,.T.);
#11605=EDGE_CURVE('',#3988,#3990,#3542,.T.);
#11624=EDGE_CURVE('',#4003,#4007,#3551,.T.);
#11626=EDGE_CURVE('',#4007,#4008,#3572,.T.);
#11644=EDGE_CURVE('',#4007,#3994,#3577,.T.);
#11649=EDGE_CURVE('',#3996,#3994,#3568,.T.);
#11668=EDGE_CURVE('',#3992,#3994,#3582,.T.);
#11670=EDGE_CURVE('',#3990,#3992,#3587,.T.);
#11691=EDGE_CURVE('',#3987,#3992,#3596,.T.);
#11724=(LENGTH_UNIT()NAMED_UNIT(*)SI_UNIT(.MILLI.,.METRE.));
#11726=(NAMED_UNIT(*)PLANE_ANGLE_UNIT()SI_UNIT($,.RADIAN.));
#11729=(NAMED_UNIT(*)SI_UNIT($,.STERADIAN.)SOLID_ANGLE_UNIT());
#11732=ADVANCED_BREP_SHAPE_REPRESENTATION('',(#11723),#11731);
#11740=PRODUCT_DEFINITION('design','',#11739,#11736);
#11741=PRODUCT_DEFINITION_SHAPE('','SHAPE FOR 66.',#11740);
#11742=SHAPE_ASPECT('','solid data associated with 66',#11741,.F.);
#11743=PROPERTY_DEFINITION('',
'shape for solid data with which properties are associated',#11742);
#11744=SHAPE_REPRESENTATION('',(#11723),#11731);
#11745=SHAPE_DEFINITION_REPRESENTATION(#11743,#11744);
#11746=(LENGTH_UNIT()NAMED_UNIT(*)SI_UNIT(.MILLI.,.METRE.));
#11750=PROPERTY_DEFINITION('geometric validation property','area of 66',#11742);
#11751=REPRESENTATION('surface area',(#11749),#11731);
#11752=PROPERTY_DEFINITION_REPRESENTATION(#11750,#11751);
#11753=(LENGTH_UNIT()NAMED_UNIT(*)SI_UNIT(.MILLI.,.METRE.));
#11757=PROPERTY_DEFINITION('geometric validation property','volume of 66',
#11742);
#11758=REPRESENTATION('volume',(#11756),#11731);
#11759=PROPERTY_DEFINITION_REPRESENTATION(#11757,#11758);
#11761=PROPERTY_DEFINITION('geometric validation property','centroid of 66',
#11742);
#11762=REPRESENTATION('centroid',(#11760),#11731);
#11763=PROPERTY_DEFINITION_REPRESENTATION(#11761,#11762);
#11764=(LENGTH_UNIT()NAMED_UNIT(*)SI_UNIT(.MILLI.,.METRE.));
#11768=PROPERTY_DEFINITION('geometric validation property','area of 66',#11741);
#11769=REPRESENTATION('surface area',(#11767),#11731);
#11770=PROPERTY_DEFINITION_REPRESENTATION(#11768,#11769);
#11771=(LENGTH_UNIT()NAMED_UNIT(*)SI_UNIT(.MILLI.,.METRE.));
#11775=PROPERTY_DEFINITION('geometric validation property','volume of 66',
#11741);
#11776=REPRESENTATION('volume',(#11774),#11731);
#11777=PROPERTY_DEFINITION_REPRESENTATION(#11775,#11776);
#11779=PROPERTY_DEFINITION('geometric validation property','centroid of 66',
#11741);
#11780=REPRESENTATION('centroid',(#11778),#11731);
#11781=PROPERTY_DEFINITION_REPRESENTATION(#11779,#11780);
#11782=SHAPE_DEFINITION_REPRESENTATION(#11741,#11732);
ENDSEC;
END-ISO-10303-21;
